survey_id,college_id,semester_id,month_no,student_id,attendance_pct,marks_pct,verified_student,learning_env,student_life,academic_quality,outcomes,trust,comment
TS001-SEM1-01,TS001,1,6,TS001-S01,90.38,84.68,True,79.66,98.87,85.35,100.0,81.76,"Strictness is moderate, allowing good learning freedom."
TS001-SEM1-02,TS001,1,6,TS001-S02,90.81,82.87,True,91.87,81.08,82.1,93.6,80.74,Teaching incorporates both fundamentals and modern practical tools.
TS001-SEM1-03,TS001,1,6,TS001-S03,87.17,86.92,True,90.09,85.08,86.64,92.62,85.58,Teaching incorporates both fundamentals and modern practical tools.
TS001-SEM1-04,TS001,1,6,TS001-S04,88.31,74.36,True,88.28,79.79,91.13,100.0,93.63,"Strictness is moderate, allowing good learning freedom."
TS001-SEM1-05,TS001,1,6,TS001-S05,89.14,68.47,True,86.97,76.87,83.68,100.0,91.19,"Campus has trees and nature, very peaceful."
TS001-SEM1-06,TS001,1,6,TS001-S06,73.92,59.44,False,83.99,76.48,74.76,87.74,64.61,Good focus on practical sessions and mentoring.
TS001-SEM1-07,TS001,1,6,TS001-S07,90.54,71.07,True,88.31,98.64,86.28,100.0,93.6,Good focus on practical sessions and mentoring.
TS001-SEM1-08,TS001,1,6,TS001-S08,85.74,78.48,True,99.49,79.94,85.02,96.47,92.01,Good focus on practical sessions and mentoring.
TS001-SEM1-09,TS001,1,6,TS001-S09,79.42,78.15,True,78.51,87.28,79.5,85.98,90.68,"Strictness is moderate, allowing good learning freedom."
TS001-SEM1-10,TS001,1,6,TS001-S10,84.93,80.27,True,76.4,76.31,94.87,90.1,93.05,Teaching incorporates both fundamentals and modern practical tools.
TS001-SEM1-11,TS001,1,6,TS001-S11,77.88,75.8,True,91.37,88.29,82.76,90.08,91.34,"Strictness is moderate, allowing good learning freedom."
TS001-SEM1-12,TS001,1,6,TS001-S12,74.72,79.27,False,89.76,88.0,81.59,88.87,62.31,"Strictness is moderate, allowing good learning freedom."
TS001-SEM1-13,TS001,1,6,TS001-S13,74.07,87.83,False,69.26,71.61,77.17,83.01,65.87,Excellent labs and digital board infrastructure.
TS001-SEM1-14,TS001,1,6,TS001-S14,81.7,66.08,True,83.31,91.38,83.84,95.31,92.98,Teaching incorporates both fundamentals and modern practical tools.
TS002-SEM1-01,TS002,1,6,TS002-S01,78.21,73.22,True,88.64,85.63,86.01,84.59,93.99,Excellent labs and digital board infrastructure.
TS002-SEM1-02,TS002,1,6,TS002-S02,71.28,70.56,False,80.56,82.02,82.95,84.83,79.85,Career guidance is helpful from the beginning.
TS002-SEM1-03,TS002,1,6,TS002-S03,87.55,79.46,True,94.5,86.08,80.28,94.75,94.73,Teaching incorporates both fundamentals and modern practical tools.
TS002-SEM1-04,TS002,1,6,TS002-S04,88.54,65.64,True,92.76,89.03,77.57,94.48,82.74,Teaching incorporates both fundamentals and modern practical tools.
TS002-SEM1-05,TS002,1,6,TS002-S05,76.33,88.52,True,82.71,86.96,87.21,100.0,89.54,Teaching incorporates both fundamentals and modern practical tools.
TS002-SEM1-06,TS002,1,6,TS002-S06,79.14,90.49,True,94.33,77.78,86.14,82.27,86.72,Good focus on practical sessions and mentoring.
TS002-SEM1-07,TS002,1,6,TS002-S07,87.04,74.5,True,85.51,87.83,88.51,98.12,78.87,Good focus on practical sessions and mentoring.
TS002-SEM1-08,TS002,1,6,TS002-S08,77.01,76.59,True,92.42,91.74,85.48,89.06,90.77,Excellent labs and digital board infrastructure.
TS002-SEM1-09,TS002,1,6,TS002-S09,88.89,67.68,True,91.1,100.0,85.5,97.98,98.16,Excellent labs and digital board infrastructure.
TS002-SEM1-10,TS002,1,6,TS002-S10,81.62,72.89,True,88.47,96.43,88.16,93.64,86.37,Teaching incorporates both fundamentals and modern practical tools.
TS002-SEM1-11,TS002,1,6,TS002-S11,76.2,96.43,True,85.35,100.0,88.41,95.69,91.31,Excellent labs and digital board infrastructure.
TS002-SEM1-12,TS002,1,6,TS002-S12,80.09,73.3,True,89.47,91.97,96.25,92.74,80.33,Good focus on practical sessions and mentoring.
TS002-SEM1-13,TS002,1,6,TS002-S13,81.44,100.0,True,85.13,94.33,83.29,84.1,90.26,"Strictness is moderate, allowing good learning freedom."
TS002-SEM1-14,TS002,1,6,TS002-S14,82.55,56.28,True,90.06,86.33,88.97,84.94,95.57,"Strictness is moderate, allowing good learning freedom."
TS003-SEM1-01,TS003,1,6,TS003-S01,96.68,59.05,True,78.76,71.43,88.76,94.4,84.62,"Strictness is moderate, allowing good learning freedom."
TS003-SEM1-02,TS003,1,6,TS003-S02,74.08,52.63,False,69.54,70.87,71.74,74.2,70.98,Excellent labs and digital board infrastructure.
TS003-SEM1-03,TS003,1,6,TS003-S03,83.94,71.84,True,88.99,83.5,86.44,84.61,79.89,Career guidance is helpful from the beginning.
TS003-SEM1-04,TS003,1,6,TS003-S04,73.39,67.44,False,64.66,79.44,76.76,79.46,70.98,Good focus on practical sessions and mentoring.
TS003-SEM1-05,TS003,1,6,TS003-S05,83.25,87.0,True,85.41,95.24,82.58,78.04,82.81,Career guidance is helpful from the beginning.
TS003-SEM1-06,TS003,1,6,TS003-S06,86.22,87.37,True,92.85,67.64,81.72,79.63,83.37,Excellent labs and digital board infrastructure.
TS003-SEM1-07,TS003,1,6,TS003-S07,96.3,74.34,True,85.16,67.38,78.2,85.77,83.86,"Campus has trees and nature, very peaceful."
TS003-SEM1-08,TS003,1,6,TS003-S08,77.03,88.1,True,88.1,79.76,80.8,75.04,82.03,Teaching incorporates both fundamentals and modern practical tools.
TS003-SEM1-09,TS003,1,6,TS003-S09,75.73,68.82,True,75.62,85.16,83.17,90.07,83.66,Good focus on practical sessions and mentoring.
TS003-SEM1-10,TS003,1,6,TS003-S10,83.78,78.13,True,89.47,89.6,83.64,78.33,85.21,"Strictness is moderate, allowing good learning freedom."
TS003-SEM1-11,TS003,1,6,TS003-S11,73.79,66.94,False,67.27,64.41,77.2,80.05,64.46,Career guidance is helpful from the beginning.
TS003-SEM1-12,TS003,1,6,TS003-S12,83.7,64.66,True,80.86,88.22,78.61,85.94,85.77,"Campus has trees and nature, very peaceful."
TS003-SEM1-13,TS003,1,6,TS003-S13,78.1,62.47,True,90.37,85.59,93.19,88.45,85.46,"Campus has trees and nature, very peaceful."
TS003-SEM1-14,TS003,1,6,TS003-S14,80.09,79.7,True,92.0,86.29,83.28,83.99,95.61,Good focus on practical sessions and mentoring.
TS004-SEM1-01,TS004,1,6,TS004-S01,86.28,80.89,False,71.47,79.71,70.74,65.52,68.91,Good focus on practical sessions and mentoring.
TS004-SEM1-02,TS004,1,6,TS004-S02,84.49,66.76,True,83.44,63.48,79.9,75.34,85.2,"Campus has trees and nature, very peaceful."
TS004-SEM1-03,TS004,1,6,TS004-S03,90.5,62.84,True,68.33,77.35,79.02,73.23,91.54,Teaching incorporates both fundamentals and modern practical tools.
TS004-SEM1-04,TS004,1,6,TS004-S04,87.16,75.78,True,90.16,81.04,76.91,65.99,83.79,Teaching incorporates both fundamentals and modern practical tools.
TS004-SEM1-05,TS004,1,6,TS004-S05,86.53,97.77,True,79.41,71.72,83.76,65.7,88.75,Career guidance is helpful from the beginning.
TS004-SEM1-06,TS004,1,6,TS004-S06,86.91,79.36,True,87.39,82.57,77.11,87.39,84.24,Teaching incorporates both fundamentals and modern practical tools.
TS004-SEM1-07,TS004,1,6,TS004-S07,86.65,50.81,True,92.81,81.44,83.79,79.64,82.79,"Campus has trees and nature, very peaceful."
TS004-SEM1-08,TS004,1,6,TS004-S08,85.28,66.91,True,90.76,89.0,77.47,71.89,82.77,"Campus has trees and nature, very peaceful."
TS004-SEM1-09,TS004,1,6,TS004-S09,86.4,65.0,True,88.48,80.49,86.05,74.46,84.93,Excellent labs and digital board infrastructure.
TS004-SEM1-10,TS004,1,6,TS004-S10,76.14,85.17,True,86.1,80.63,75.74,72.63,92.91,"Campus has trees and nature, very peaceful."
TS004-SEM1-11,TS004,1,6,TS004-S11,83.21,64.91,True,83.12,100.0,82.43,74.0,93.1,Teaching incorporates both fundamentals and modern practical tools.
TS004-SEM1-12,TS004,1,6,TS004-S12,70.95,75.94,False,81.97,70.27,65.33,66.91,75.27,"Strictness is moderate, allowing good learning freedom."
TS004-SEM1-13,TS004,1,6,TS004-S13,84.26,66.61,True,80.64,84.09,87.69,82.6,88.28,Career guidance is helpful from the beginning.
TS004-SEM1-14,TS004,1,6,TS004-S14,74.01,61.72,False,73.2,60.44,72.87,71.11,62.31,Excellent labs and digital board infrastructure.
TS005-SEM1-01,TS005,1,6,TS005-S01,82.21,78.01,True,86.2,82.84,90.9,96.31,91.39,Teaching incorporates both fundamentals and modern practical tools.
TS005-SEM1-02,TS005,1,6,TS005-S02,92.31,71.14,True,90.26,100.0,78.04,84.91,91.09,Career guidance is helpful from the beginning.
TS005-SEM1-03,TS005,1,6,TS005-S03,84.38,94.5,True,92.43,93.1,87.52,83.28,96.04,Teaching incorporates both fundamentals and modern practical tools.
TS005-SEM1-04,TS005,1,6,TS005-S04,89.38,81.0,False,74.36,73.17,80.2,82.24,66.76,Excellent labs and digital board infrastructure.
TS005-SEM1-05,TS005,1,6,TS005-S05,75.71,67.48,True,86.84,85.52,86.5,85.29,96.33,"Campus has trees and nature, very peaceful."
TS005-SEM1-06,TS005,1,6,TS005-S06,80.39,70.67,True,75.98,77.48,88.91,78.63,94.59,"Strictness is moderate, allowing good learning freedom."
TS005-SEM1-07,TS005,1,6,TS005-S07,91.07,71.31,True,93.71,80.07,88.34,85.02,86.61,Excellent labs and digital board infrastructure.
TS005-SEM1-08,TS005,1,6,TS005-S08,77.2,78.43,True,85.9,73.63,78.59,91.42,98.22,"Campus has trees and nature, very peaceful."
TS005-SEM1-09,TS005,1,6,TS005-S09,84.36,71.13,False,71.56,70.77,72.21,90.5,58.3,Excellent labs and digital board infrastructure.
TS005-SEM1-10,TS005,1,6,TS005-S10,86.79,70.36,True,97.15,78.09,80.6,88.27,91.07,Good focus on practical sessions and mentoring.
TS005-SEM1-11,TS005,1,6,TS005-S11,79.35,59.26,True,94.69,84.4,86.26,87.48,85.7,"Strictness is moderate, allowing good learning freedom."
TS005-SEM1-12,TS005,1,6,TS005-S12,92.07,73.12,True,93.58,78.02,81.03,89.11,89.0,Teaching incorporates both fundamentals and modern practical tools.
TS005-SEM1-13,TS005,1,6,TS005-S13,83.56,95.92,True,72.73,86.41,84.19,89.31,90.23,Teaching incorporates both fundamentals and modern practical tools.
TS005-SEM1-14,TS005,1,6,TS005-S14,81.83,74.47,True,83.75,76.22,99.12,84.75,89.5,"Strictness is moderate, allowing good learning freedom."
TS006-SEM1-01,TS006,1,6,TS006-S01,77.81,66.48,True,78.18,83.69,68.23,69.5,75.32,Good focus on practical sessions and mentoring.
TS006-SEM1-02,TS006,1,6,TS006-S02,82.63,70.76,True,69.92,76.74,73.64,65.09,90.72,"Campus has trees and nature, very peaceful."
TS006-SEM1-03,TS006,1,6,TS006-S03,73.88,66.75,False,60.85,73.58,67.1,64.34,66.06,Teaching incorporates both fundamentals and modern practical tools.
TS006-SEM1-04,TS006,1,6,TS006-S04,62.23,77.97,False,66.09,78.05,63.62,60.5,57.19,Good focus on practical sessions and mentoring.
TS006-SEM1-05,TS006,1,6,TS006-S05,73.5,62.66,False,62.21,59.69,62.67,65.75,60.67,Teaching incorporates both fundamentals and modern practical tools.
TS006-SEM1-06,TS006,1,6,TS006-S06,67.89,77.47,False,64.51,77.96,66.33,67.51,62.72,Career guidance is helpful from the beginning.
TS006-SEM1-07,TS006,1,6,TS006-S07,61.81,76.28,False,64.19,73.77,65.24,65.05,58.67,"Campus has trees and nature, very peaceful."
TS006-SEM1-08,TS006,1,6,TS006-S08,79.42,65.11,True,87.15,87.05,79.83,64.51,77.52,Career guidance is helpful from the beginning.
TS006-SEM1-09,TS006,1,6,TS006-S09,65.98,69.28,False,66.02,56.68,68.06,57.08,62.73,"Strictness is moderate, allowing good learning freedom."
TS006-SEM1-10,TS006,1,6,TS006-S10,62.07,67.29,False,67.27,83.06,73.24,63.5,67.09,"Campus has trees and nature, very peaceful."
TS006-SEM1-11,TS006,1,6,TS006-S11,63.61,52.38,False,67.0,50.53,68.81,59.92,63.51,Good focus on practical sessions and mentoring.
TS006-SEM1-12,TS006,1,6,TS006-S12,65.53,66.24,False,65.12,79.0,69.03,61.43,61.77,"Campus has trees and nature, very peaceful."
TS006-SEM1-13,TS006,1,6,TS006-S13,63.93,66.06,False,68.54,87.55,65.89,64.43,60.12,"Campus has trees and nature, very peaceful."
TS006-SEM1-14,TS006,1,6,TS006-S14,73.27,65.82,False,64.68,76.49,65.92,71.96,65.69,Good focus on practical sessions and mentoring.
TS007-SEM1-01,TS007,1,6,TS007-S01,75.63,59.38,True,84.63,70.21,74.46,85.29,83.05,"Strictness is moderate, allowing good learning freedom."
TS007-SEM1-02,TS007,1,6,TS007-S02,71.04,59.11,False,52.57,57.75,68.59,71.74,61.37,"Campus has trees and nature, very peaceful."
TS007-SEM1-03,TS007,1,6,TS007-S03,78.24,50.13,True,78.13,70.57,81.16,85.01,80.45,"Strictness is moderate, allowing good learning freedom."
TS007-SEM1-04,TS007,1,6,TS007-S04,82.77,47.01,False,62.95,69.13,62.43,74.37,55.47,"Strictness is moderate, allowing good learning freedom."
TS007-SEM1-05,TS007,1,6,TS007-S05,76.14,72.58,True,65.88,68.47,76.82,79.69,65.53,"Strictness is moderate, allowing good learning freedom."
TS007-SEM1-06,TS007,1,6,TS007-S06,79.46,63.37,True,82.97,70.78,70.56,81.71,87.91,Teaching incorporates both fundamentals and modern practical tools.
TS007-SEM1-07,TS007,1,6,TS007-S07,81.74,65.6,True,81.75,66.14,77.22,75.16,80.59,Excellent labs and digital board infrastructure.
TS007-SEM1-08,TS007,1,6,TS007-S08,70.64,67.01,False,63.71,41.62,67.89,76.42,63.23,"Strictness is moderate, allowing good learning freedom."
TS007-SEM1-09,TS007,1,6,TS007-S09,71.38,78.42,False,64.87,69.7,72.22,74.74,56.51,Good focus on practical sessions and mentoring.
TS007-SEM1-10,TS007,1,6,TS007-S10,57.37,57.23,False,67.57,63.38,71.01,73.46,67.44,Excellent labs and digital board infrastructure.
TS007-SEM1-11,TS007,1,6,TS007-S11,70.23,66.68,False,66.04,78.21,58.47,69.81,65.24,"Strictness is moderate, allowing good learning freedom."
TS007-SEM1-12,TS007,1,6,TS007-S12,81.28,64.4,True,81.54,83.15,72.2,81.54,84.9,Good focus on practical sessions and mentoring.
TS007-SEM1-13,TS007,1,6,TS007-S13,83.34,69.43,True,76.68,80.66,73.42,80.7,73.71,Good focus on practical sessions and mentoring.
TS007-SEM1-14,TS007,1,6,TS007-S14,79.78,50.6,True,77.59,92.13,71.89,75.57,76.25,Career guidance is helpful from the beginning.
TS008-SEM1-01,TS008,1,6,TS008-S01,68.27,52.55,False,56.26,68.33,72.83,78.03,76.6,Career guidance is helpful from the beginning.
TS008-SEM1-02,TS008,1,6,TS008-S02,77.31,75.04,True,91.12,74.9,64.2,86.52,84.79,"Campus has trees and nature, very peaceful."
TS008-SEM1-03,TS008,1,6,TS008-S03,72.91,64.75,False,73.93,74.26,73.99,76.56,58.52,"Strictness is moderate, allowing good learning freedom."
TS008-SEM1-04,TS008,1,6,TS008-S04,81.68,63.01,True,76.27,76.01,73.46,81.5,74.5,"Strictness is moderate, allowing good learning freedom."
TS008-SEM1-05,TS008,1,6,TS008-S05,70.83,56.07,False,72.64,73.54,71.33,77.74,63.39,Excellent labs and digital board infrastructure.
TS008-SEM1-06,TS008,1,6,TS008-S06,74.17,69.16,False,65.44,79.83,70.04,86.95,61.55,Good focus on practical sessions and mentoring.
TS008-SEM1-07,TS008,1,6,TS008-S07,61.12,64.68,False,70.35,75.8,72.11,80.11,59.97,"Strictness is moderate, allowing good learning freedom."
TS008-SEM1-08,TS008,1,6,TS008-S08,75.31,66.26,True,86.66,74.14,74.08,99.02,86.34,"Campus has trees and nature, very peaceful."
TS008-SEM1-09,TS008,1,6,TS008-S09,69.85,64.87,False,66.93,49.24,65.47,81.89,62.22,Teaching incorporates both fundamentals and modern practical tools.
TS008-SEM1-10,TS008,1,6,TS008-S10,73.48,73.29,False,64.07,62.74,71.62,80.24,63.22,Good focus on practical sessions and mentoring.
TS008-SEM1-11,TS008,1,6,TS008-S11,70.25,84.42,False,52.56,68.09,69.98,77.51,68.5,Teaching incorporates both fundamentals and modern practical tools.
TS008-SEM1-12,TS008,1,6,TS008-S12,76.88,61.52,False,65.33,70.36,69.61,81.07,65.26,"Campus has trees and nature, very peaceful."
TS008-SEM1-13,TS008,1,6,TS008-S13,76.52,49.7,False,59.7,57.21,74.33,83.7,66.53,Career guidance is helpful from the beginning.
TS008-SEM1-14,TS008,1,6,TS008-S14,63.42,79.85,False,62.35,72.55,74.27,76.28,61.27,"Campus has trees and nature, very peaceful."
TS009-SEM1-01,TS009,1,6,TS009-S01,71.91,71.74,False,59.23,58.97,75.88,73.38,57.16,Teaching incorporates both fundamentals and modern practical tools.
TS009-SEM1-02,TS009,1,6,TS009-S02,71.61,62.67,False,59.68,69.46,65.8,78.05,48.21,Good focus on practical sessions and mentoring.
TS009-SEM1-03,TS009,1,6,TS009-S03,83.29,60.53,True,67.73,75.83,69.64,92.82,75.07,Excellent labs and digital board infrastructure.
TS009-SEM1-04,TS009,1,6,TS009-S04,76.55,55.5,True,74.53,89.87,63.55,76.11,68.26,"Strictness is moderate, allowing good learning freedom."
TS009-SEM1-05,TS009,1,6,TS009-S05,65.47,53.88,False,52.31,63.73,55.93,70.9,66.0,"Campus has trees and nature, very peaceful."
TS009-SEM1-06,TS009,1,6,TS009-S06,74.42,63.87,False,55.98,57.31,60.3,76.75,64.34,Good focus on practical sessions and mentoring.
TS009-SEM1-07,TS009,1,6,TS009-S07,77.41,68.31,True,76.15,77.03,71.99,96.23,69.19,"Strictness is moderate, allowing good learning freedom."
TS009-SEM1-08,TS009,1,6,TS009-S08,70.59,74.12,False,53.2,64.45,63.35,75.66,52.02,Career guidance is helpful from the beginning.
TS009-SEM1-09,TS009,1,6,TS009-S09,75.57,68.66,True,70.78,80.29,68.5,82.01,88.77,Career guidance is helpful from the beginning.
TS009-SEM1-10,TS009,1,6,TS009-S10,72.57,50.12,False,63.08,58.79,60.0,70.76,57.78,"Strictness is moderate, allowing good learning freedom."
TS009-SEM1-11,TS009,1,6,TS009-S11,77.62,67.78,True,69.41,75.27,74.36,80.23,76.61,Career guidance is helpful from the beginning.
TS009-SEM1-12,TS009,1,6,TS009-S12,74.65,58.51,False,63.36,82.34,65.14,84.08,62.8,Good focus on practical sessions and mentoring.
TS009-SEM1-13,TS009,1,6,TS009-S13,63.2,50.98,False,57.0,62.76,65.55,80.69,66.28,"Campus has trees and nature, very peaceful."
TS009-SEM1-14,TS009,1,6,TS009-S14,73.85,57.54,False,49.51,70.16,66.13,78.1,70.53,Good focus on practical sessions and mentoring.
TS010-SEM1-01,TS010,1,6,TS010-S01,81.85,83.44,True,77.02,77.78,69.89,94.72,94.33,Good focus on practical sessions and mentoring.
TS010-SEM1-02,TS010,1,6,TS010-S02,82.48,53.75,True,76.58,73.09,82.13,89.51,81.56,"Strictness is moderate, allowing good learning freedom."
TS010-SEM1-03,TS010,1,6,TS010-S03,78.1,76.26,True,75.34,75.74,80.7,86.92,76.93,Excellent labs and digital board infrastructure.
TS010-SEM1-04,TS010,1,6,TS010-S04,87.93,47.61,False,65.32,63.44,72.74,84.35,71.63,Excellent labs and digital board infrastructure.
TS010-SEM1-05,TS010,1,6,TS010-S05,77.73,80.87,False,57.73,83.6,64.81,83.5,67.95,"Campus has trees and nature, very peaceful."
TS010-SEM1-06,TS010,1,6,TS010-S06,83.65,70.05,True,72.64,77.87,76.18,83.92,86.14,"Strictness is moderate, allowing good learning freedom."
TS010-SEM1-07,TS010,1,6,TS010-S07,88.46,71.57,True,82.3,71.26,77.71,86.19,80.52,Excellent labs and digital board infrastructure.
TS010-SEM1-08,TS010,1,6,TS010-S08,84.57,77.35,True,72.09,81.8,74.92,89.8,87.9,Career guidance is helpful from the beginning.
TS010-SEM1-09,TS010,1,6,TS010-S09,74.37,60.88,False,78.05,71.21,69.9,75.38,63.45,Excellent labs and digital board infrastructure.
TS010-SEM1-10,TS010,1,6,TS010-S10,74.86,83.83,False,63.34,77.15,70.0,74.72,63.87,Career guidance is helpful from the beginning.
TS010-SEM1-11,TS010,1,6,TS010-S11,66.25,73.79,False,66.98,75.0,62.57,87.96,70.1,"Campus has trees and nature, very peaceful."
TS010-SEM1-12,TS010,1,6,TS010-S12,89.51,74.47,True,73.17,84.1,75.14,78.08,78.38,Good focus on practical sessions and mentoring.
TS010-SEM1-13,TS010,1,6,TS010-S13,82.03,66.76,True,71.15,61.38,85.86,93.41,78.75,Good focus on practical sessions and mentoring.
TS010-SEM1-14,TS010,1,6,TS010-S14,81.98,85.2,True,82.89,87.16,75.35,88.17,83.91,Excellent labs and digital board infrastructure.
TS011-SEM1-01,TS011,1,6,TS011-S01,65.87,53.22,False,69.64,65.14,63.32,69.01,53.92,Career guidance is helpful from the beginning.
TS011-SEM1-02,TS011,1,6,TS011-S02,77.34,58.2,True,77.65,65.3,69.83,75.85,79.98,Teaching incorporates both fundamentals and modern practical tools.
TS011-SEM1-03,TS011,1,6,TS011-S03,81.88,67.85,True,72.8,61.14,74.27,76.82,68.89,Teaching incorporates both fundamentals and modern practical tools.
TS011-SEM1-04,TS011,1,6,TS011-S04,70.03,61.17,False,56.94,68.65,66.4,77.03,59.32,Teaching incorporates both fundamentals and modern practical tools.
TS011-SEM1-05,TS011,1,6,TS011-S05,72.49,52.63,False,60.07,56.9,57.16,65.55,56.38,Good focus on practical sessions and mentoring.
TS011-SEM1-06,TS011,1,6,TS011-S06,74.48,66.61,False,56.51,60.55,63.09,51.57,55.58,"Strictness is moderate, allowing good learning freedom."
TS011-SEM1-07,TS011,1,6,TS011-S07,78.47,45.18,False,60.68,69.48,60.2,68.8,51.48,Good focus on practical sessions and mentoring.
TS011-SEM1-08,TS011,1,6,TS011-S08,81.76,61.17,True,82.13,72.09,66.62,71.91,78.47,"Strictness is moderate, allowing good learning freedom."
TS011-SEM1-09,TS011,1,6,TS011-S09,68.26,40.83,False,59.68,44.96,72.08,69.85,53.47,Career guidance is helpful from the beginning.
TS011-SEM1-10,TS011,1,6,TS011-S10,67.81,43.11,False,53.4,64.93,75.16,73.15,57.54,Excellent labs and digital board infrastructure.
TS011-SEM1-11,TS011,1,6,TS011-S11,69.41,52.44,False,72.36,55.29,74.58,77.15,49.3,Teaching incorporates both fundamentals and modern practical tools.
TS011-SEM1-12,TS011,1,6,TS011-S12,68.0,55.31,False,59.52,56.32,78.98,62.33,59.14,Career guidance is helpful from the beginning.
TS011-SEM1-13,TS011,1,6,TS011-S13,75.7,61.98,True,67.73,67.65,73.56,77.76,78.85,Career guidance is helpful from the beginning.
TS011-SEM1-14,TS011,1,6,TS011-S14,80.48,71.37,True,66.97,62.0,69.9,77.3,73.61,Excellent labs and digital board infrastructure.
TS012-SEM1-01,TS012,1,6,TS012-S01,82.84,100.0,True,84.95,79.19,79.51,95.26,93.55,Career guidance is helpful from the beginning.
TS012-SEM1-02,TS012,1,6,TS012-S02,90.87,82.85,True,85.92,76.27,72.56,88.14,87.62,Excellent labs and digital board infrastructure.
TS012-SEM1-03,TS012,1,6,TS012-S03,87.42,79.97,True,77.09,85.36,72.46,74.68,88.7,"Campus has trees and nature, very peaceful."
TS012-SEM1-04,TS012,1,6,TS012-S04,77.48,83.72,True,79.28,90.92,76.69,75.63,85.62,Excellent labs and digital board infrastructure.
TS012-SEM1-05,TS012,1,6,TS012-S05,79.17,70.6,True,73.84,89.26,75.03,92.15,86.49,Teaching incorporates both fundamentals and modern practical tools.
TS012-SEM1-06,TS012,1,6,TS012-S06,84.28,65.55,True,88.56,100.0,82.4,81.32,86.69,"Strictness is moderate, allowing good learning freedom."
TS012-SEM1-07,TS012,1,6,TS012-S07,96.56,76.02,True,78.56,85.86,83.1,89.09,81.17,"Strictness is moderate, allowing good learning freedom."
TS012-SEM1-08,TS012,1,6,TS012-S08,77.14,84.88,True,92.07,100.0,80.67,84.83,91.75,Teaching incorporates both fundamentals and modern practical tools.
TS012-SEM1-09,TS012,1,6,TS012-S09,86.28,65.18,True,85.95,84.78,79.87,93.14,88.8,"Strictness is moderate, allowing good learning freedom."
TS012-SEM1-10,TS012,1,6,TS012-S10,89.98,55.68,True,87.17,73.99,76.73,81.66,85.11,Excellent labs and digital board infrastructure.
TS012-SEM1-11,TS012,1,6,TS012-S11,91.77,95.23,True,86.16,90.67,81.94,89.09,86.52,"Campus has trees and nature, very peaceful."
TS012-SEM1-12,TS012,1,6,TS012-S12,92.13,86.02,True,87.77,93.34,81.57,93.49,85.94,"Strictness is moderate, allowing good learning freedom."
TS012-SEM1-13,TS012,1,6,TS012-S13,83.2,76.21,True,82.52,80.85,74.07,95.31,87.52,"Campus has trees and nature, very peaceful."
TS012-SEM1-14,TS012,1,6,TS012-S14,81.82,69.35,True,88.95,79.58,79.98,91.91,75.32,Teaching incorporates both fundamentals and modern practical tools.
TS013-SEM1-01,TS013,1,6,TS013-S01,71.42,86.88,False,82.13,89.05,81.38,88.28,83.18,"Campus has trees and nature, very peaceful."
TS013-SEM1-02,TS013,1,6,TS013-S02,88.93,59.15,False,77.49,87.24,91.89,95.97,79.32,Career guidance is helpful from the beginning.
TS013-SEM1-03,TS013,1,6,TS013-S03,87.56,88.61,True,100.0,100.0,93.71,87.99,100.0,Good focus on practical sessions and mentoring.
TS013-SEM1-04,TS013,1,6,TS013-S04,74.8,73.22,False,83.76,88.92,84.87,84.14,82.49,Career guidance is helpful from the beginning.
TS013-SEM1-05,TS013,1,6,TS013-S05,88.04,97.87,True,99.89,84.51,100.0,89.62,96.63,Teaching incorporates both fundamentals and modern practical tools.
TS013-SEM1-06,TS013,1,6,TS013-S06,78.46,74.24,True,100.0,93.15,88.35,99.62,99.74,"Strictness is moderate, allowing good learning freedom."
TS013-SEM1-07,TS013,1,6,TS013-S07,88.97,67.92,True,97.8,100.0,95.8,94.05,95.65,"Strictness is moderate, allowing good learning freedom."
TS013-SEM1-08,TS013,1,6,TS013-S08,92.55,64.7,True,100.0,78.35,100.0,99.0,100.0,"Campus has trees and nature, very peaceful."
TS013-SEM1-09,TS013,1,6,TS013-S09,85.35,73.39,True,97.16,85.4,97.43,100.0,100.0,Excellent labs and digital board infrastructure.
TS013-SEM1-10,TS013,1,6,TS013-S10,84.23,84.25,True,95.13,96.99,93.07,96.87,94.69,Good focus on practical sessions and mentoring.
TS013-SEM1-11,TS013,1,6,TS013-S11,76.71,81.35,True,92.09,98.56,92.34,95.35,100.0,Excellent labs and digital board infrastructure.
TS013-SEM1-12,TS013,1,6,TS013-S12,86.84,82.96,True,93.78,85.31,91.39,93.72,88.23,Teaching incorporates both fundamentals and modern practical tools.
TS013-SEM1-13,TS013,1,6,TS013-S13,80.76,69.55,True,100.0,88.39,97.95,99.59,96.16,"Strictness is moderate, allowing good learning freedom."
TS013-SEM1-14,TS013,1,6,TS013-S14,79.04,52.75,True,93.55,93.79,90.27,92.17,93.87,"Campus has trees and nature, very peaceful."
TS014-SEM1-01,TS014,1,6,TS014-S01,81.05,80.61,True,98.96,99.71,98.23,100.0,99.1,"Strictness is moderate, allowing good learning freedom."
TS014-SEM1-02,TS014,1,6,TS014-S02,73.94,91.25,False,100.0,91.98,83.38,91.36,86.55,Excellent labs and digital board infrastructure.
TS014-SEM1-03,TS014,1,6,TS014-S03,90.05,62.87,True,100.0,100.0,95.28,93.62,100.0,Excellent labs and digital board infrastructure.
TS014-SEM1-04,TS014,1,6,TS014-S04,88.75,74.17,True,97.15,91.63,100.0,100.0,100.0,Good focus on practical sessions and mentoring.
TS014-SEM1-05,TS014,1,6,TS014-S05,91.01,64.45,True,100.0,93.89,100.0,100.0,97.04,Good focus on practical sessions and mentoring.
TS014-SEM1-06,TS014,1,6,TS014-S06,82.39,76.7,True,100.0,100.0,98.6,100.0,98.42,"Campus has trees and nature, very peaceful."
TS014-SEM1-07,TS014,1,6,TS014-S07,83.73,71.67,True,100.0,100.0,98.89,100.0,95.69,Good focus on practical sessions and mentoring.
TS014-SEM1-08,TS014,1,6,TS014-S08,80.7,76.01,True,100.0,100.0,93.54,98.9,100.0,Excellent labs and digital board infrastructure.
TS014-SEM1-09,TS014,1,6,TS014-S09,86.63,71.09,True,99.38,98.65,99.36,100.0,100.0,Excellent labs and digital board infrastructure.
TS014-SEM1-10,TS014,1,6,TS014-S10,85.98,58.14,True,100.0,100.0,75.05,100.0,100.0,Teaching incorporates both fundamentals and modern practical tools.
TS014-SEM1-11,TS014,1,6,TS014-S11,70.02,90.19,False,69.37,95.9,89.96,81.9,86.23,Excellent labs and digital board infrastructure.
TS014-SEM1-12,TS014,1,6,TS014-S12,88.91,78.64,True,97.53,83.51,100.0,100.0,100.0,"Campus has trees and nature, very peaceful."
TS014-SEM1-13,TS014,1,6,TS014-S13,70.07,59.85,False,80.92,75.66,90.22,98.36,76.85,Career guidance is helpful from the beginning.
TS014-SEM1-14,TS014,1,6,TS014-S14,86.66,81.01,True,98.96,82.8,95.34,100.0,100.0,Teaching incorporates both fundamentals and modern practical tools.
TS015-SEM1-01,TS015,1,6,TS015-S01,82.12,65.05,True,100.0,96.25,91.83,91.83,100.0,Teaching incorporates both fundamentals and modern practical tools.
TS015-SEM1-02,TS015,1,6,TS015-S02,63.21,78.83,False,95.42,70.73,82.79,89.57,75.69,"Campus has trees and nature, very peaceful."
TS015-SEM1-03,TS015,1,6,TS015-S03,88.22,79.72,True,98.78,92.93,100.0,97.52,96.98,"Campus has trees and nature, very peaceful."
TS015-SEM1-04,TS015,1,6,TS015-S04,71.74,69.57,False,86.88,72.12,73.21,89.81,84.85,Good focus on practical sessions and mentoring.
TS015-SEM1-05,TS015,1,6,TS015-S05,82.25,71.64,True,96.71,98.09,82.09,100.0,99.83,Teaching incorporates both fundamentals and modern practical tools.
TS015-SEM1-06,TS015,1,6,TS015-S06,88.79,80.84,True,97.12,99.75,81.91,87.61,92.32,Good focus on practical sessions and mentoring.
TS015-SEM1-07,TS015,1,6,TS015-S07,81.22,78.88,True,100.0,100.0,86.64,98.05,91.76,Excellent labs and digital board infrastructure.
TS015-SEM1-08,TS015,1,6,TS015-S08,80.87,78.22,True,100.0,97.33,88.02,100.0,94.26,Teaching incorporates both fundamentals and modern practical tools.
TS015-SEM1-09,TS015,1,6,TS015-S09,82.8,70.13,True,93.37,94.0,97.02,100.0,95.73,Teaching incorporates both fundamentals and modern practical tools.
TS015-SEM1-10,TS015,1,6,TS015-S10,88.66,100.0,True,94.7,94.17,97.55,93.02,94.61,"Strictness is moderate, allowing good learning freedom."
TS015-SEM1-11,TS015,1,6,TS015-S11,72.78,63.16,False,76.89,82.35,92.85,92.83,73.44,Career guidance is helpful from the beginning.
TS015-SEM1-12,TS015,1,6,TS015-S12,77.63,88.75,True,94.17,89.26,96.62,90.65,97.96,Teaching incorporates both fundamentals and modern practical tools.
TS015-SEM1-13,TS015,1,6,TS015-S13,95.64,77.05,True,96.46,89.04,84.03,100.0,100.0,Excellent labs and digital board infrastructure.
TS015-SEM1-14,TS015,1,6,TS015-S14,80.13,71.23,False,79.1,78.3,78.94,100.0,80.33,Good focus on practical sessions and mentoring.
TS016-SEM1-01,TS016,1,6,TS016-S01,70.35,69.8,False,66.87,79.29,77.58,74.55,71.03,Good focus on practical sessions and mentoring.
TS016-SEM1-02,TS016,1,6,TS016-S02,65.78,66.83,False,63.35,57.01,69.56,75.3,67.3,"Strictness is moderate, allowing good learning freedom."
TS016-SEM1-03,TS016,1,6,TS016-S03,84.11,63.77,True,82.07,80.38,71.6,81.02,80.49,Career guidance is helpful from the beginning.
TS016-SEM1-04,TS016,1,6,TS016-S04,68.12,74.81,False,73.95,79.26,69.19,67.05,64.7,Excellent labs and digital board infrastructure.
TS016-SEM1-05,TS016,1,6,TS016-S05,76.7,77.54,True,92.85,87.38,76.83,79.33,91.53,Good focus on practical sessions and mentoring.
TS016-SEM1-06,TS016,1,6,TS016-S06,83.99,73.87,True,79.7,84.81,86.37,76.96,85.27,"Campus has trees and nature, very peaceful."
TS016-SEM1-07,TS016,1,6,TS016-S07,72.31,58.72,False,66.03,71.28,79.59,65.92,65.26,Excellent labs and digital board infrastructure.
TS016-SEM1-08,TS016,1,6,TS016-S08,66.81,69.17,False,75.2,83.2,72.02,70.8,64.23,Excellent labs and digital board infrastructure.
TS016-SEM1-09,TS016,1,6,TS016-S09,75.17,65.14,True,81.83,83.82,76.53,72.9,91.54,Career guidance is helpful from the beginning.
TS016-SEM1-10,TS016,1,6,TS016-S10,88.26,49.96,False,59.44,62.54,70.48,72.73,67.96,Good focus on practical sessions and mentoring.
TS016-SEM1-11,TS016,1,6,TS016-S11,73.03,67.29,False,62.85,68.25,70.9,57.85,59.19,Excellent labs and digital board infrastructure.
TS016-SEM1-12,TS016,1,6,TS016-S12,65.27,69.64,False,68.47,75.09,61.8,58.45,68.32,"Strictness is moderate, allowing good learning freedom."
TS016-SEM1-13,TS016,1,6,TS016-S13,55.33,74.25,False,56.06,76.95,66.56,73.65,81.04,"Strictness is moderate, allowing good learning freedom."
TS016-SEM1-14,TS016,1,6,TS016-S14,58.36,68.95,False,56.15,73.61,69.97,68.13,60.44,Good focus on practical sessions and mentoring.
TS017-SEM1-01,TS017,1,6,TS017-S01,73.35,61.47,False,70.18,71.45,54.07,71.28,57.98,"Strictness is moderate, allowing good learning freedom."
TS017-SEM1-02,TS017,1,6,TS017-S02,63.47,60.12,False,67.47,53.47,72.52,72.59,63.23,"Campus has trees and nature, very peaceful."
TS017-SEM1-03,TS017,1,6,TS017-S03,66.79,52.21,False,71.16,54.51,74.32,67.02,62.52,Career guidance is helpful from the beginning.
TS017-SEM1-04,TS017,1,6,TS017-S04,61.75,60.53,False,68.68,55.91,71.49,68.54,59.78,"Strictness is moderate, allowing good learning freedom."
TS017-SEM1-05,TS017,1,6,TS017-S05,77.13,39.98,False,67.08,79.56,76.2,70.35,61.49,"Strictness is moderate, allowing good learning freedom."
TS017-SEM1-06,TS017,1,6,TS017-S06,68.19,58.97,False,68.26,60.14,72.79,80.81,62.69,"Campus has trees and nature, very peaceful."
TS017-SEM1-07,TS017,1,6,TS017-S07,63.93,48.55,False,69.66,66.12,73.38,64.81,67.15,Career guidance is helpful from the beginning.
TS017-SEM1-08,TS017,1,6,TS017-S08,71.05,54.67,False,62.59,57.02,78.95,67.43,66.22,Excellent labs and digital board infrastructure.
TS017-SEM1-09,TS017,1,6,TS017-S09,68.78,51.48,False,63.6,75.41,66.4,62.79,63.78,Career guidance is helpful from the beginning.
TS017-SEM1-10,TS017,1,6,TS017-S10,74.99,78.43,False,67.12,71.75,72.6,61.09,58.18,Teaching incorporates both fundamentals and modern practical tools.
TS017-SEM1-11,TS017,1,6,TS017-S11,65.5,48.68,False,69.77,68.92,69.4,52.45,73.28,Good focus on practical sessions and mentoring.
TS017-SEM1-12,TS017,1,6,TS017-S12,66.63,82.52,False,56.3,60.1,57.99,70.18,57.49,Good focus on practical sessions and mentoring.
TS017-SEM1-13,TS017,1,6,TS017-S13,65.56,48.27,False,69.66,72.29,78.06,63.9,64.09,Teaching incorporates both fundamentals and modern practical tools.
TS017-SEM1-14,TS017,1,6,TS017-S14,64.26,58.65,False,61.89,70.32,74.09,73.96,58.79,"Campus has trees and nature, very peaceful."
TS018-SEM1-01,TS018,1,6,TS018-S01,84.13,94.62,True,87.72,77.99,76.43,90.16,73.7,Teaching incorporates both fundamentals and modern practical tools.
TS018-SEM1-02,TS018,1,6,TS018-S02,89.72,68.58,True,74.92,79.97,87.82,100.0,75.7,Excellent labs and digital board infrastructure.
TS018-SEM1-03,TS018,1,6,TS018-S03,79.87,64.66,True,83.72,76.51,79.36,91.37,92.07,Excellent labs and digital board infrastructure.
TS018-SEM1-04,TS018,1,6,TS018-S04,85.28,81.7,True,81.6,98.27,85.63,83.15,82.43,Good focus on practical sessions and mentoring.
TS018-SEM1-05,TS018,1,6,TS018-S05,74.79,92.11,False,69.47,65.46,72.17,71.59,60.58,Excellent labs and digital board infrastructure.
TS018-SEM1-06,TS018,1,6,TS018-S06,82.22,83.46,True,79.71,89.68,71.74,95.6,84.33,Good focus on practical sessions and mentoring.
TS018-SEM1-07,TS018,1,6,TS018-S07,92.29,72.7,True,87.13,70.99,77.9,91.5,83.31,Teaching incorporates both fundamentals and modern practical tools.
TS018-SEM1-08,TS018,1,6,TS018-S08,87.09,80.54,True,76.09,75.61,79.68,100.0,79.84,Teaching incorporates both fundamentals and modern practical tools.
TS018-SEM1-09,TS018,1,6,TS018-S09,82.87,73.07,True,72.22,92.89,75.13,100.0,80.89,"Strictness is moderate, allowing good learning freedom."
TS018-SEM1-10,TS018,1,6,TS018-S10,78.25,87.13,True,83.25,87.69,77.56,94.18,80.69,"Strictness is moderate, allowing good learning freedom."
TS018-SEM1-11,TS018,1,6,TS018-S11,87.42,68.07,True,80.1,81.76,82.79,94.37,82.51,Teaching incorporates both fundamentals and modern practical tools.
TS018-SEM1-12,TS018,1,6,TS018-S12,81.82,83.94,True,81.24,81.68,83.32,93.63,93.04,Good focus on practical sessions and mentoring.
TS018-SEM1-13,TS018,1,6,TS018-S13,81.06,72.62,True,74.1,73.31,76.35,100.0,83.83,Teaching incorporates both fundamentals and modern practical tools.
TS018-SEM1-14,TS018,1,6,TS018-S14,79.09,87.27,True,89.53,74.78,76.52,100.0,85.21,Teaching incorporates both fundamentals and modern practical tools.
TS019-SEM1-01,TS019,1,6,TS019-S01,68.64,50.55,False,54.77,58.39,70.56,73.96,61.2,"Campus has trees and nature, very peaceful."
TS019-SEM1-02,TS019,1,6,TS019-S02,81.42,54.82,True,73.52,86.33,87.49,64.51,80.27,Teaching incorporates both fundamentals and modern practical tools.
TS019-SEM1-03,TS019,1,6,TS019-S03,79.59,47.53,False,69.4,78.17,70.39,71.38,72.8,Excellent labs and digital board infrastructure.
TS019-SEM1-04,TS019,1,6,TS019-S04,83.69,61.38,True,74.48,86.22,70.14,73.57,82.51,Good focus on practical sessions and mentoring.
TS019-SEM1-05,TS019,1,6,TS019-S05,68.98,64.8,False,81.39,67.43,67.82,74.17,65.2,"Campus has trees and nature, very peaceful."
TS019-SEM1-06,TS019,1,6,TS019-S06,80.64,63.65,True,69.3,65.44,67.82,77.36,75.19,"Strictness is moderate, allowing good learning freedom."
TS019-SEM1-07,TS019,1,6,TS019-S07,79.53,62.3,True,74.94,83.38,72.98,69.17,87.94,Career guidance is helpful from the beginning.
TS019-SEM1-08,TS019,1,6,TS019-S08,74.13,59.65,False,69.85,68.47,71.92,63.18,74.35,Good focus on practical sessions and mentoring.
TS019-SEM1-09,TS019,1,6,TS019-S09,68.52,77.56,False,64.87,74.86,73.67,74.96,59.8,Excellent labs and digital board infrastructure.
TS019-SEM1-10,TS019,1,6,TS019-S10,78.45,80.46,False,66.21,64.21,68.27,78.35,58.98,Good focus on practical sessions and mentoring.
TS019-SEM1-11,TS019,1,6,TS019-S11,66.35,78.11,False,69.75,85.36,67.75,68.84,60.7,"Strictness is moderate, allowing good learning freedom."
TS019-SEM1-12,TS019,1,6,TS019-S12,72.86,44.26,False,70.11,70.99,69.71,65.74,59.53,Excellent labs and digital board infrastructure.
TS019-SEM1-13,TS019,1,6,TS019-S13,76.37,50.29,True,92.45,90.28,69.47,71.86,84.11,Excellent labs and digital board infrastructure.
TS019-SEM1-14,TS019,1,6,TS019-S14,71.58,48.01,False,68.31,68.32,79.57,66.56,69.84,Career guidance is helpful from the beginning.
TS020-SEM1-01,TS020,1,6,TS020-S01,75.65,63.68,True,80.45,79.67,86.61,88.56,82.96,Good focus on practical sessions and mentoring.
TS020-SEM1-02,TS020,1,6,TS020-S02,69.28,76.63,False,71.8,71.92,69.39,73.82,64.89,Career guidance is helpful from the beginning.
TS020-SEM1-03,TS020,1,6,TS020-S03,68.01,63.29,False,68.59,66.4,75.52,79.56,69.85,Career guidance is helpful from the beginning.
TS020-SEM1-04,TS020,1,6,TS020-S04,70.34,69.56,False,67.47,59.51,74.36,72.7,77.97,Good focus on practical sessions and mentoring.
TS020-SEM1-05,TS020,1,6,TS020-S05,80.74,69.11,True,81.98,71.37,69.31,73.59,82.76,Teaching incorporates both fundamentals and modern practical tools.
TS020-SEM1-06,TS020,1,6,TS020-S06,59.37,56.56,False,65.51,67.68,67.69,69.78,73.62,Teaching incorporates both fundamentals and modern practical tools.
TS020-SEM1-07,TS020,1,6,TS020-S07,75.97,56.4,True,80.83,73.26,74.15,84.89,80.9,"Strictness is moderate, allowing good learning freedom."
TS020-SEM1-08,TS020,1,6,TS020-S08,65.43,61.57,False,67.71,53.62,70.8,77.03,67.26,Career guidance is helpful from the beginning.
TS020-SEM1-09,TS020,1,6,TS020-S09,85.38,74.51,True,97.8,85.47,78.82,84.67,80.2,"Campus has trees and nature, very peaceful."
TS020-SEM1-10,TS020,1,6,TS020-S10,72.65,55.52,False,69.39,64.18,67.57,74.31,64.31,Career guidance is helpful from the beginning.
TS020-SEM1-11,TS020,1,6,TS020-S11,60.43,47.44,False,60.12,62.34,73.07,73.14,70.33,Career guidance is helpful from the beginning.
TS020-SEM1-12,TS020,1,6,TS020-S12,76.52,72.72,True,82.26,88.19,82.6,81.08,89.36,Career guidance is helpful from the beginning.
TS020-SEM1-13,TS020,1,6,TS020-S13,57.93,59.1,False,65.17,78.62,78.86,63.12,72.06,"Strictness is moderate, allowing good learning freedom."
TS020-SEM1-14,TS020,1,6,TS020-S14,64.97,50.59,False,65.59,66.85,63.21,75.72,68.4,Teaching incorporates both fundamentals and modern practical tools.
TS021-SEM1-01,TS021,1,6,TS021-S01,77.07,64.85,True,78.23,79.87,83.59,81.43,86.07,"Strictness is moderate, allowing good learning freedom."
TS021-SEM1-02,TS021,1,6,TS021-S02,68.34,56.76,False,62.59,65.65,62.96,77.3,66.42,"Strictness is moderate, allowing good learning freedom."
TS021-SEM1-03,TS021,1,6,TS021-S03,70.17,68.42,False,65.34,72.56,61.28,68.83,61.71,"Strictness is moderate, allowing good learning freedom."
TS021-SEM1-04,TS021,1,6,TS021-S04,75.74,55.72,True,71.51,76.31,75.32,86.81,82.91,Teaching incorporates both fundamentals and modern practical tools.
TS021-SEM1-05,TS021,1,6,TS021-S05,72.49,61.68,False,70.63,62.08,67.3,63.17,69.09,Teaching incorporates both fundamentals and modern practical tools.
TS021-SEM1-06,TS021,1,6,TS021-S06,74.35,54.92,False,63.31,70.88,66.75,66.5,58.73,Career guidance is helpful from the beginning.
TS021-SEM1-07,TS021,1,6,TS021-S07,74.03,58.42,False,61.28,56.11,68.39,68.62,60.39,"Strictness is moderate, allowing good learning freedom."
TS021-SEM1-08,TS021,1,6,TS021-S08,73.19,69.48,False,68.21,71.22,66.8,66.31,56.78,"Campus has trees and nature, very peaceful."
TS021-SEM1-09,TS021,1,6,TS021-S09,68.44,62.2,False,59.28,67.57,63.17,59.74,66.1,Teaching incorporates both fundamentals and modern practical tools.
TS021-SEM1-10,TS021,1,6,TS021-S10,69.15,53.63,False,57.44,70.18,74.87,67.29,60.92,Good focus on practical sessions and mentoring.
TS021-SEM1-11,TS021,1,6,TS021-S11,78.43,43.9,False,75.8,86.35,54.47,69.12,58.41,Good focus on practical sessions and mentoring.
TS021-SEM1-12,TS021,1,6,TS021-S12,70.41,57.82,False,68.87,65.9,63.45,68.68,64.57,Good focus on practical sessions and mentoring.
TS021-SEM1-13,TS021,1,6,TS021-S13,64.9,45.54,False,75.96,61.66,67.31,67.32,64.74,Excellent labs and digital board infrastructure.
TS021-SEM1-14,TS021,1,6,TS021-S14,82.64,67.8,True,69.7,73.61,73.66,66.38,84.1,Career guidance is helpful from the beginning.
TS022-SEM1-01,TS022,1,6,TS022-S01,77.51,60.99,True,68.78,84.17,77.38,86.26,84.04,Good focus on practical sessions and mentoring.
TS022-SEM1-02,TS022,1,6,TS022-S02,68.44,51.96,False,54.79,81.19,63.11,77.43,63.63,Career guidance is helpful from the beginning.
TS022-SEM1-03,TS022,1,6,TS022-S03,73.98,58.93,False,66.96,69.28,65.15,72.73,60.28,Good focus on practical sessions and mentoring.
TS022-SEM1-04,TS022,1,6,TS022-S04,67.21,68.0,False,62.62,73.31,64.73,61.3,69.68,"Campus has trees and nature, very peaceful."
TS022-SEM1-05,TS022,1,6,TS022-S05,81.28,70.84,True,75.2,90.46,72.23,71.76,88.36,Career guidance is helpful from the beginning.
TS022-SEM1-06,TS022,1,6,TS022-S06,71.71,79.68,False,54.61,73.55,77.36,68.73,59.68,Good focus on practical sessions and mentoring.
TS022-SEM1-07,TS022,1,6,TS022-S07,64.99,72.82,False,58.38,68.64,60.83,77.89,66.77,Teaching incorporates both fundamentals and modern practical tools.
TS022-SEM1-08,TS022,1,6,TS022-S08,71.81,50.46,False,72.22,66.47,61.47,57.98,57.77,Career guidance is helpful from the beginning.
TS022-SEM1-09,TS022,1,6,TS022-S09,63.27,55.77,False,67.47,66.4,68.78,64.21,61.33,Excellent labs and digital board infrastructure.
TS022-SEM1-10,TS022,1,6,TS022-S10,83.53,58.52,True,67.61,91.56,71.61,81.86,78.38,Teaching incorporates both fundamentals and modern practical tools.
TS022-SEM1-11,TS022,1,6,TS022-S11,75.67,68.71,True,83.55,73.33,77.89,73.21,80.75,Teaching incorporates both fundamentals and modern practical tools.
TS022-SEM1-12,TS022,1,6,TS022-S12,69.23,62.5,False,56.55,71.38,67.22,65.31,60.72,"Strictness is moderate, allowing good learning freedom."
TS022-SEM1-13,TS022,1,6,TS022-S13,72.8,55.84,False,62.23,61.36,78.73,74.91,62.37,Excellent labs and digital board infrastructure.
TS022-SEM1-14,TS022,1,6,TS022-S14,79.03,42.21,False,47.65,66.21,60.11,67.13,62.03,Teaching incorporates both fundamentals and modern practical tools.
TS023-SEM1-01,TS023,1,6,TS023-S01,86.56,66.24,True,95.01,95.17,83.47,89.66,100.0,Teaching incorporates both fundamentals and modern practical tools.
TS023-SEM1-02,TS023,1,6,TS023-S02,79.73,72.75,False,80.24,75.96,84.82,90.01,73.74,Good focus on practical sessions and mentoring.
TS023-SEM1-03,TS023,1,6,TS023-S03,79.75,61.18,True,94.45,87.4,92.46,83.83,91.83,Good focus on practical sessions and mentoring.
TS023-SEM1-04,TS023,1,6,TS023-S04,73.24,64.33,False,89.14,78.34,87.33,79.03,82.8,Career guidance is helpful from the beginning.
TS023-SEM1-05,TS023,1,6,TS023-S05,75.84,75.39,True,100.0,99.24,89.04,95.16,100.0,Career guidance is helpful from the beginning.
TS023-SEM1-06,TS023,1,6,TS023-S06,72.22,66.58,False,79.58,80.86,83.34,76.22,86.02,Career guidance is helpful from the beginning.
TS023-SEM1-07,TS023,1,6,TS023-S07,73.46,73.0,False,87.27,83.96,80.1,75.96,77.85,Good focus on practical sessions and mentoring.
TS023-SEM1-08,TS023,1,6,TS023-S08,77.46,77.05,True,99.88,95.12,92.95,99.69,94.81,Career guidance is helpful from the beginning.
TS023-SEM1-09,TS023,1,6,TS023-S09,77.65,69.52,True,94.45,87.55,81.88,87.68,98.8,Teaching incorporates both fundamentals and modern practical tools.
TS023-SEM1-10,TS023,1,6,TS023-S10,82.82,87.0,True,99.56,100.0,95.83,100.0,100.0,Good focus on practical sessions and mentoring.
TS023-SEM1-11,TS023,1,6,TS023-S11,87.71,82.06,True,94.75,91.5,95.11,86.73,96.04,Career guidance is helpful from the beginning.
TS023-SEM1-12,TS023,1,6,TS023-S12,67.87,92.23,False,79.68,87.84,92.29,85.85,86.22,Teaching incorporates both fundamentals and modern practical tools.
TS023-SEM1-13,TS023,1,6,TS023-S13,74.55,98.97,False,87.52,85.87,92.13,77.04,77.56,Career guidance is helpful from the beginning.
TS023-SEM1-14,TS023,1,6,TS023-S14,90.67,56.33,True,98.19,100.0,84.09,100.0,94.2,"Campus has trees and nature, very peaceful."
TS024-SEM1-01,TS024,1,6,TS024-S01,80.95,74.91,True,79.43,87.05,77.1,92.77,83.39,Career guidance is helpful from the beginning.
TS024-SEM1-02,TS024,1,6,TS024-S02,69.57,57.4,False,59.72,77.45,66.9,82.27,58.54,"Campus has trees and nature, very peaceful."
TS024-SEM1-03,TS024,1,6,TS024-S03,72.76,73.5,False,54.09,89.15,68.87,76.53,67.86,Career guidance is helpful from the beginning.
TS024-SEM1-04,TS024,1,6,TS024-S04,76.36,64.74,True,84.11,97.09,80.61,94.47,87.51,"Strictness is moderate, allowing good learning freedom."
TS024-SEM1-05,TS024,1,6,TS024-S05,61.17,88.11,False,63.55,84.96,71.13,82.05,61.56,"Strictness is moderate, allowing good learning freedom."
TS024-SEM1-06,TS024,1,6,TS024-S06,75.75,59.47,True,83.63,90.49,67.18,82.17,85.05,Excellent labs and digital board infrastructure.
TS024-SEM1-07,TS024,1,6,TS024-S07,73.34,71.61,False,64.8,73.39,76.91,62.01,67.95,"Strictness is moderate, allowing good learning freedom."
TS024-SEM1-08,TS024,1,6,TS024-S08,70.0,52.88,False,69.02,82.82,76.2,74.87,69.38,"Strictness is moderate, allowing good learning freedom."
TS024-SEM1-09,TS024,1,6,TS024-S09,77.21,61.13,True,77.19,89.7,77.79,76.41,74.58,Career guidance is helpful from the beginning.
TS024-SEM1-10,TS024,1,6,TS024-S10,76.99,56.53,False,74.44,62.53,70.77,74.66,66.9,Good focus on practical sessions and mentoring.
TS024-SEM1-11,TS024,1,6,TS024-S11,79.43,48.71,False,70.42,81.25,70.07,74.86,67.09,Good focus on practical sessions and mentoring.
TS024-SEM1-12,TS024,1,6,TS024-S12,74.07,67.82,False,70.37,65.14,75.95,82.68,65.93,"Campus has trees and nature, very peaceful."
TS024-SEM1-13,TS024,1,6,TS024-S13,63.04,60.85,False,68.17,63.84,69.2,67.23,68.04,Good focus on practical sessions and mentoring.
TS024-SEM1-14,TS024,1,6,TS024-S14,73.0,45.54,False,69.11,72.55,73.58,73.33,60.99,Teaching incorporates both fundamentals and modern practical tools.
TS025-SEM1-01,TS025,1,6,TS025-S01,71.51,58.57,False,61.07,79.55,74.93,70.88,61.46,Excellent labs and digital board infrastructure.
TS025-SEM1-02,TS025,1,6,TS025-S02,75.71,62.74,True,80.03,73.67,76.26,76.44,83.01,"Strictness is moderate, allowing good learning freedom."
TS025-SEM1-03,TS025,1,6,TS025-S03,68.29,69.1,False,58.56,62.62,65.36,61.78,67.08,Excellent labs and digital board infrastructure.
TS025-SEM1-04,TS025,1,6,TS025-S04,66.19,55.01,False,71.53,62.64,67.06,62.14,66.16,Teaching incorporates both fundamentals and modern practical tools.
TS025-SEM1-05,TS025,1,6,TS025-S05,77.08,69.39,True,78.44,73.0,70.93,82.95,83.82,"Strictness is moderate, allowing good learning freedom."
TS025-SEM1-06,TS025,1,6,TS025-S06,67.84,62.4,False,62.2,58.17,68.89,65.72,57.24,"Campus has trees and nature, very peaceful."
TS025-SEM1-07,TS025,1,6,TS025-S07,63.13,46.36,False,61.77,66.52,63.62,72.11,61.67,Teaching incorporates both fundamentals and modern practical tools.
TS025-SEM1-08,TS025,1,6,TS025-S08,75.46,60.17,True,78.68,67.1,77.7,69.59,84.59,Teaching incorporates both fundamentals and modern practical tools.
TS025-SEM1-09,TS025,1,6,TS025-S09,69.97,72.63,False,57.26,61.78,69.9,75.23,70.33,Excellent labs and digital board infrastructure.
TS025-SEM1-10,TS025,1,6,TS025-S10,72.25,80.38,False,62.26,75.99,63.29,70.73,50.29,Career guidance is helpful from the beginning.
TS025-SEM1-11,TS025,1,6,TS025-S11,65.27,66.67,False,56.13,70.62,72.53,65.2,57.16,Excellent labs and digital board infrastructure.
TS025-SEM1-12,TS025,1,6,TS025-S12,69.15,52.34,False,63.39,68.02,66.47,78.26,58.4,Excellent labs and digital board infrastructure.
TS025-SEM1-13,TS025,1,6,TS025-S13,80.35,51.59,True,85.1,86.25,72.9,78.54,82.11,Good focus on practical sessions and mentoring.
TS025-SEM1-14,TS025,1,6,TS025-S14,68.76,68.16,False,75.17,70.97,70.83,72.24,54.7,Teaching incorporates both fundamentals and modern practical tools.
TS026-SEM1-01,TS026,1,6,TS026-S01,64.71,60.3,False,58.88,58.48,55.7,70.98,69.82,Excellent labs and digital board infrastructure.
TS026-SEM1-02,TS026,1,6,TS026-S02,76.98,75.19,True,82.54,67.08,70.32,91.63,80.83,Teaching incorporates both fundamentals and modern practical tools.
TS026-SEM1-03,TS026,1,6,TS026-S03,86.96,58.35,True,77.56,81.39,83.99,78.61,78.08,Good focus on practical sessions and mentoring.
TS026-SEM1-04,TS026,1,6,TS026-S04,65.8,49.7,False,68.51,59.13,68.77,81.09,53.22,Teaching incorporates both fundamentals and modern practical tools.
TS026-SEM1-05,TS026,1,6,TS026-S05,79.72,58.51,True,82.23,81.67,74.98,72.01,80.79,Excellent labs and digital board infrastructure.
TS026-SEM1-06,TS026,1,6,TS026-S06,73.2,51.66,False,65.39,57.81,61.79,81.78,59.69,Teaching incorporates both fundamentals and modern practical tools.
TS026-SEM1-07,TS026,1,6,TS026-S07,69.56,57.37,False,71.92,60.37,68.9,75.11,64.82,"Strictness is moderate, allowing good learning freedom."
TS026-SEM1-08,TS026,1,6,TS026-S08,80.1,68.48,True,82.14,59.66,71.12,83.52,76.88,Good focus on practical sessions and mentoring.
TS026-SEM1-09,TS026,1,6,TS026-S09,65.61,43.28,False,56.43,58.65,68.16,72.99,62.9,Career guidance is helpful from the beginning.
TS026-SEM1-10,TS026,1,6,TS026-S10,69.4,72.91,False,63.53,66.27,69.52,69.34,62.05,Teaching incorporates both fundamentals and modern practical tools.
TS026-SEM1-11,TS026,1,6,TS026-S11,64.59,60.92,False,60.03,63.76,61.79,77.84,65.37,Excellent labs and digital board infrastructure.
TS026-SEM1-12,TS026,1,6,TS026-S12,77.45,54.36,True,79.61,83.08,68.1,79.28,94.53,Good focus on practical sessions and mentoring.
TS026-SEM1-13,TS026,1,6,TS026-S13,70.36,43.09,False,61.01,38.55,69.71,82.61,57.95,Excellent labs and digital board infrastructure.
TS026-SEM1-14,TS026,1,6,TS026-S14,69.18,71.24,False,54.0,50.13,67.36,73.24,61.04,Excellent labs and digital board infrastructure.
TS027-SEM1-01,TS027,1,6,TS027-S01,78.3,54.01,True,52.91,69.14,57.47,66.67,65.21,Teaching incorporates both fundamentals and modern practical tools.
TS027-SEM1-02,TS027,1,6,TS027-S02,76.73,63.94,True,58.68,60.53,65.59,65.45,59.35,Excellent labs and digital board infrastructure.
TS027-SEM1-03,TS027,1,6,TS027-S03,73.09,38.26,False,45.03,63.27,51.84,55.34,31.39,Teaching incorporates both fundamentals and modern practical tools.
TS027-SEM1-04,TS027,1,6,TS027-S04,69.65,65.38,False,51.26,63.28,51.42,53.64,39.81,Career guidance is helpful from the beginning.
TS027-SEM1-05,TS027,1,6,TS027-S05,70.77,49.38,False,37.38,46.9,60.01,53.01,47.57,"Strictness is moderate, allowing good learning freedom."
TS027-SEM1-06,TS027,1,6,TS027-S06,68.92,44.09,False,54.09,38.2,49.7,54.31,47.62,Excellent labs and digital board infrastructure.
TS027-SEM1-07,TS027,1,6,TS027-S07,67.64,43.62,False,43.66,49.59,48.6,60.46,40.4,Excellent labs and digital board infrastructure.
TS027-SEM1-08,TS027,1,6,TS027-S08,73.81,63.58,False,54.23,54.52,56.43,53.6,48.64,Excellent labs and digital board infrastructure.
TS027-SEM1-09,TS027,1,6,TS027-S09,62.98,35.62,False,50.73,59.03,54.85,51.49,53.92,"Campus has trees and nature, very peaceful."
TS027-SEM1-10,TS027,1,6,TS027-S10,69.24,66.21,False,52.04,69.33,50.88,50.72,38.98,"Campus has trees and nature, very peaceful."
TS027-SEM1-11,TS027,1,6,TS027-S11,81.31,66.21,True,81.17,68.18,52.96,60.46,59.6,Good focus on practical sessions and mentoring.
TS027-SEM1-12,TS027,1,6,TS027-S12,69.62,57.97,False,44.95,44.43,60.43,56.43,45.34,"Strictness is moderate, allowing good learning freedom."
TS027-SEM1-13,TS027,1,6,TS027-S13,76.55,66.71,True,66.58,66.65,62.82,66.16,65.28,"Strictness is moderate, allowing good learning freedom."
TS027-SEM1-14,TS027,1,6,TS027-S14,70.68,77.3,False,45.6,58.71,54.54,50.98,42.43,"Campus has trees and nature, very peaceful."
TS028-SEM1-01,TS028,1,6,TS028-S01,71.0,50.34,False,58.5,51.07,51.0,49.19,51.31,Good focus on practical sessions and mentoring.
TS028-SEM1-02,TS028,1,6,TS028-S02,68.85,46.55,False,43.34,61.83,55.57,50.09,52.28,"Campus has trees and nature, very peaceful."
TS028-SEM1-03,TS028,1,6,TS028-S03,76.49,59.33,True,63.39,54.56,58.43,60.47,54.98,Career guidance is helpful from the beginning.
TS028-SEM1-04,TS028,1,6,TS028-S04,70.86,58.97,False,53.58,36.46,49.5,48.73,50.21,Good focus on practical sessions and mentoring.
TS028-SEM1-05,TS028,1,6,TS028-S05,71.74,79.96,False,51.38,47.93,52.61,49.5,49.71,"Strictness is moderate, allowing good learning freedom."
TS028-SEM1-06,TS028,1,6,TS028-S06,64.01,53.76,False,50.15,61.02,40.4,59.87,44.71,"Strictness is moderate, allowing good learning freedom."
TS028-SEM1-07,TS028,1,6,TS028-S07,60.7,31.98,False,38.23,51.05,51.08,55.42,42.66,"Campus has trees and nature, very peaceful."
TS028-SEM1-08,TS028,1,6,TS028-S08,65.35,57.87,False,47.61,53.06,47.47,57.03,42.3,Career guidance is helpful from the beginning.
TS028-SEM1-09,TS028,1,6,TS028-S09,66.78,56.58,False,53.86,50.15,47.94,57.18,56.12,"Campus has trees and nature, very peaceful."
TS028-SEM1-10,TS028,1,6,TS028-S10,73.26,74.34,False,53.63,46.37,51.54,43.93,44.39,Teaching incorporates both fundamentals and modern practical tools.
TS028-SEM1-11,TS028,1,6,TS028-S11,68.24,57.97,False,42.91,48.91,54.07,50.9,36.09,Teaching incorporates both fundamentals and modern practical tools.
TS028-SEM1-12,TS028,1,6,TS028-S12,67.52,46.81,False,48.88,55.24,52.69,46.9,46.65,Career guidance is helpful from the beginning.
TS028-SEM1-13,TS028,1,6,TS028-S13,69.18,50.62,False,51.86,57.76,56.16,47.97,51.31,Excellent labs and digital board infrastructure.
TS028-SEM1-14,TS028,1,6,TS028-S14,69.04,68.54,False,44.35,49.42,39.31,49.81,45.87,Excellent labs and digital board infrastructure.
TS029-SEM1-01,TS029,1,6,TS029-S01,64.21,50.3,False,48.58,60.34,46.56,56.02,52.27,Teaching incorporates both fundamentals and modern practical tools.
TS029-SEM1-02,TS029,1,6,TS029-S02,70.3,67.25,False,54.06,54.51,47.04,56.9,45.95,Teaching incorporates both fundamentals and modern practical tools.
TS029-SEM1-03,TS029,1,6,TS029-S03,68.53,66.79,False,61.22,58.54,59.49,47.43,51.94,Excellent labs and digital board infrastructure.
TS029-SEM1-04,TS029,1,6,TS029-S04,71.64,74.29,False,49.47,56.91,62.01,55.55,45.17,Good focus on practical sessions and mentoring.
TS029-SEM1-05,TS029,1,6,TS029-S05,87.31,51.21,True,68.8,70.99,62.77,61.99,67.54,Excellent labs and digital board infrastructure.
TS029-SEM1-06,TS029,1,6,TS029-S06,65.3,83.5,False,51.4,63.62,55.04,53.97,48.44,"Campus has trees and nature, very peaceful."
TS029-SEM1-07,TS029,1,6,TS029-S07,62.7,60.39,False,50.27,68.22,50.73,52.64,46.22,Good focus on practical sessions and mentoring.
TS029-SEM1-08,TS029,1,6,TS029-S08,80.66,53.31,True,72.54,67.68,56.83,54.92,73.02,"Campus has trees and nature, very peaceful."
TS029-SEM1-09,TS029,1,6,TS029-S09,64.44,65.92,False,53.4,61.86,59.07,50.5,45.84,Teaching incorporates both fundamentals and modern practical tools.
TS029-SEM1-10,TS029,1,6,TS029-S10,76.29,55.71,True,70.61,60.56,66.05,71.46,68.8,Good focus on practical sessions and mentoring.
TS029-SEM1-11,TS029,1,6,TS029-S11,77.97,63.54,True,60.34,68.78,67.08,61.96,74.48,"Campus has trees and nature, very peaceful."
TS029-SEM1-12,TS029,1,6,TS029-S12,69.41,82.69,False,65.45,61.1,59.48,63.25,44.78,"Campus has trees and nature, very peaceful."
TS029-SEM1-13,TS029,1,6,TS029-S13,64.13,74.56,False,54.36,57.03,56.77,41.79,49.76,Good focus on practical sessions and mentoring.
TS029-SEM1-14,TS029,1,6,TS029-S14,67.48,71.18,False,58.69,63.46,58.69,47.12,53.67,Career guidance is helpful from the beginning.
TS030-SEM1-01,TS030,1,6,TS030-S01,68.42,78.5,False,47.46,47.76,59.86,62.72,60.07,Excellent labs and digital board infrastructure.
TS030-SEM1-02,TS030,1,6,TS030-S02,68.84,70.46,False,58.37,54.17,52.16,68.46,52.75,"Strictness is moderate, allowing good learning freedom."
TS030-SEM1-03,TS030,1,6,TS030-S03,63.54,50.72,False,36.66,63.1,54.57,63.04,41.42,"Campus has trees and nature, very peaceful."
TS030-SEM1-04,TS030,1,6,TS030-S04,65.41,57.22,False,47.84,59.28,58.79,77.63,49.78,Excellent labs and digital board infrastructure.
TS030-SEM1-05,TS030,1,6,TS030-S05,78.69,53.7,True,63.76,55.56,62.95,66.33,58.11,"Strictness is moderate, allowing good learning freedom."
TS030-SEM1-06,TS030,1,6,TS030-S06,82.42,56.62,True,71.27,62.51,68.33,66.62,65.17,Excellent labs and digital board infrastructure.
TS030-SEM1-07,TS030,1,6,TS030-S07,74.07,67.93,False,56.49,57.62,58.52,68.49,50.88,Teaching incorporates both fundamentals and modern practical tools.
TS030-SEM1-08,TS030,1,6,TS030-S08,71.14,47.55,False,55.47,58.68,53.81,71.68,42.74,"Strictness is moderate, allowing good learning freedom."
TS030-SEM1-09,TS030,1,6,TS030-S09,81.86,61.78,True,63.51,55.0,62.18,73.02,71.26,Excellent labs and digital board infrastructure.
TS030-SEM1-10,TS030,1,6,TS030-S10,70.81,40.07,False,42.63,74.76,50.41,72.58,45.21,"Campus has trees and nature, very peaceful."
TS030-SEM1-11,TS030,1,6,TS030-S11,70.91,68.25,False,46.96,71.08,56.26,66.78,48.54,"Strictness is moderate, allowing good learning freedom."
TS030-SEM1-12,TS030,1,6,TS030-S12,75.95,77.79,True,76.26,63.45,66.7,73.95,62.53,Teaching incorporates both fundamentals and modern practical tools.
TS030-SEM1-13,TS030,1,6,TS030-S13,73.28,62.07,False,46.76,61.21,56.61,63.58,49.53,Good focus on practical sessions and mentoring.
TS030-SEM1-14,TS030,1,6,TS030-S14,71.46,58.32,False,52.72,53.19,69.16,55.56,46.95,"Campus has trees and nature, very peaceful."
TS031-SEM1-01,TS031,1,6,TS031-S01,73.66,78.42,False,60.66,70.7,71.29,59.07,58.9,Teaching incorporates both fundamentals and modern practical tools.
TS031-SEM1-02,TS031,1,6,TS031-S02,74.19,33.03,False,57.65,78.49,72.52,73.72,65.92,Teaching incorporates both fundamentals and modern practical tools.
TS031-SEM1-03,TS031,1,6,TS031-S03,73.29,67.55,False,61.61,70.61,64.34,79.06,69.11,"Strictness is moderate, allowing good learning freedom."
TS031-SEM1-04,TS031,1,6,TS031-S04,80.28,57.92,True,78.67,72.05,80.89,81.74,81.15,Excellent labs and digital board infrastructure.
TS031-SEM1-05,TS031,1,6,TS031-S05,68.2,66.26,False,56.99,74.75,74.4,81.26,65.05,Good focus on practical sessions and mentoring.
TS031-SEM1-06,TS031,1,6,TS031-S06,63.71,63.97,False,76.34,62.73,67.21,79.96,64.59,"Campus has trees and nature, very peaceful."
TS031-SEM1-07,TS031,1,6,TS031-S07,86.88,54.67,True,84.85,70.11,73.52,78.08,84.69,"Campus has trees and nature, very peaceful."
TS031-SEM1-08,TS031,1,6,TS031-S08,75.69,66.57,True,84.8,100.0,77.96,79.07,73.02,Excellent labs and digital board infrastructure.
TS031-SEM1-09,TS031,1,6,TS031-S09,68.18,59.86,False,60.3,69.55,76.4,78.96,60.71,Good focus on practical sessions and mentoring.
TS031-SEM1-10,TS031,1,6,TS031-S10,64.75,75.37,False,63.21,55.87,71.07,77.63,49.38,"Strictness is moderate, allowing good learning freedom."
TS031-SEM1-11,TS031,1,6,TS031-S11,67.05,60.9,False,67.91,65.55,63.35,75.84,59.16,"Campus has trees and nature, very peaceful."
TS031-SEM1-12,TS031,1,6,TS031-S12,75.25,50.88,True,82.04,81.7,79.12,75.28,75.53,Good focus on practical sessions and mentoring.
TS031-SEM1-13,TS031,1,6,TS031-S13,80.16,46.77,False,71.01,80.24,71.81,67.35,57.42,"Strictness is moderate, allowing good learning freedom."
TS031-SEM1-14,TS031,1,6,TS031-S14,70.74,49.05,False,57.74,74.84,70.75,65.18,64.89,"Strictness is moderate, allowing good learning freedom."
TS032-SEM1-01,TS032,1,6,TS032-S01,62.32,66.18,False,62.51,62.51,57.17,75.57,51.89,"Campus has trees and nature, very peaceful."
TS032-SEM1-02,TS032,1,6,TS032-S02,75.96,64.0,True,83.48,78.0,67.44,78.65,72.08,Excellent labs and digital board infrastructure.
TS032-SEM1-03,TS032,1,6,TS032-S03,72.98,49.07,False,53.04,63.92,65.08,54.8,59.72,Career guidance is helpful from the beginning.
TS032-SEM1-04,TS032,1,6,TS032-S04,67.08,74.8,False,57.12,54.52,63.61,59.52,63.58,"Campus has trees and nature, very peaceful."
TS032-SEM1-05,TS032,1,6,TS032-S05,72.0,60.48,False,62.79,55.47,56.79,67.47,51.74,Teaching incorporates both fundamentals and modern practical tools.
TS032-SEM1-06,TS032,1,6,TS032-S06,65.4,70.37,False,62.39,53.48,60.14,59.59,66.12,Teaching incorporates both fundamentals and modern practical tools.
TS032-SEM1-07,TS032,1,6,TS032-S07,77.44,57.79,True,65.1,68.13,70.76,74.73,74.75,"Strictness is moderate, allowing good learning freedom."
TS032-SEM1-08,TS032,1,6,TS032-S08,73.49,62.78,False,58.25,61.14,61.1,66.41,59.29,Career guidance is helpful from the beginning.
TS032-SEM1-09,TS032,1,6,TS032-S09,73.19,50.21,False,53.24,66.7,70.59,65.93,55.18,"Campus has trees and nature, very peaceful."
TS032-SEM1-10,TS032,1,6,TS032-S10,73.35,50.63,False,67.09,65.0,59.89,64.02,54.6,Teaching incorporates both fundamentals and modern practical tools.
TS032-SEM1-11,TS032,1,6,TS032-S11,79.87,59.98,True,76.68,67.58,71.2,73.66,67.47,Teaching incorporates both fundamentals and modern practical tools.
TS032-SEM1-12,TS032,1,6,TS032-S12,73.52,61.54,False,60.02,63.79,64.53,73.04,51.34,"Campus has trees and nature, very peaceful."
TS032-SEM1-13,TS032,1,6,TS032-S13,69.95,68.67,False,62.12,67.18,77.0,68.7,62.89,Good focus on practical sessions and mentoring.
TS032-SEM1-14,TS032,1,6,TS032-S14,70.16,52.07,False,57.35,69.2,65.27,67.44,56.16,"Strictness is moderate, allowing good learning freedom."
TS033-SEM1-01,TS033,1,6,TS033-S01,75.26,59.81,False,47.65,62.11,50.35,80.6,61.49,"Campus has trees and nature, very peaceful."
TS033-SEM1-02,TS033,1,6,TS033-S02,81.8,74.75,True,73.3,64.43,55.53,83.14,73.94,Good focus on practical sessions and mentoring.
TS033-SEM1-03,TS033,1,6,TS033-S03,71.81,49.75,False,48.78,40.63,61.02,57.51,51.73,"Strictness is moderate, allowing good learning freedom."
TS033-SEM1-04,TS033,1,6,TS033-S04,66.94,47.73,False,53.73,52.53,60.49,59.52,46.51,Career guidance is helpful from the beginning.
TS033-SEM1-05,TS033,1,6,TS033-S05,57.67,40.16,False,63.09,71.86,56.76,62.18,48.8,Excellent labs and digital board infrastructure.
TS033-SEM1-06,TS033,1,6,TS033-S06,77.24,56.86,True,66.22,60.65,60.67,75.89,63.41,"Strictness is moderate, allowing good learning freedom."
TS033-SEM1-07,TS033,1,6,TS033-S07,74.71,57.28,False,53.06,66.27,55.46,72.64,41.34,Career guidance is helpful from the beginning.
TS033-SEM1-08,TS033,1,6,TS033-S08,69.18,62.28,False,63.84,39.52,55.82,75.87,46.37,Excellent labs and digital board infrastructure.
TS033-SEM1-09,TS033,1,6,TS033-S09,70.72,65.32,False,53.4,67.72,58.54,75.09,48.5,Teaching incorporates both fundamentals and modern practical tools.
TS033-SEM1-10,TS033,1,6,TS033-S10,67.56,59.74,False,45.34,59.06,54.37,63.09,52.79,Teaching incorporates both fundamentals and modern practical tools.
TS033-SEM1-11,TS033,1,6,TS033-S11,65.14,69.71,False,49.43,64.47,54.33,70.92,51.19,Teaching incorporates both fundamentals and modern practical tools.
TS033-SEM1-12,TS033,1,6,TS033-S12,76.46,63.1,True,72.35,64.49,67.24,78.27,64.43,"Strictness is moderate, allowing good learning freedom."
TS033-SEM1-13,TS033,1,6,TS033-S13,66.51,68.55,False,50.48,62.69,55.41,73.27,52.41,Good focus on practical sessions and mentoring.
TS033-SEM1-14,TS033,1,6,TS033-S14,73.73,58.26,False,53.69,64.74,56.03,70.31,50.53,Excellent labs and digital board infrastructure.
TS034-SEM1-01,TS034,1,6,TS034-S01,74.43,56.88,False,60.41,77.49,63.65,59.57,57.64,Teaching incorporates both fundamentals and modern practical tools.
TS034-SEM1-02,TS034,1,6,TS034-S02,84.26,49.13,False,58.81,63.66,63.11,70.54,62.33,"Campus has trees and nature, very peaceful."
TS034-SEM1-03,TS034,1,6,TS034-S03,72.51,74.77,False,57.92,62.67,59.28,58.47,58.01,Excellent labs and digital board infrastructure.
TS034-SEM1-04,TS034,1,6,TS034-S04,84.32,66.58,True,70.15,73.52,74.55,88.43,82.07,Excellent labs and digital board infrastructure.
TS034-SEM1-05,TS034,1,6,TS034-S05,76.83,62.35,False,54.11,53.89,56.99,69.67,55.17,Good focus on practical sessions and mentoring.
TS034-SEM1-06,TS034,1,6,TS034-S06,63.18,61.63,False,56.72,56.09,60.78,67.45,53.54,Career guidance is helpful from the beginning.
TS034-SEM1-07,TS034,1,6,TS034-S07,77.56,42.97,False,46.71,65.5,63.11,71.8,53.93,Good focus on practical sessions and mentoring.
TS034-SEM1-08,TS034,1,6,TS034-S08,66.49,61.93,False,55.98,77.88,61.01,69.05,69.0,Teaching incorporates both fundamentals and modern practical tools.
TS034-SEM1-09,TS034,1,6,TS034-S09,70.83,67.56,False,62.51,71.32,64.07,70.54,57.13,"Campus has trees and nature, very peaceful."
TS034-SEM1-10,TS034,1,6,TS034-S10,68.54,65.26,False,70.8,75.16,64.15,74.51,52.28,"Campus has trees and nature, very peaceful."
TS034-SEM1-11,TS034,1,6,TS034-S11,70.44,71.48,False,67.55,59.31,60.21,82.46,57.11,Teaching incorporates both fundamentals and modern practical tools.
TS034-SEM1-12,TS034,1,6,TS034-S12,82.94,64.07,True,70.79,83.01,76.42,70.16,72.87,"Campus has trees and nature, very peaceful."
TS034-SEM1-13,TS034,1,6,TS034-S13,77.49,60.7,True,78.68,84.3,67.38,77.65,68.59,Good focus on practical sessions and mentoring.
TS034-SEM1-14,TS034,1,6,TS034-S14,66.63,63.24,False,58.82,57.74,59.05,62.98,58.9,"Strictness is moderate, allowing good learning freedom."
TS035-SEM1-01,TS035,1,6,TS035-S01,70.03,60.67,False,33.91,55.01,59.18,69.81,59.63,Good focus on practical sessions and mentoring.
TS035-SEM1-02,TS035,1,6,TS035-S02,70.87,70.16,False,48.48,60.69,56.22,56.47,52.16,"Strictness is moderate, allowing good learning freedom."
TS035-SEM1-03,TS035,1,6,TS035-S03,80.4,63.81,True,64.59,72.94,62.83,71.93,72.17,Teaching incorporates both fundamentals and modern practical tools.
TS035-SEM1-04,TS035,1,6,TS035-S04,75.97,64.51,True,74.37,78.41,63.17,59.57,73.58,"Campus has trees and nature, very peaceful."
TS035-SEM1-05,TS035,1,6,TS035-S05,70.01,60.69,False,58.42,50.9,57.74,62.98,60.44,Excellent labs and digital board infrastructure.
TS035-SEM1-06,TS035,1,6,TS035-S06,72.18,49.64,False,47.91,55.67,53.44,54.21,56.26,Career guidance is helpful from the beginning.
TS035-SEM1-07,TS035,1,6,TS035-S07,76.11,58.32,True,70.22,69.37,69.11,54.94,69.88,Excellent labs and digital board infrastructure.
TS035-SEM1-08,TS035,1,6,TS035-S08,75.11,57.9,True,73.59,65.2,73.63,77.34,70.49,"Strictness is moderate, allowing good learning freedom."
TS035-SEM1-09,TS035,1,6,TS035-S09,70.81,33.5,False,53.13,43.73,60.19,64.5,56.57,Good focus on practical sessions and mentoring.
TS035-SEM1-10,TS035,1,6,TS035-S10,80.38,61.74,True,70.48,54.07,63.28,68.34,74.05,Good focus on practical sessions and mentoring.
TS035-SEM1-11,TS035,1,6,TS035-S11,66.32,59.02,False,54.12,50.97,63.14,67.43,58.92,Good focus on practical sessions and mentoring.
TS035-SEM1-12,TS035,1,6,TS035-S12,70.01,74.03,False,46.9,43.45,53.02,63.63,59.1,Good focus on practical sessions and mentoring.
TS035-SEM1-13,TS035,1,6,TS035-S13,68.39,57.23,False,53.79,59.14,56.7,60.38,46.36,Career guidance is helpful from the beginning.
TS035-SEM1-14,TS035,1,6,TS035-S14,68.57,73.77,False,55.63,48.63,65.27,60.07,60.19,Teaching incorporates both fundamentals and modern practical tools.
TS036-SEM1-01,TS036,1,6,TS036-S01,72.27,72.91,False,54.47,72.6,63.95,64.88,57.24,Good focus on practical sessions and mentoring.
TS036-SEM1-02,TS036,1,6,TS036-S02,68.97,61.98,False,55.93,69.02,61.57,53.29,48.19,"Strictness is moderate, allowing good learning freedom."
TS036-SEM1-03,TS036,1,6,TS036-S03,61.64,68.18,False,51.68,63.75,63.27,61.89,58.78,"Campus has trees and nature, very peaceful."
TS036-SEM1-04,TS036,1,6,TS036-S04,72.95,34.9,False,56.64,64.75,70.79,72.39,49.77,Career guidance is helpful from the beginning.
TS036-SEM1-05,TS036,1,6,TS036-S05,69.9,46.34,False,67.7,69.45,64.34,63.27,63.49,"Strictness is moderate, allowing good learning freedom."
TS036-SEM1-06,TS036,1,6,TS036-S06,79.27,73.58,True,70.49,77.49,73.67,68.13,72.83,"Strictness is moderate, allowing good learning freedom."
TS036-SEM1-07,TS036,1,6,TS036-S07,78.8,78.64,True,71.01,74.16,72.02,66.14,84.0,Good focus on practical sessions and mentoring.
TS036-SEM1-08,TS036,1,6,TS036-S08,74.53,67.31,False,69.14,57.76,62.14,54.75,55.72,"Campus has trees and nature, very peaceful."
TS036-SEM1-09,TS036,1,6,TS036-S09,63.07,69.48,False,61.11,59.13,62.08,66.84,50.91,Good focus on practical sessions and mentoring.
TS036-SEM1-10,TS036,1,6,TS036-S10,73.23,69.0,False,47.89,66.83,54.22,61.57,50.77,"Strictness is moderate, allowing good learning freedom."
TS036-SEM1-11,TS036,1,6,TS036-S11,80.59,50.43,True,73.39,68.04,62.06,72.43,64.63,Teaching incorporates both fundamentals and modern practical tools.
TS036-SEM1-12,TS036,1,6,TS036-S12,65.78,56.25,False,63.4,71.71,68.1,61.35,44.45,Career guidance is helpful from the beginning.
TS036-SEM1-13,TS036,1,6,TS036-S13,74.35,76.71,False,65.99,65.05,56.64,59.12,66.25,Teaching incorporates both fundamentals and modern practical tools.
TS036-SEM1-14,TS036,1,6,TS036-S14,63.5,50.52,False,64.24,57.9,56.68,71.44,58.89,Career guidance is helpful from the beginning.
TS037-SEM1-01,TS037,1,6,TS037-S01,73.14,71.99,False,33.07,43.17,39.67,64.04,35.31,Good focus on practical sessions and mentoring.
TS037-SEM1-02,TS037,1,6,TS037-S02,64.33,67.14,False,51.41,45.89,51.89,62.58,41.96,Good focus on practical sessions and mentoring.
TS037-SEM1-03,TS037,1,6,TS037-S03,65.43,67.65,False,48.72,54.32,50.6,52.34,46.49,Career guidance is helpful from the beginning.
TS037-SEM1-04,TS037,1,6,TS037-S04,71.99,57.17,False,43.27,41.64,53.49,50.85,38.07,"Campus has trees and nature, very peaceful."
TS037-SEM1-05,TS037,1,6,TS037-S05,70.03,78.14,False,51.37,34.04,55.8,67.45,37.17,"Campus has trees and nature, very peaceful."
TS037-SEM1-06,TS037,1,6,TS037-S06,56.87,61.28,False,51.78,59.89,44.69,69.87,31.9,Good focus on practical sessions and mentoring.
TS037-SEM1-07,TS037,1,6,TS037-S07,69.79,57.83,False,51.96,57.55,53.81,51.25,47.35,Good focus on practical sessions and mentoring.
TS037-SEM1-08,TS037,1,6,TS037-S08,75.05,45.29,False,32.64,55.47,48.14,51.64,42.0,Teaching incorporates both fundamentals and modern practical tools.
TS037-SEM1-09,TS037,1,6,TS037-S09,74.18,61.17,False,35.73,62.25,54.06,57.34,41.57,"Strictness is moderate, allowing good learning freedom."
TS037-SEM1-10,TS037,1,6,TS037-S10,74.16,50.7,False,46.98,36.52,48.69,52.34,37.45,Good focus on practical sessions and mentoring.
TS037-SEM1-11,TS037,1,6,TS037-S11,81.87,62.59,True,46.97,52.39,58.35,67.52,50.27,Career guidance is helpful from the beginning.
TS037-SEM1-12,TS037,1,6,TS037-S12,73.24,65.67,False,52.74,41.92,37.83,53.37,37.56,"Campus has trees and nature, very peaceful."
TS037-SEM1-13,TS037,1,6,TS037-S13,76.42,34.83,False,42.35,58.57,49.08,64.73,34.83,"Campus has trees and nature, very peaceful."
TS037-SEM1-14,TS037,1,6,TS037-S14,62.39,76.37,False,45.65,47.99,43.45,59.96,37.31,Teaching incorporates both fundamentals and modern practical tools.
TS038-SEM1-01,TS038,1,6,TS038-S01,92.62,66.19,True,58.99,57.42,59.07,72.85,71.03,"Campus has trees and nature, very peaceful."
TS038-SEM1-02,TS038,1,6,TS038-S02,69.22,81.85,False,48.35,49.06,59.96,68.4,57.15,"Campus has trees and nature, very peaceful."
TS038-SEM1-03,TS038,1,6,TS038-S03,74.57,72.51,False,48.78,57.36,61.29,72.12,42.42,"Strictness is moderate, allowing good learning freedom."
TS038-SEM1-04,TS038,1,6,TS038-S04,66.56,70.23,False,36.86,53.95,62.07,59.59,48.62,Excellent labs and digital board infrastructure.
TS038-SEM1-05,TS038,1,6,TS038-S05,65.56,56.78,False,49.81,44.55,53.08,61.42,49.35,Career guidance is helpful from the beginning.
TS038-SEM1-06,TS038,1,6,TS038-S06,83.24,58.06,True,63.31,55.3,55.25,60.62,62.73,"Strictness is moderate, allowing good learning freedom."
TS038-SEM1-07,TS038,1,6,TS038-S07,73.1,72.76,False,42.05,45.63,49.93,61.46,56.15,Excellent labs and digital board infrastructure.
TS038-SEM1-08,TS038,1,6,TS038-S08,69.32,61.52,False,61.5,53.68,52.97,64.0,46.63,"Campus has trees and nature, very peaceful."
TS038-SEM1-09,TS038,1,6,TS038-S09,74.52,67.15,False,44.56,51.42,56.18,66.31,54.92,Teaching incorporates both fundamentals and modern practical tools.
TS038-SEM1-10,TS038,1,6,TS038-S10,74.86,58.97,False,58.37,43.03,50.16,43.87,50.42,Teaching incorporates both fundamentals and modern practical tools.
TS038-SEM1-11,TS038,1,6,TS038-S11,67.07,65.98,False,40.94,44.84,59.12,56.86,52.81,"Campus has trees and nature, very peaceful."
TS038-SEM1-12,TS038,1,6,TS038-S12,68.66,61.67,False,56.34,57.64,57.23,58.16,48.48,Good focus on practical sessions and mentoring.
TS038-SEM1-13,TS038,1,6,TS038-S13,75.82,51.79,False,50.45,49.19,51.72,51.93,53.37,Excellent labs and digital board infrastructure.
TS038-SEM1-14,TS038,1,6,TS038-S14,77.78,44.08,False,54.98,58.68,59.75,60.54,46.05,"Campus has trees and nature, very peaceful."
TS039-SEM1-01,TS039,1,6,TS039-S01,60.21,48.99,False,48.0,42.23,50.46,54.99,54.14,Teaching incorporates both fundamentals and modern practical tools.
TS039-SEM1-02,TS039,1,6,TS039-S02,84.99,51.42,True,56.18,64.67,67.96,67.54,62.52,Teaching incorporates both fundamentals and modern practical tools.
TS039-SEM1-03,TS039,1,6,TS039-S03,66.34,73.46,False,28.37,53.6,51.72,59.37,50.26,Excellent labs and digital board infrastructure.
TS039-SEM1-04,TS039,1,6,TS039-S04,79.21,47.88,False,60.51,45.76,58.39,64.24,43.43,Career guidance is helpful from the beginning.
TS039-SEM1-05,TS039,1,6,TS039-S05,69.54,61.66,False,49.2,49.78,50.78,58.72,39.87,"Campus has trees and nature, very peaceful."
TS039-SEM1-06,TS039,1,6,TS039-S06,67.1,50.5,False,45.42,60.6,52.55,75.19,34.89,"Strictness is moderate, allowing good learning freedom."
TS039-SEM1-07,TS039,1,6,TS039-S07,74.82,62.06,False,52.84,62.87,51.12,64.38,42.22,"Campus has trees and nature, very peaceful."
TS039-SEM1-08,TS039,1,6,TS039-S08,75.68,43.21,False,52.61,56.96,49.51,61.95,45.15,Career guidance is helpful from the beginning.
TS039-SEM1-09,TS039,1,6,TS039-S09,79.78,94.33,True,58.55,72.18,62.31,64.79,57.64,Excellent labs and digital board infrastructure.
TS039-SEM1-10,TS039,1,6,TS039-S10,71.62,70.08,False,38.27,51.37,54.81,63.59,53.03,Excellent labs and digital board infrastructure.
TS039-SEM1-11,TS039,1,6,TS039-S11,63.53,85.52,False,38.72,40.91,51.65,56.53,45.75,Teaching incorporates both fundamentals and modern practical tools.
TS039-SEM1-12,TS039,1,6,TS039-S12,71.56,60.04,False,42.89,60.6,50.36,69.96,45.04,Career guidance is helpful from the beginning.
TS039-SEM1-13,TS039,1,6,TS039-S13,66.21,45.12,False,46.91,46.99,45.2,66.51,37.06,Excellent labs and digital board infrastructure.
TS039-SEM1-14,TS039,1,6,TS039-S14,80.47,63.6,True,55.74,73.26,58.93,66.22,64.94,Good focus on practical sessions and mentoring.
TS040-SEM1-01,TS040,1,6,TS040-S01,60.38,62.75,False,48.34,47.42,59.13,49.19,52.43,"Campus has trees and nature, very peaceful."
TS040-SEM1-02,TS040,1,6,TS040-S02,70.73,55.39,False,50.79,49.46,53.77,55.94,50.22,Teaching incorporates both fundamentals and modern practical tools.
TS040-SEM1-03,TS040,1,6,TS040-S03,68.33,77.9,False,56.1,47.64,58.34,49.73,49.43,"Strictness is moderate, allowing good learning freedom."
TS040-SEM1-04,TS040,1,6,TS040-S04,70.08,49.53,False,55.93,46.66,55.83,52.48,66.41,Career guidance is helpful from the beginning.
TS040-SEM1-05,TS040,1,6,TS040-S05,68.02,41.31,False,44.01,56.77,64.29,51.8,58.0,Teaching incorporates both fundamentals and modern practical tools.
TS040-SEM1-06,TS040,1,6,TS040-S06,76.45,60.11,True,68.69,67.72,66.6,58.83,68.74,Excellent labs and digital board infrastructure.
TS040-SEM1-07,TS040,1,6,TS040-S07,83.89,64.51,True,70.85,62.89,65.15,68.28,73.2,Excellent labs and digital board infrastructure.
TS040-SEM1-08,TS040,1,6,TS040-S08,73.58,55.06,False,55.92,50.16,56.07,71.97,43.91,"Strictness is moderate, allowing good learning freedom."
TS040-SEM1-09,TS040,1,6,TS040-S09,77.75,53.37,True,83.02,53.0,60.99,62.79,65.37,"Strictness is moderate, allowing good learning freedom."
TS040-SEM1-10,TS040,1,6,TS040-S10,77.3,56.65,True,59.63,46.25,63.46,53.48,77.2,"Strictness is moderate, allowing good learning freedom."
TS040-SEM1-11,TS040,1,6,TS040-S11,62.82,51.62,False,56.09,46.01,50.02,68.13,46.6,"Strictness is moderate, allowing good learning freedom."
TS040-SEM1-12,TS040,1,6,TS040-S12,70.82,59.91,False,57.87,54.4,53.48,53.94,50.48,"Strictness is moderate, allowing good learning freedom."
TS040-SEM1-13,TS040,1,6,TS040-S13,76.49,50.32,True,63.05,60.63,58.81,55.11,65.24,Good focus on practical sessions and mentoring.
TS040-SEM1-14,TS040,1,6,TS040-S14,66.18,57.86,False,47.74,56.26,53.69,50.53,49.64,"Campus has trees and nature, very peaceful."
TS041-SEM1-01,TS041,1,6,TS041-S01,68.33,61.57,False,58.5,59.3,64.37,56.18,50.93,Career guidance is helpful from the beginning.
TS041-SEM1-02,TS041,1,6,TS041-S02,74.22,50.31,False,62.1,62.54,52.58,62.56,47.3,Teaching incorporates both fundamentals and modern practical tools.
TS041-SEM1-03,TS041,1,6,TS041-S03,76.16,59.51,True,78.15,64.17,58.62,64.37,67.62,"Strictness is moderate, allowing good learning freedom."
TS041-SEM1-04,TS041,1,6,TS041-S04,82.95,61.9,True,70.01,71.21,68.56,75.54,75.28,"Campus has trees and nature, very peaceful."
TS041-SEM1-05,TS041,1,6,TS041-S05,65.66,78.23,False,55.96,59.01,47.57,65.71,56.23,Excellent labs and digital board infrastructure.
TS041-SEM1-06,TS041,1,6,TS041-S06,72.6,57.97,False,54.27,59.7,64.04,65.73,54.57,"Campus has trees and nature, very peaceful."
TS041-SEM1-07,TS041,1,6,TS041-S07,77.69,61.21,True,72.91,61.78,69.88,59.65,68.58,"Strictness is moderate, allowing good learning freedom."
TS041-SEM1-08,TS041,1,6,TS041-S08,59.89,60.25,False,67.38,61.72,64.94,76.01,57.74,Teaching incorporates both fundamentals and modern practical tools.
TS041-SEM1-09,TS041,1,6,TS041-S09,67.41,55.72,False,57.73,57.59,58.93,67.81,60.85,"Strictness is moderate, allowing good learning freedom."
TS041-SEM1-10,TS041,1,6,TS041-S10,62.12,53.82,False,54.94,67.44,67.44,78.11,53.39,"Campus has trees and nature, very peaceful."
TS041-SEM1-11,TS041,1,6,TS041-S11,69.51,67.89,False,53.63,61.52,59.65,46.17,56.34,Excellent labs and digital board infrastructure.
TS041-SEM1-12,TS041,1,6,TS041-S12,70.91,74.71,False,57.75,52.61,60.43,49.35,49.67,"Campus has trees and nature, very peaceful."
TS041-SEM1-13,TS041,1,6,TS041-S13,75.81,59.53,True,59.92,70.71,66.34,74.63,77.09,"Strictness is moderate, allowing good learning freedom."
TS041-SEM1-14,TS041,1,6,TS041-S14,75.85,77.41,True,79.73,64.3,63.32,73.42,66.2,Career guidance is helpful from the beginning.
TS042-SEM1-01,TS042,1,6,TS042-S01,73.14,74.02,False,70.42,72.4,71.62,67.07,57.21,"Campus has trees and nature, very peaceful."
TS042-SEM1-02,TS042,1,6,TS042-S02,75.18,61.97,True,70.11,67.64,72.84,73.12,73.4,Career guidance is helpful from the beginning.
TS042-SEM1-03,TS042,1,6,TS042-S03,68.6,67.05,False,63.88,57.5,56.76,71.78,50.32,"Strictness is moderate, allowing good learning freedom."
TS042-SEM1-04,TS042,1,6,TS042-S04,75.28,78.17,True,77.63,82.21,81.46,59.05,72.88,"Campus has trees and nature, very peaceful."
TS042-SEM1-05,TS042,1,6,TS042-S05,77.09,58.63,True,72.96,77.59,68.83,69.92,72.46,Excellent labs and digital board infrastructure.
TS042-SEM1-06,TS042,1,6,TS042-S06,73.63,54.25,False,64.92,71.77,68.7,59.28,48.7,Good focus on practical sessions and mentoring.
TS042-SEM1-07,TS042,1,6,TS042-S07,71.97,90.99,False,66.8,62.1,65.32,70.42,50.36,Good focus on practical sessions and mentoring.
TS042-SEM1-08,TS042,1,6,TS042-S08,80.22,60.33,True,73.34,85.7,66.42,62.81,76.81,Career guidance is helpful from the beginning.
TS042-SEM1-09,TS042,1,6,TS042-S09,59.74,58.99,False,66.32,71.17,68.41,69.78,69.25,"Strictness is moderate, allowing good learning freedom."
TS042-SEM1-10,TS042,1,6,TS042-S10,68.47,65.98,False,56.57,74.19,62.89,76.37,54.55,Career guidance is helpful from the beginning.
TS042-SEM1-11,TS042,1,6,TS042-S11,80.44,67.93,True,76.45,78.63,71.98,71.81,71.69,"Strictness is moderate, allowing good learning freedom."
TS042-SEM1-12,TS042,1,6,TS042-S12,69.99,45.17,False,64.25,56.66,62.11,69.94,61.4,"Strictness is moderate, allowing good learning freedom."
TS042-SEM1-13,TS042,1,6,TS042-S13,61.35,61.08,False,61.96,66.96,69.92,61.12,46.95,Good focus on practical sessions and mentoring.
TS042-SEM1-14,TS042,1,6,TS042-S14,76.86,56.63,True,72.25,86.38,63.88,87.07,71.01,Excellent labs and digital board infrastructure.
TS043-SEM1-01,TS043,1,6,TS043-S01,70.7,64.42,False,40.85,51.21,43.53,52.83,45.12,Excellent labs and digital board infrastructure.
TS043-SEM1-02,TS043,1,6,TS043-S02,70.73,64.72,False,43.84,61.31,52.54,65.2,46.72,"Campus has trees and nature, very peaceful."
TS043-SEM1-03,TS043,1,6,TS043-S03,78.02,67.76,True,66.15,41.63,49.8,70.35,62.75,Career guidance is helpful from the beginning.
TS043-SEM1-04,TS043,1,6,TS043-S04,75.48,62.2,True,54.26,56.14,52.03,73.13,54.34,Excellent labs and digital board infrastructure.
TS043-SEM1-05,TS043,1,6,TS043-S05,74.09,47.31,False,45.43,53.39,52.87,53.93,42.37,Teaching incorporates both fundamentals and modern practical tools.
TS043-SEM1-06,TS043,1,6,TS043-S06,62.99,45.05,False,48.44,50.71,53.94,67.42,45.67,"Campus has trees and nature, very peaceful."
TS043-SEM1-07,TS043,1,6,TS043-S07,70.36,51.27,False,45.09,35.66,47.51,64.34,45.15,"Campus has trees and nature, very peaceful."
TS043-SEM1-08,TS043,1,6,TS043-S08,90.39,48.54,False,46.98,34.84,49.8,61.72,49.96,Good focus on practical sessions and mentoring.
TS043-SEM1-09,TS043,1,6,TS043-S09,69.3,60.09,False,45.15,35.02,48.47,61.51,46.1,Career guidance is helpful from the beginning.
TS043-SEM1-10,TS043,1,6,TS043-S10,75.35,59.65,True,51.41,60.55,55.25,75.29,70.32,Excellent labs and digital board infrastructure.
TS043-SEM1-11,TS043,1,6,TS043-S11,70.87,51.77,False,47.63,49.02,50.16,60.42,48.55,Excellent labs and digital board infrastructure.
TS043-SEM1-12,TS043,1,6,TS043-S12,74.99,58.54,False,37.81,49.88,47.9,65.09,46.49,"Strictness is moderate, allowing good learning freedom."
TS043-SEM1-13,TS043,1,6,TS043-S13,60.67,62.81,False,50.82,51.32,52.32,51.94,52.12,"Campus has trees and nature, very peaceful."
TS043-SEM1-14,TS043,1,6,TS043-S14,74.47,49.97,False,43.01,48.08,55.13,60.88,49.86,Career guidance is helpful from the beginning.
TS044-SEM1-01,TS044,1,6,TS044-S01,68.96,80.38,False,76.69,93.95,64.68,78.16,67.74,Career guidance is helpful from the beginning.
TS044-SEM1-02,TS044,1,6,TS044-S02,76.55,58.46,True,79.38,89.05,68.69,85.62,80.08,Career guidance is helpful from the beginning.
TS044-SEM1-03,TS044,1,6,TS044-S03,74.79,64.35,False,66.47,77.66,73.31,73.55,56.11,"Strictness is moderate, allowing good learning freedom."
TS044-SEM1-04,TS044,1,6,TS044-S04,75.41,53.91,True,73.25,90.3,75.9,68.95,79.46,Good focus on practical sessions and mentoring.
TS044-SEM1-05,TS044,1,6,TS044-S05,79.02,57.49,True,85.64,94.39,81.49,65.11,90.05,Excellent labs and digital board infrastructure.
TS044-SEM1-06,TS044,1,6,TS044-S06,75.82,86.61,True,68.8,88.09,75.0,85.67,86.76,Career guidance is helpful from the beginning.
TS044-SEM1-07,TS044,1,6,TS044-S07,71.48,59.59,False,68.52,75.98,67.68,80.97,69.68,"Strictness is moderate, allowing good learning freedom."
TS044-SEM1-08,TS044,1,6,TS044-S08,78.5,60.32,True,78.49,81.96,75.73,77.72,81.28,Good focus on practical sessions and mentoring.
TS044-SEM1-09,TS044,1,6,TS044-S09,65.76,49.19,False,72.72,70.27,69.38,80.48,67.95,"Strictness is moderate, allowing good learning freedom."
TS044-SEM1-10,TS044,1,6,TS044-S10,76.77,65.03,True,87.62,91.43,67.2,78.58,84.86,Teaching incorporates both fundamentals and modern practical tools.
TS044-SEM1-11,TS044,1,6,TS044-S11,68.24,78.2,False,65.0,78.71,75.0,73.65,64.26,"Campus has trees and nature, very peaceful."
TS044-SEM1-12,TS044,1,6,TS044-S12,77.39,47.28,False,63.67,84.66,69.71,83.55,55.5,Excellent labs and digital board infrastructure.
TS044-SEM1-13,TS044,1,6,TS044-S13,61.86,69.7,False,70.58,76.48,71.38,79.22,59.31,"Strictness is moderate, allowing good learning freedom."
TS044-SEM1-14,TS044,1,6,TS044-S14,67.76,63.9,False,70.81,68.7,68.39,73.28,65.47,"Strictness is moderate, allowing good learning freedom."
TS045-SEM1-01,TS045,1,6,TS045-S01,76.13,54.44,True,63.79,79.28,63.62,66.69,66.66,Excellent labs and digital board infrastructure.
TS045-SEM1-02,TS045,1,6,TS045-S02,61.49,50.78,False,33.81,64.26,60.51,61.23,47.55,"Campus has trees and nature, very peaceful."
TS045-SEM1-03,TS045,1,6,TS045-S03,62.69,59.81,False,59.62,51.47,50.05,48.32,53.77,Teaching incorporates both fundamentals and modern practical tools.
TS045-SEM1-04,TS045,1,6,TS045-S04,71.58,44.43,False,43.32,40.2,52.21,60.11,44.35,Good focus on practical sessions and mentoring.
TS045-SEM1-05,TS045,1,6,TS045-S05,76.66,62.79,True,60.73,84.78,57.05,60.45,59.74,"Strictness is moderate, allowing good learning freedom."
TS045-SEM1-06,TS045,1,6,TS045-S06,70.73,44.8,False,50.64,35.18,53.68,50.76,44.96,"Campus has trees and nature, very peaceful."
TS045-SEM1-07,TS045,1,6,TS045-S07,75.63,85.04,True,61.97,54.63,55.52,61.58,68.99,Good focus on practical sessions and mentoring.
TS045-SEM1-08,TS045,1,6,TS045-S08,69.07,84.49,False,51.37,42.34,51.04,54.06,50.87,Good focus on practical sessions and mentoring.
TS045-SEM1-09,TS045,1,6,TS045-S09,62.17,48.59,False,45.32,55.89,59.04,67.15,49.52,Good focus on practical sessions and mentoring.
TS045-SEM1-10,TS045,1,6,TS045-S10,71.5,69.95,False,42.0,35.66,55.05,52.83,46.54,Teaching incorporates both fundamentals and modern practical tools.
TS045-SEM1-11,TS045,1,6,TS045-S11,72.72,64.48,False,54.5,57.08,53.85,56.22,47.41,Teaching incorporates both fundamentals and modern practical tools.
TS045-SEM1-12,TS045,1,6,TS045-S12,68.42,60.04,False,64.58,51.88,55.12,54.64,51.97,Good focus on practical sessions and mentoring.
TS045-SEM1-13,TS045,1,6,TS045-S13,76.56,69.67,True,69.08,70.6,61.29,65.18,69.34,Career guidance is helpful from the beginning.
TS045-SEM1-14,TS045,1,6,TS045-S14,66.58,54.82,False,48.55,36.49,57.01,53.09,44.51,Excellent labs and digital board infrastructure.
TS046-SEM1-01,TS046,1,6,TS046-S01,64.63,45.65,False,39.25,46.94,45.78,43.34,38.35,Teaching incorporates both fundamentals and modern practical tools.
TS046-SEM1-02,TS046,1,6,TS046-S02,60.98,66.6,False,41.22,59.83,44.29,40.57,38.0,Career guidance is helpful from the beginning.
TS046-SEM1-03,TS046,1,6,TS046-S03,70.03,66.35,False,40.41,33.96,36.07,47.8,45.17,Career guidance is helpful from the beginning.
TS046-SEM1-04,TS046,1,6,TS046-S04,72.48,70.13,False,46.33,46.17,40.18,47.4,44.29,"Strictness is moderate, allowing good learning freedom."
TS046-SEM1-05,TS046,1,6,TS046-S05,75.18,69.48,True,53.04,53.09,51.0,60.23,44.52,Excellent labs and digital board infrastructure.
TS046-SEM1-06,TS046,1,6,TS046-S06,72.18,61.21,False,32.02,49.41,40.63,44.08,47.5,Good focus on practical sessions and mentoring.
TS046-SEM1-07,TS046,1,6,TS046-S07,78.06,67.74,True,53.27,70.03,55.26,48.73,49.25,"Strictness is moderate, allowing good learning freedom."
TS046-SEM1-08,TS046,1,6,TS046-S08,75.4,61.44,True,56.82,51.89,53.91,55.88,53.21,"Strictness is moderate, allowing good learning freedom."
TS046-SEM1-09,TS046,1,6,TS046-S09,75.8,57.02,True,51.06,63.09,49.85,61.46,65.17,Career guidance is helpful from the beginning.
TS046-SEM1-10,TS046,1,6,TS046-S10,67.57,32.79,False,46.52,41.3,39.92,42.69,36.18,Career guidance is helpful from the beginning.
TS046-SEM1-11,TS046,1,6,TS046-S11,79.78,63.6,True,57.22,51.56,49.3,56.59,60.36,Career guidance is helpful from the beginning.
TS046-SEM1-12,TS046,1,6,TS046-S12,77.98,59.38,True,57.76,50.97,45.58,48.39,55.05,Good focus on practical sessions and mentoring.
TS046-SEM1-13,TS046,1,6,TS046-S13,75.97,74.59,True,50.67,51.18,55.23,50.06,54.1,Good focus on practical sessions and mentoring.
TS046-SEM1-14,TS046,1,6,TS046-S14,63.53,66.83,False,39.28,38.81,42.96,52.99,33.23,"Strictness is moderate, allowing good learning freedom."
TS047-SEM1-01,TS047,1,6,TS047-S01,78.17,78.23,True,54.34,49.42,56.88,57.25,69.56,"Strictness is moderate, allowing good learning freedom."
TS047-SEM1-02,TS047,1,6,TS047-S02,72.26,60.77,False,54.71,46.12,51.15,53.07,36.3,Teaching incorporates both fundamentals and modern practical tools.
TS047-SEM1-03,TS047,1,6,TS047-S03,68.34,83.87,False,48.95,48.45,44.27,63.04,36.36,Teaching incorporates both fundamentals and modern practical tools.
TS047-SEM1-04,TS047,1,6,TS047-S04,62.6,56.41,False,56.88,61.43,46.89,53.53,34.95,Career guidance is helpful from the beginning.
TS047-SEM1-05,TS047,1,6,TS047-S05,72.47,63.62,False,49.89,53.54,48.16,60.91,39.65,Good focus on practical sessions and mentoring.
TS047-SEM1-06,TS047,1,6,TS047-S06,75.22,56.93,True,61.42,56.8,60.12,55.15,55.83,Good focus on practical sessions and mentoring.
TS047-SEM1-07,TS047,1,6,TS047-S07,70.38,47.57,False,42.71,43.25,55.7,58.43,48.3,"Strictness is moderate, allowing good learning freedom."
TS047-SEM1-08,TS047,1,6,TS047-S08,73.81,56.64,False,45.95,52.09,55.12,56.78,34.91,Excellent labs and digital board infrastructure.
TS047-SEM1-09,TS047,1,6,TS047-S09,61.69,58.74,False,31.12,60.61,52.14,53.76,37.6,Career guidance is helpful from the beginning.
TS047-SEM1-10,TS047,1,6,TS047-S10,78.17,50.86,True,54.55,57.16,59.25,71.73,66.38,Teaching incorporates both fundamentals and modern practical tools.
TS047-SEM1-11,TS047,1,6,TS047-S11,72.0,72.21,False,41.12,31.68,45.79,52.73,39.99,Excellent labs and digital board infrastructure.
TS047-SEM1-12,TS047,1,6,TS047-S12,66.24,57.39,False,48.87,59.97,40.52,49.85,39.19,Good focus on practical sessions and mentoring.
TS047-SEM1-13,TS047,1,6,TS047-S13,76.59,59.95,True,63.45,63.9,56.06,59.67,62.5,Teaching incorporates both fundamentals and modern practical tools.
TS047-SEM1-14,TS047,1,6,TS047-S14,70.6,59.59,False,42.08,53.65,50.4,63.79,49.83,Career guidance is helpful from the beginning.
TS048-SEM1-01,TS048,1,6,TS048-S01,70.33,68.67,False,65.2,66.17,70.31,74.17,62.93,Good focus on practical sessions and mentoring.
TS048-SEM1-02,TS048,1,6,TS048-S02,68.72,66.94,False,63.84,58.16,57.0,54.42,59.2,Career guidance is helpful from the beginning.
TS048-SEM1-03,TS048,1,6,TS048-S03,73.79,50.18,False,67.13,65.9,71.6,68.78,53.52,"Strictness is moderate, allowing good learning freedom."
TS048-SEM1-04,TS048,1,6,TS048-S04,74.75,68.7,False,57.56,53.15,65.35,60.55,64.45,Excellent labs and digital board infrastructure.
TS048-SEM1-05,TS048,1,6,TS048-S05,69.56,79.25,False,48.1,65.76,72.0,61.21,58.05,Excellent labs and digital board infrastructure.
TS048-SEM1-06,TS048,1,6,TS048-S06,69.58,55.16,False,62.32,54.32,64.29,69.65,57.77,Excellent labs and digital board infrastructure.
TS048-SEM1-07,TS048,1,6,TS048-S07,66.0,72.3,False,65.23,56.36,58.38,60.84,61.58,"Campus has trees and nature, very peaceful."
TS048-SEM1-08,TS048,1,6,TS048-S08,73.65,69.9,False,58.89,57.29,69.44,63.23,59.78,Career guidance is helpful from the beginning.
TS048-SEM1-09,TS048,1,6,TS048-S09,62.7,56.3,False,66.91,58.96,68.92,52.57,56.05,Excellent labs and digital board infrastructure.
TS048-SEM1-10,TS048,1,6,TS048-S10,70.97,79.43,False,53.84,70.05,70.13,62.23,56.98,"Strictness is moderate, allowing good learning freedom."
TS048-SEM1-11,TS048,1,6,TS048-S11,72.85,47.19,False,58.12,74.9,67.46,65.62,59.41,Excellent labs and digital board infrastructure.
TS048-SEM1-12,TS048,1,6,TS048-S12,75.49,69.72,True,84.06,85.22,75.24,68.5,71.75,Career guidance is helpful from the beginning.
TS048-SEM1-13,TS048,1,6,TS048-S13,70.04,62.61,False,50.24,68.64,71.29,70.01,55.47,Excellent labs and digital board infrastructure.
TS048-SEM1-14,TS048,1,6,TS048-S14,67.23,65.0,False,59.93,68.23,67.86,73.11,53.19,Career guidance is helpful from the beginning.
TS049-SEM1-01,TS049,1,6,TS049-S01,80.29,65.19,True,58.61,51.13,43.62,54.53,58.35,Good focus on practical sessions and mentoring.
TS049-SEM1-02,TS049,1,6,TS049-S02,70.43,70.31,False,52.6,58.81,57.86,45.56,43.73,"Strictness is moderate, allowing good learning freedom."
TS049-SEM1-03,TS049,1,6,TS049-S03,73.44,49.15,False,49.96,34.97,45.29,42.68,38.27,Career guidance is helpful from the beginning.
TS049-SEM1-04,TS049,1,6,TS049-S04,69.29,80.39,False,50.84,49.05,45.87,34.88,45.75,Career guidance is helpful from the beginning.
TS049-SEM1-05,TS049,1,6,TS049-S05,70.5,42.34,False,44.83,58.05,53.04,42.11,40.36,"Campus has trees and nature, very peaceful."
TS049-SEM1-06,TS049,1,6,TS049-S06,83.92,62.07,True,54.98,70.06,47.94,46.77,54.18,Good focus on practical sessions and mentoring.
TS049-SEM1-07,TS049,1,6,TS049-S07,68.37,74.5,False,40.55,60.28,55.81,42.38,47.19,"Strictness is moderate, allowing good learning freedom."
TS049-SEM1-08,TS049,1,6,TS049-S08,75.19,63.16,True,69.26,59.44,50.42,43.44,65.19,"Campus has trees and nature, very peaceful."
TS049-SEM1-09,TS049,1,6,TS049-S09,78.78,56.63,True,54.17,68.92,54.89,50.63,57.6,Excellent labs and digital board infrastructure.
TS049-SEM1-10,TS049,1,6,TS049-S10,78.08,65.43,True,59.18,68.73,57.51,43.98,62.09,Career guidance is helpful from the beginning.
TS049-SEM1-11,TS049,1,6,TS049-S11,76.75,73.55,True,52.43,58.05,53.04,50.68,59.61,"Strictness is moderate, allowing good learning freedom."
TS049-SEM1-12,TS049,1,6,TS049-S12,65.26,50.7,False,31.63,29.58,47.56,56.47,51.2,Good focus on practical sessions and mentoring.
TS049-SEM1-13,TS049,1,6,TS049-S13,66.13,63.5,False,35.43,44.04,42.23,41.19,41.31,"Campus has trees and nature, very peaceful."
TS049-SEM1-14,TS049,1,6,TS049-S14,73.52,68.63,False,42.2,54.83,42.75,34.48,34.73,Career guidance is helpful from the beginning.
TS050-SEM1-01,TS050,1,6,TS050-S01,72.43,62.64,False,64.06,48.72,54.98,49.55,45.72,Teaching incorporates both fundamentals and modern practical tools.
TS050-SEM1-02,TS050,1,6,TS050-S02,78.76,62.27,True,63.78,64.1,61.52,54.53,67.6,"Strictness is moderate, allowing good learning freedom."
TS050-SEM1-03,TS050,1,6,TS050-S03,69.84,54.42,False,53.82,60.52,54.11,54.25,61.68,"Campus has trees and nature, very peaceful."
TS050-SEM1-04,TS050,1,6,TS050-S04,84.72,51.46,True,60.53,77.06,61.9,63.55,78.88,Good focus on practical sessions and mentoring.
TS050-SEM1-05,TS050,1,6,TS050-S05,71.94,69.06,False,56.01,53.9,62.19,50.02,57.59,"Campus has trees and nature, very peaceful."
TS050-SEM1-06,TS050,1,6,TS050-S06,68.48,57.22,False,46.36,51.21,54.76,40.53,49.72,"Campus has trees and nature, very peaceful."
TS050-SEM1-07,TS050,1,6,TS050-S07,68.95,69.9,False,55.43,52.94,54.6,53.71,58.32,"Campus has trees and nature, very peaceful."
TS050-SEM1-08,TS050,1,6,TS050-S08,67.07,54.8,False,46.12,46.75,58.43,56.33,57.3,Excellent labs and digital board infrastructure.
TS050-SEM1-09,TS050,1,6,TS050-S09,78.25,85.97,True,65.33,58.2,67.37,62.83,72.15,Teaching incorporates both fundamentals and modern practical tools.
TS050-SEM1-10,TS050,1,6,TS050-S10,65.17,65.52,False,54.12,59.72,53.47,62.25,61.14,Good focus on practical sessions and mentoring.
TS050-SEM1-11,TS050,1,6,TS050-S11,65.34,69.2,False,35.62,63.95,47.54,51.97,44.33,Good focus on practical sessions and mentoring.
TS050-SEM1-12,TS050,1,6,TS050-S12,70.71,70.39,False,41.75,55.73,54.32,64.6,53.05,Good focus on practical sessions and mentoring.
TS050-SEM1-13,TS050,1,6,TS050-S13,64.94,57.29,False,62.23,64.32,52.3,53.51,49.72,Career guidance is helpful from the beginning.
TS050-SEM1-14,TS050,1,6,TS050-S14,68.77,44.9,False,48.82,69.72,54.99,54.5,51.59,"Strictness is moderate, allowing good learning freedom."
TS051-SEM1-01,TS051,1,6,TS051-S01,80.06,69.91,True,99.4,71.23,95.88,82.11,91.25,Good focus on practical sessions and mentoring.
TS051-SEM1-02,TS051,1,6,TS051-S02,73.51,84.97,False,73.76,76.3,67.82,76.95,75.74,"Strictness is moderate, allowing good learning freedom."
TS051-SEM1-03,TS051,1,6,TS051-S03,80.58,86.74,True,83.66,99.55,84.74,83.81,90.0,Good focus on practical sessions and mentoring.
TS051-SEM1-04,TS051,1,6,TS051-S04,82.42,48.7,False,72.4,65.88,85.64,86.02,75.77,Teaching incorporates both fundamentals and modern practical tools.
TS051-SEM1-05,TS051,1,6,TS051-S05,80.57,64.92,True,99.17,81.25,72.73,89.69,97.01,Career guidance is helpful from the beginning.
TS051-SEM1-06,TS051,1,6,TS051-S06,91.96,85.38,True,87.83,70.18,84.65,87.24,88.83,Career guidance is helpful from the beginning.
TS051-SEM1-07,TS051,1,6,TS051-S07,80.91,65.36,True,98.54,100.0,84.5,85.2,84.6,"Campus has trees and nature, very peaceful."
TS051-SEM1-08,TS051,1,6,TS051-S08,85.86,92.6,True,90.29,91.1,87.15,93.36,99.69,Excellent labs and digital board infrastructure.
TS051-SEM1-09,TS051,1,6,TS051-S09,80.6,81.73,True,83.72,88.96,87.87,84.81,85.1,Career guidance is helpful from the beginning.
TS051-SEM1-10,TS051,1,6,TS051-S10,79.22,70.44,True,89.39,90.14,89.41,78.36,86.62,Career guidance is helpful from the beginning.
TS051-SEM1-11,TS051,1,6,TS051-S11,91.33,73.36,True,86.46,95.86,90.37,90.19,89.64,Teaching incorporates both fundamentals and modern practical tools.
TS051-SEM1-12,TS051,1,6,TS051-S12,76.77,94.25,True,84.77,98.18,81.83,91.97,96.9,Good focus on practical sessions and mentoring.
TS051-SEM1-13,TS051,1,6,TS051-S13,76.47,80.82,True,100.0,80.85,91.67,83.61,83.3,Career guidance is helpful from the beginning.
TS051-SEM1-14,TS051,1,6,TS051-S14,81.28,75.02,True,89.38,94.45,85.7,80.26,88.77,Career guidance is helpful from the beginning.
TS052-SEM1-01,TS052,1,6,TS052-S01,69.26,57.89,False,50.82,55.88,49.19,65.69,52.21,Excellent labs and digital board infrastructure.
TS052-SEM1-02,TS052,1,6,TS052-S02,73.34,73.58,False,64.09,68.5,61.63,68.03,47.94,"Strictness is moderate, allowing good learning freedom."
TS052-SEM1-03,TS052,1,6,TS052-S03,72.11,67.86,False,57.99,61.38,56.45,73.65,57.36,Teaching incorporates both fundamentals and modern practical tools.
TS052-SEM1-04,TS052,1,6,TS052-S04,77.28,61.68,True,61.91,60.95,65.34,79.05,61.98,Excellent labs and digital board infrastructure.
TS052-SEM1-05,TS052,1,6,TS052-S05,68.98,64.43,False,47.66,59.87,55.52,64.59,51.32,Career guidance is helpful from the beginning.
TS052-SEM1-06,TS052,1,6,TS052-S06,74.35,53.51,False,51.6,60.14,53.24,58.98,43.37,Career guidance is helpful from the beginning.
TS052-SEM1-07,TS052,1,6,TS052-S07,69.49,48.82,False,50.97,69.72,50.16,67.23,61.72,Teaching incorporates both fundamentals and modern practical tools.
TS052-SEM1-08,TS052,1,6,TS052-S08,74.45,58.32,False,52.11,59.84,65.53,65.74,47.27,"Campus has trees and nature, very peaceful."
TS052-SEM1-09,TS052,1,6,TS052-S09,63.73,63.03,False,44.62,52.69,52.51,75.37,48.51,"Campus has trees and nature, very peaceful."
TS052-SEM1-10,TS052,1,6,TS052-S10,74.38,45.96,False,53.84,46.77,54.93,82.19,55.71,Career guidance is helpful from the beginning.
TS052-SEM1-11,TS052,1,6,TS052-S11,71.23,93.99,False,47.56,65.72,49.39,67.46,44.32,Career guidance is helpful from the beginning.
TS052-SEM1-12,TS052,1,6,TS052-S12,73.54,62.56,False,51.21,65.14,54.22,70.89,55.16,Excellent labs and digital board infrastructure.
TS052-SEM1-13,TS052,1,6,TS052-S13,63.1,54.52,False,53.38,61.44,64.16,67.63,49.47,"Strictness is moderate, allowing good learning freedom."
TS052-SEM1-14,TS052,1,6,TS052-S14,66.76,65.3,False,51.27,54.21,56.58,72.24,48.24,"Strictness is moderate, allowing good learning freedom."
TS053-SEM1-01,TS053,1,6,TS053-S01,72.63,39.29,False,34.68,34.21,38.98,37.21,29.52,Excellent labs and digital board infrastructure.
TS053-SEM1-02,TS053,1,6,TS053-S02,61.07,63.45,False,34.7,26.12,40.81,38.75,32.19,Excellent labs and digital board infrastructure.
TS053-SEM1-03,TS053,1,6,TS053-S03,59.06,68.83,False,29.1,37.63,36.46,38.19,40.26,Good focus on practical sessions and mentoring.
TS053-SEM1-04,TS053,1,6,TS053-S04,75.19,73.3,True,52.88,32.88,45.91,46.17,58.62,Career guidance is helpful from the beginning.
TS053-SEM1-05,TS053,1,6,TS053-S05,68.96,64.65,False,37.85,46.39,39.83,45.49,25.97,Good focus on practical sessions and mentoring.
TS053-SEM1-06,TS053,1,6,TS053-S06,62.32,39.17,False,41.21,42.51,44.98,36.46,31.68,"Campus has trees and nature, very peaceful."
TS053-SEM1-07,TS053,1,6,TS053-S07,71.27,76.44,False,46.66,43.48,42.15,48.53,33.22,Career guidance is helpful from the beginning.
TS053-SEM1-08,TS053,1,6,TS053-S08,69.65,60.71,False,30.63,35.73,34.91,46.67,37.22,Career guidance is helpful from the beginning.
TS053-SEM1-09,TS053,1,6,TS053-S09,80.58,45.71,False,47.91,24.55,34.51,36.8,41.04,Teaching incorporates both fundamentals and modern practical tools.
TS053-SEM1-10,TS053,1,6,TS053-S10,73.35,59.56,False,31.74,26.12,46.16,45.31,41.26,Career guidance is helpful from the beginning.
TS053-SEM1-11,TS053,1,6,TS053-S11,74.38,35.58,False,29.03,40.84,38.65,37.17,28.98,"Campus has trees and nature, very peaceful."
TS053-SEM1-12,TS053,1,6,TS053-S12,77.69,66.56,True,46.7,48.54,40.81,46.74,39.86,"Strictness is moderate, allowing good learning freedom."
TS053-SEM1-13,TS053,1,6,TS053-S13,62.59,58.78,False,50.75,22.72,34.28,41.82,43.35,"Strictness is moderate, allowing good learning freedom."
TS053-SEM1-14,TS053,1,6,TS053-S14,73.21,69.02,False,34.47,33.04,40.91,36.57,38.12,Career guidance is helpful from the beginning.
TS054-SEM1-01,TS054,1,6,TS054-S01,69.84,39.98,False,53.57,67.31,57.5,68.9,51.02,"Strictness is moderate, allowing good learning freedom."
TS054-SEM1-02,TS054,1,6,TS054-S02,75.02,72.37,True,63.06,62.46,74.16,62.08,78.18,Good focus on practical sessions and mentoring.
TS054-SEM1-03,TS054,1,6,TS054-S03,69.42,63.41,False,48.99,55.13,56.93,61.26,55.77,Career guidance is helpful from the beginning.
TS054-SEM1-04,TS054,1,6,TS054-S04,74.78,57.09,False,51.72,61.46,56.16,66.38,54.73,Good focus on practical sessions and mentoring.
TS054-SEM1-05,TS054,1,6,TS054-S05,70.04,66.62,False,56.85,46.73,56.0,66.25,55.73,Excellent labs and digital board infrastructure.
TS054-SEM1-06,TS054,1,6,TS054-S06,61.91,65.52,False,53.95,53.0,55.58,65.91,45.48,Excellent labs and digital board infrastructure.
TS054-SEM1-07,TS054,1,6,TS054-S07,66.97,63.2,False,66.78,64.43,57.08,69.08,48.53,Teaching incorporates both fundamentals and modern practical tools.
TS054-SEM1-08,TS054,1,6,TS054-S08,73.59,66.88,False,52.02,65.58,58.74,64.08,46.11,Career guidance is helpful from the beginning.
TS054-SEM1-09,TS054,1,6,TS054-S09,74.01,57.88,False,64.2,59.64,67.55,62.95,54.67,Excellent labs and digital board infrastructure.
TS054-SEM1-10,TS054,1,6,TS054-S10,76.73,69.94,True,57.55,62.14,75.23,59.37,77.72,Excellent labs and digital board infrastructure.
TS054-SEM1-11,TS054,1,6,TS054-S11,76.24,54.74,True,67.89,86.62,63.99,62.14,68.32,"Strictness is moderate, allowing good learning freedom."
TS054-SEM1-12,TS054,1,6,TS054-S12,79.29,59.57,True,79.79,74.63,63.71,59.57,79.1,Teaching incorporates both fundamentals and modern practical tools.
TS054-SEM1-13,TS054,1,6,TS054-S13,72.1,46.51,False,46.61,51.07,55.11,47.63,49.81,Teaching incorporates both fundamentals and modern practical tools.
TS054-SEM1-14,TS054,1,6,TS054-S14,66.49,57.37,False,67.46,57.86,60.47,62.96,54.12,"Strictness is moderate, allowing good learning freedom."
TS055-SEM1-01,TS055,1,6,TS055-S01,79.71,61.9,True,68.78,58.66,66.47,63.66,72.33,Career guidance is helpful from the beginning.
TS055-SEM1-02,TS055,1,6,TS055-S02,74.26,57.14,False,50.7,58.05,51.24,58.16,50.94,Good focus on practical sessions and mentoring.
TS055-SEM1-03,TS055,1,6,TS055-S03,66.65,80.83,False,50.62,46.26,49.89,59.09,57.17,Career guidance is helpful from the beginning.
TS055-SEM1-04,TS055,1,6,TS055-S04,78.06,75.19,True,67.38,67.64,63.74,61.58,62.33,Good focus on practical sessions and mentoring.
TS055-SEM1-05,TS055,1,6,TS055-S05,76.39,76.59,True,62.16,68.82,57.79,49.26,71.78,Teaching incorporates both fundamentals and modern practical tools.
TS055-SEM1-06,TS055,1,6,TS055-S06,69.29,62.18,False,46.38,65.22,58.31,48.72,42.14,"Campus has trees and nature, very peaceful."
TS055-SEM1-07,TS055,1,6,TS055-S07,69.92,67.7,False,51.17,55.88,55.1,54.72,47.83,Career guidance is helpful from the beginning.
TS055-SEM1-08,TS055,1,6,TS055-S08,74.7,52.13,False,65.36,52.74,55.06,53.56,45.99,"Campus has trees and nature, very peaceful."
TS055-SEM1-09,TS055,1,6,TS055-S09,72.05,61.96,False,44.56,58.52,45.79,60.68,52.01,Good focus on practical sessions and mentoring.
TS055-SEM1-10,TS055,1,6,TS055-S10,75.83,44.63,False,45.29,66.13,74.8,57.33,53.23,Career guidance is helpful from the beginning.
TS055-SEM1-11,TS055,1,6,TS055-S11,75.15,53.53,True,57.43,55.33,54.67,63.02,65.75,"Campus has trees and nature, very peaceful."
TS055-SEM1-12,TS055,1,6,TS055-S12,72.61,61.85,False,43.29,49.64,50.94,41.73,45.52,"Campus has trees and nature, very peaceful."
TS055-SEM1-13,TS055,1,6,TS055-S13,65.51,67.78,False,54.01,44.66,52.56,61.3,43.14,Career guidance is helpful from the beginning.
TS055-SEM1-14,TS055,1,6,TS055-S14,74.56,63.06,False,56.6,57.37,51.88,50.57,48.45,"Campus has trees and nature, very peaceful."
TS056-SEM1-01,TS056,1,6,TS056-S01,73.91,70.81,False,76.36,76.19,85.14,77.56,72.6,Career guidance is helpful from the beginning.
TS056-SEM1-02,TS056,1,6,TS056-S02,86.89,93.11,True,88.95,88.22,87.0,87.3,87.53,"Campus has trees and nature, very peaceful."
TS056-SEM1-03,TS056,1,6,TS056-S03,87.62,77.07,True,82.14,89.12,77.3,82.93,88.95,Teaching incorporates both fundamentals and modern practical tools.
TS056-SEM1-04,TS056,1,6,TS056-S04,83.72,93.8,True,98.46,93.78,92.39,97.56,88.11,Career guidance is helpful from the beginning.
TS056-SEM1-05,TS056,1,6,TS056-S05,77.22,81.69,True,91.09,86.63,83.79,96.14,86.27,Teaching incorporates both fundamentals and modern practical tools.
TS056-SEM1-06,TS056,1,6,TS056-S06,86.12,80.24,True,84.78,83.32,89.59,84.21,91.34,"Strictness is moderate, allowing good learning freedom."
TS056-SEM1-07,TS056,1,6,TS056-S07,73.25,98.26,False,76.2,82.61,77.07,75.5,83.33,Excellent labs and digital board infrastructure.
TS056-SEM1-08,TS056,1,6,TS056-S08,70.5,77.79,False,68.5,75.38,76.58,73.5,73.95,Teaching incorporates both fundamentals and modern practical tools.
TS056-SEM1-09,TS056,1,6,TS056-S09,66.59,71.85,False,75.23,67.74,87.33,75.85,72.58,"Campus has trees and nature, very peaceful."
TS056-SEM1-10,TS056,1,6,TS056-S10,78.45,74.18,True,100.0,94.58,92.21,96.71,93.01,Good focus on practical sessions and mentoring.
TS056-SEM1-11,TS056,1,6,TS056-S11,91.42,82.92,False,77.87,64.05,81.23,70.15,65.64,"Strictness is moderate, allowing good learning freedom."
TS056-SEM1-12,TS056,1,6,TS056-S12,83.16,63.86,True,90.6,90.08,82.25,91.81,91.32,Teaching incorporates both fundamentals and modern practical tools.
TS056-SEM1-13,TS056,1,6,TS056-S13,84.65,63.04,True,96.35,96.38,82.78,83.14,86.83,"Strictness is moderate, allowing good learning freedom."
TS056-SEM1-14,TS056,1,6,TS056-S14,78.06,61.01,True,93.57,82.34,86.32,85.09,97.04,Teaching incorporates both fundamentals and modern practical tools.
TS057-SEM1-01,TS057,1,6,TS057-S01,71.59,52.13,False,58.88,35.85,55.84,45.64,46.76,Teaching incorporates both fundamentals and modern practical tools.
TS057-SEM1-02,TS057,1,6,TS057-S02,63.46,75.43,False,48.04,35.4,59.97,45.45,49.38,Good focus on practical sessions and mentoring.
TS057-SEM1-03,TS057,1,6,TS057-S03,77.05,66.74,True,67.88,54.32,59.06,54.82,57.66,Good focus on practical sessions and mentoring.
TS057-SEM1-04,TS057,1,6,TS057-S04,73.15,48.36,False,47.99,46.37,59.08,43.56,54.97,Teaching incorporates both fundamentals and modern practical tools.
TS057-SEM1-05,TS057,1,6,TS057-S05,77.68,57.71,True,55.05,57.29,57.02,62.67,62.31,Excellent labs and digital board infrastructure.
TS057-SEM1-06,TS057,1,6,TS057-S06,66.6,64.34,False,45.59,45.19,58.64,49.18,48.31,Good focus on practical sessions and mentoring.
TS057-SEM1-07,TS057,1,6,TS057-S07,73.23,45.07,False,52.06,46.4,58.17,52.11,46.7,Good focus on practical sessions and mentoring.
TS057-SEM1-08,TS057,1,6,TS057-S08,78.19,59.07,False,47.84,48.81,51.83,58.36,57.8,Good focus on practical sessions and mentoring.
TS057-SEM1-09,TS057,1,6,TS057-S09,77.24,77.41,True,55.18,52.55,60.92,54.29,57.5,Career guidance is helpful from the beginning.
TS057-SEM1-10,TS057,1,6,TS057-S10,78.91,83.54,True,70.22,56.93,56.49,55.91,76.24,"Strictness is moderate, allowing good learning freedom."
TS057-SEM1-11,TS057,1,6,TS057-S11,69.89,57.45,False,56.35,54.51,49.47,46.91,45.2,Teaching incorporates both fundamentals and modern practical tools.
TS057-SEM1-12,TS057,1,6,TS057-S12,72.42,73.04,False,44.88,53.84,54.22,62.44,49.3,Excellent labs and digital board infrastructure.
TS057-SEM1-13,TS057,1,6,TS057-S13,71.42,67.75,False,47.69,30.76,52.51,46.94,39.75,Good focus on practical sessions and mentoring.
TS057-SEM1-14,TS057,1,6,TS057-S14,71.56,41.33,False,47.62,47.07,54.19,46.01,47.28,Career guidance is helpful from the beginning.
TS058-SEM1-01,TS058,1,6,TS058-S01,63.73,75.05,False,53.96,47.86,61.74,65.56,57.23,"Strictness is moderate, allowing good learning freedom."
TS058-SEM1-02,TS058,1,6,TS058-S02,72.12,63.59,False,57.45,56.88,62.18,68.23,54.34,"Campus has trees and nature, very peaceful."
TS058-SEM1-03,TS058,1,6,TS058-S03,67.1,60.56,False,60.58,39.9,51.15,67.17,61.66,"Campus has trees and nature, very peaceful."
TS058-SEM1-04,TS058,1,6,TS058-S04,64.41,63.0,False,53.66,52.1,61.59,53.9,48.52,Good focus on practical sessions and mentoring.
TS058-SEM1-05,TS058,1,6,TS058-S05,70.19,60.55,False,49.3,60.51,57.97,59.13,55.47,Excellent labs and digital board infrastructure.
TS058-SEM1-06,TS058,1,6,TS058-S06,71.23,70.37,False,50.46,43.01,58.51,62.02,47.85,Excellent labs and digital board infrastructure.
TS058-SEM1-07,TS058,1,6,TS058-S07,63.67,63.82,False,51.51,42.57,64.88,57.87,59.81,"Strictness is moderate, allowing good learning freedom."
TS058-SEM1-08,TS058,1,6,TS058-S08,72.17,64.95,False,54.79,32.95,54.37,60.91,55.88,"Strictness is moderate, allowing good learning freedom."
TS058-SEM1-09,TS058,1,6,TS058-S09,61.26,61.46,False,49.32,56.07,59.96,66.12,59.39,Teaching incorporates both fundamentals and modern practical tools.
TS058-SEM1-10,TS058,1,6,TS058-S10,74.75,70.6,False,53.96,76.77,53.96,58.49,58.56,Good focus on practical sessions and mentoring.
TS058-SEM1-11,TS058,1,6,TS058-S11,76.52,66.87,True,57.56,76.9,66.04,76.14,61.89,"Campus has trees and nature, very peaceful."
TS058-SEM1-12,TS058,1,6,TS058-S12,73.54,56.36,False,59.49,56.73,61.89,55.31,53.77,Teaching incorporates both fundamentals and modern practical tools.
TS058-SEM1-13,TS058,1,6,TS058-S13,70.92,66.95,False,61.99,55.39,53.68,62.31,67.11,Excellent labs and digital board infrastructure.
TS058-SEM1-14,TS058,1,6,TS058-S14,81.88,32.26,False,56.44,61.65,59.15,58.9,52.72,Teaching incorporates both fundamentals and modern practical tools.
TS059-SEM1-01,TS059,1,6,TS059-S01,83.01,75.32,True,92.93,98.66,100.0,100.0,100.0,"Campus has trees and nature, very peaceful."
TS059-SEM1-02,TS059,1,6,TS059-S02,74.94,79.51,False,83.15,90.85,86.19,85.72,82.33,Excellent labs and digital board infrastructure.
TS059-SEM1-03,TS059,1,6,TS059-S03,86.34,77.88,True,100.0,100.0,99.7,100.0,100.0,"Strictness is moderate, allowing good learning freedom."
TS059-SEM1-04,TS059,1,6,TS059-S04,92.46,76.42,False,86.67,86.83,87.87,97.25,81.52,Career guidance is helpful from the beginning.
TS059-SEM1-05,TS059,1,6,TS059-S05,81.13,67.09,False,89.56,86.88,80.01,99.54,84.65,Career guidance is helpful from the beginning.
TS059-SEM1-06,TS059,1,6,TS059-S06,76.04,82.73,True,100.0,98.12,85.71,100.0,100.0,"Strictness is moderate, allowing good learning freedom."
TS059-SEM1-07,TS059,1,6,TS059-S07,78.66,67.62,True,97.14,83.72,100.0,100.0,98.39,Good focus on practical sessions and mentoring.
TS059-SEM1-08,TS059,1,6,TS059-S08,75.23,82.71,True,100.0,93.91,94.42,96.38,98.95,Teaching incorporates both fundamentals and modern practical tools.
TS059-SEM1-09,TS059,1,6,TS059-S09,82.05,77.35,True,99.51,100.0,88.74,100.0,97.3,Excellent labs and digital board infrastructure.
TS059-SEM1-10,TS059,1,6,TS059-S10,75.68,77.61,True,92.75,100.0,100.0,91.41,94.68,"Strictness is moderate, allowing good learning freedom."
TS059-SEM1-11,TS059,1,6,TS059-S11,85.56,72.15,True,100.0,100.0,91.94,100.0,95.67,"Strictness is moderate, allowing good learning freedom."
TS059-SEM1-12,TS059,1,6,TS059-S12,89.83,79.22,True,100.0,100.0,95.96,100.0,99.89,Good focus on practical sessions and mentoring.
TS059-SEM1-13,TS059,1,6,TS059-S13,82.51,59.93,False,86.31,100.0,81.08,94.31,90.49,Teaching incorporates both fundamentals and modern practical tools.
TS059-SEM1-14,TS059,1,6,TS059-S14,80.55,73.29,True,94.46,83.97,93.9,97.06,100.0,"Strictness is moderate, allowing good learning freedom."
TS060-SEM1-01,TS060,1,6,TS060-S01,74.09,80.88,False,59.12,69.08,65.47,65.44,58.52,"Campus has trees and nature, very peaceful."
TS060-SEM1-02,TS060,1,6,TS060-S02,66.86,65.35,False,59.62,57.57,70.42,65.89,58.21,"Strictness is moderate, allowing good learning freedom."
TS060-SEM1-03,TS060,1,6,TS060-S03,80.04,43.64,False,68.98,57.77,66.41,61.77,54.73,Excellent labs and digital board infrastructure.
TS060-SEM1-04,TS060,1,6,TS060-S04,79.88,80.56,True,77.36,75.27,81.0,59.62,79.23,Teaching incorporates both fundamentals and modern practical tools.
TS060-SEM1-05,TS060,1,6,TS060-S05,67.64,38.44,False,59.18,79.6,62.07,70.04,65.34,Excellent labs and digital board infrastructure.
TS060-SEM1-06,TS060,1,6,TS060-S06,71.92,63.2,False,51.05,59.08,69.88,65.66,61.18,Teaching incorporates both fundamentals and modern practical tools.
TS060-SEM1-07,TS060,1,6,TS060-S07,72.8,83.92,False,58.76,77.66,66.02,75.46,53.22,"Campus has trees and nature, very peaceful."
TS060-SEM1-08,TS060,1,6,TS060-S08,73.11,58.06,False,62.18,74.59,67.24,72.62,56.0,Excellent labs and digital board infrastructure.
TS060-SEM1-09,TS060,1,6,TS060-S09,67.06,62.16,False,61.12,63.33,60.55,72.49,57.53,Career guidance is helpful from the beginning.
TS060-SEM1-10,TS060,1,6,TS060-S10,80.56,62.13,True,78.69,68.22,74.18,83.87,78.61,"Strictness is moderate, allowing good learning freedom."
TS060-SEM1-11,TS060,1,6,TS060-S11,77.41,68.93,True,76.47,79.19,76.16,64.19,78.58,"Campus has trees and nature, very peaceful."
TS060-SEM1-12,TS060,1,6,TS060-S12,70.9,58.08,False,69.12,58.95,58.37,70.07,52.25,Teaching incorporates both fundamentals and modern practical tools.
TS060-SEM1-13,TS060,1,6,TS060-S13,60.43,71.08,False,62.3,68.59,63.14,56.99,53.42,Excellent labs and digital board infrastructure.
TS060-SEM1-14,TS060,1,6,TS060-S14,70.37,49.28,False,63.19,61.11,66.27,66.23,61.28,"Strictness is moderate, allowing good learning freedom."
TS061-SEM1-01,TS061,1,6,TS061-S01,76.06,45.78,False,55.09,60.39,54.96,56.73,50.47,"Campus has trees and nature, very peaceful."
TS061-SEM1-02,TS061,1,6,TS061-S02,67.85,60.18,False,58.55,53.87,50.3,56.5,43.79,Teaching incorporates both fundamentals and modern practical tools.
TS061-SEM1-03,TS061,1,6,TS061-S03,61.66,58.56,False,60.14,59.19,56.34,44.09,51.64,Career guidance is helpful from the beginning.
TS061-SEM1-04,TS061,1,6,TS061-S04,72.56,55.35,False,52.53,60.86,50.15,58.86,55.43,Career guidance is helpful from the beginning.
TS061-SEM1-05,TS061,1,6,TS061-S05,70.63,53.32,False,50.38,66.33,49.32,60.34,46.06,Teaching incorporates both fundamentals and modern practical tools.
TS061-SEM1-06,TS061,1,6,TS061-S06,73.45,56.36,False,48.04,71.68,48.4,59.78,58.1,Career guidance is helpful from the beginning.
TS061-SEM1-07,TS061,1,6,TS061-S07,76.11,48.69,False,43.76,53.48,56.24,58.22,43.09,"Campus has trees and nature, very peaceful."
TS061-SEM1-08,TS061,1,6,TS061-S08,66.76,53.89,False,50.36,75.38,50.78,51.01,43.78,"Strictness is moderate, allowing good learning freedom."
TS061-SEM1-09,TS061,1,6,TS061-S09,75.81,61.59,True,63.27,63.17,63.93,79.97,70.2,Career guidance is helpful from the beginning.
TS061-SEM1-10,TS061,1,6,TS061-S10,71.44,55.35,False,43.39,65.37,58.84,54.07,55.51,"Strictness is moderate, allowing good learning freedom."
TS061-SEM1-11,TS061,1,6,TS061-S11,72.13,69.75,False,53.22,58.08,50.67,55.99,53.66,Good focus on practical sessions and mentoring.
TS061-SEM1-12,TS061,1,6,TS061-S12,68.95,66.4,False,44.95,65.74,57.01,49.66,48.33,Career guidance is helpful from the beginning.
TS061-SEM1-13,TS061,1,6,TS061-S13,77.59,49.41,False,45.02,58.94,66.11,52.83,51.92,Good focus on practical sessions and mentoring.
TS061-SEM1-14,TS061,1,6,TS061-S14,73.56,56.1,False,52.41,55.91,53.66,46.9,49.32,"Strictness is moderate, allowing good learning freedom."
TS062-SEM1-01,TS062,1,6,TS062-S01,54.34,78.78,False,58.38,65.95,58.54,65.88,55.35,Excellent labs and digital board infrastructure.
TS062-SEM1-02,TS062,1,6,TS062-S02,67.58,55.18,False,63.34,88.78,68.27,74.63,56.28,"Strictness is moderate, allowing good learning freedom."
TS062-SEM1-03,TS062,1,6,TS062-S03,72.63,66.26,False,56.21,69.13,68.44,74.44,58.5,"Campus has trees and nature, very peaceful."
TS062-SEM1-04,TS062,1,6,TS062-S04,64.83,59.04,False,51.52,73.14,65.44,66.27,59.37,Excellent labs and digital board infrastructure.
TS062-SEM1-05,TS062,1,6,TS062-S05,74.5,64.57,False,52.96,70.51,66.21,77.37,56.81,Excellent labs and digital board infrastructure.
TS062-SEM1-06,TS062,1,6,TS062-S06,75.31,70.78,True,81.06,92.16,78.07,77.65,87.97,Career guidance is helpful from the beginning.
TS062-SEM1-07,TS062,1,6,TS062-S07,68.31,83.24,False,64.77,83.26,62.56,72.96,65.3,Career guidance is helpful from the beginning.
TS062-SEM1-08,TS062,1,6,TS062-S08,65.48,60.37,False,47.32,71.11,60.08,66.59,72.78,Career guidance is helpful from the beginning.
TS062-SEM1-09,TS062,1,6,TS062-S09,82.31,47.61,False,63.5,78.93,62.48,68.96,59.54,"Strictness is moderate, allowing good learning freedom."
TS062-SEM1-10,TS062,1,6,TS062-S10,63.92,51.69,False,61.2,73.33,60.62,63.13,57.72,Excellent labs and digital board infrastructure.
TS062-SEM1-11,TS062,1,6,TS062-S11,77.32,61.24,True,69.99,84.08,69.39,78.42,72.26,"Campus has trees and nature, very peaceful."
TS062-SEM1-12,TS062,1,6,TS062-S12,83.56,45.09,False,70.46,73.26,66.93,75.9,62.45,"Campus has trees and nature, very peaceful."
TS062-SEM1-13,TS062,1,6,TS062-S13,67.62,68.0,False,71.37,65.44,74.76,70.21,56.0,Good focus on practical sessions and mentoring.
TS062-SEM1-14,TS062,1,6,TS062-S14,66.64,59.77,False,48.43,69.22,62.85,61.45,61.9,Teaching incorporates both fundamentals and modern practical tools.
TS063-SEM1-01,TS063,1,6,TS063-S01,76.42,60.01,True,68.7,78.57,70.1,66.15,69.21,"Campus has trees and nature, very peaceful."
TS063-SEM1-02,TS063,1,6,TS063-S02,68.52,63.3,False,55.07,65.74,54.18,62.95,62.73,Career guidance is helpful from the beginning.
TS063-SEM1-03,TS063,1,6,TS063-S03,76.23,61.13,True,68.64,91.37,80.95,73.16,88.57,Good focus on practical sessions and mentoring.
TS063-SEM1-04,TS063,1,6,TS063-S04,67.92,49.49,False,55.35,66.62,75.17,63.48,53.31,Career guidance is helpful from the beginning.
TS063-SEM1-05,TS063,1,6,TS063-S05,66.61,73.4,False,65.6,64.49,54.23,58.4,66.22,Excellent labs and digital board infrastructure.
TS063-SEM1-06,TS063,1,6,TS063-S06,76.13,62.65,True,85.36,78.09,70.52,68.68,74.19,Excellent labs and digital board infrastructure.
TS063-SEM1-07,TS063,1,6,TS063-S07,63.08,47.1,False,49.28,77.05,55.8,76.87,53.96,"Strictness is moderate, allowing good learning freedom."
TS063-SEM1-08,TS063,1,6,TS063-S08,82.42,58.35,True,81.31,89.59,66.08,70.18,71.08,Career guidance is helpful from the beginning.
TS063-SEM1-09,TS063,1,6,TS063-S09,71.28,63.08,False,57.5,53.83,60.71,69.39,56.57,"Campus has trees and nature, very peaceful."
TS063-SEM1-10,TS063,1,6,TS063-S10,70.04,52.69,False,55.95,79.65,57.91,69.49,57.85,Teaching incorporates both fundamentals and modern practical tools.
TS063-SEM1-11,TS063,1,6,TS063-S11,73.47,54.68,False,57.5,68.33,61.01,67.16,59.9,Career guidance is helpful from the beginning.
TS063-SEM1-12,TS063,1,6,TS063-S12,85.04,64.78,True,80.59,76.75,80.67,80.99,73.09,"Campus has trees and nature, very peaceful."
TS063-SEM1-13,TS063,1,6,TS063-S13,76.33,56.06,True,77.67,87.28,75.09,72.62,88.03,Good focus on practical sessions and mentoring.
TS063-SEM1-14,TS063,1,6,TS063-S14,69.81,45.93,False,51.12,80.17,63.23,66.12,54.9,Career guidance is helpful from the beginning.
TS064-SEM1-01,TS064,1,6,TS064-S01,76.15,55.1,False,42.67,50.98,47.06,66.69,38.02,Good focus on practical sessions and mentoring.
TS064-SEM1-02,TS064,1,6,TS064-S02,74.94,63.75,False,36.2,58.89,49.01,69.0,47.72,"Campus has trees and nature, very peaceful."
TS064-SEM1-03,TS064,1,6,TS064-S03,73.97,73.65,False,44.14,59.23,50.51,71.07,45.91,"Campus has trees and nature, very peaceful."
TS064-SEM1-04,TS064,1,6,TS064-S04,79.44,69.21,True,56.05,60.55,53.1,68.72,51.26,"Campus has trees and nature, very peaceful."
TS064-SEM1-05,TS064,1,6,TS064-S05,62.7,81.85,False,41.96,66.18,51.91,67.73,36.39,"Campus has trees and nature, very peaceful."
TS064-SEM1-06,TS064,1,6,TS064-S06,72.03,80.92,False,55.24,53.14,44.15,62.29,39.63,Excellent labs and digital board infrastructure.
TS064-SEM1-07,TS064,1,6,TS064-S07,79.67,78.32,True,58.08,73.34,52.0,75.34,64.21,"Strictness is moderate, allowing good learning freedom."
TS064-SEM1-08,TS064,1,6,TS064-S08,66.82,55.64,False,41.61,62.28,59.47,68.72,42.55,"Campus has trees and nature, very peaceful."
TS064-SEM1-09,TS064,1,6,TS064-S09,68.4,62.02,False,42.59,50.17,51.96,65.6,42.95,Excellent labs and digital board infrastructure.
TS064-SEM1-10,TS064,1,6,TS064-S10,70.89,58.82,False,43.25,57.05,41.04,77.47,44.57,Teaching incorporates both fundamentals and modern practical tools.
TS064-SEM1-11,TS064,1,6,TS064-S11,75.66,69.25,True,54.41,52.69,55.66,79.22,58.98,Excellent labs and digital board infrastructure.
TS064-SEM1-12,TS064,1,6,TS064-S12,75.65,38.32,False,43.58,60.29,49.04,63.05,40.61,Good focus on practical sessions and mentoring.
TS064-SEM1-13,TS064,1,6,TS064-S13,53.83,51.88,False,52.24,46.29,47.57,54.04,35.74,Teaching incorporates both fundamentals and modern practical tools.
TS064-SEM1-14,TS064,1,6,TS064-S14,79.14,68.17,True,56.11,60.72,50.92,63.0,61.1,Good focus on practical sessions and mentoring.
TS065-SEM1-01,TS065,1,6,TS065-S01,65.49,64.0,False,56.46,64.63,61.6,50.79,49.58,"Strictness is moderate, allowing good learning freedom."
TS065-SEM1-02,TS065,1,6,TS065-S02,69.84,63.77,False,56.29,48.37,64.16,59.53,57.25,Career guidance is helpful from the beginning.
TS065-SEM1-03,TS065,1,6,TS065-S03,78.87,68.22,True,68.87,60.6,68.51,60.71,78.49,Career guidance is helpful from the beginning.
TS065-SEM1-04,TS065,1,6,TS065-S04,72.75,70.77,False,55.15,59.34,67.6,54.5,57.2,Excellent labs and digital board infrastructure.
TS065-SEM1-05,TS065,1,6,TS065-S05,76.28,53.06,False,60.33,41.62,64.9,42.94,54.39,Good focus on practical sessions and mentoring.
TS065-SEM1-06,TS065,1,6,TS065-S06,72.24,54.69,False,59.02,52.79,58.42,53.84,52.7,"Strictness is moderate, allowing good learning freedom."
TS065-SEM1-07,TS065,1,6,TS065-S07,85.73,60.91,True,85.55,52.89,64.6,64.32,72.48,Career guidance is helpful from the beginning.
TS065-SEM1-08,TS065,1,6,TS065-S08,63.82,70.54,False,56.03,57.49,67.2,52.08,68.51,"Strictness is moderate, allowing good learning freedom."
TS065-SEM1-09,TS065,1,6,TS065-S09,61.65,53.82,False,56.99,70.35,71.52,58.17,52.56,"Strictness is moderate, allowing good learning freedom."
TS065-SEM1-10,TS065,1,6,TS065-S10,67.93,53.71,False,53.83,64.2,61.31,49.77,60.4,Career guidance is helpful from the beginning.
TS065-SEM1-11,TS065,1,6,TS065-S11,62.02,62.53,False,51.94,49.9,59.59,46.61,57.65,Career guidance is helpful from the beginning.
TS065-SEM1-12,TS065,1,6,TS065-S12,73.33,59.8,False,60.75,45.31,65.93,49.2,54.11,Teaching incorporates both fundamentals and modern practical tools.
TS065-SEM1-13,TS065,1,6,TS065-S13,67.23,59.59,False,69.75,51.75,56.8,55.95,54.17,Teaching incorporates both fundamentals and modern practical tools.
TS065-SEM1-14,TS065,1,6,TS065-S14,73.7,55.94,False,66.21,47.53,69.51,44.14,55.06,"Campus has trees and nature, very peaceful."
TS066-SEM1-01,TS066,1,6,TS066-S01,74.48,35.02,False,58.47,64.55,65.02,72.22,56.45,Good focus on practical sessions and mentoring.
TS066-SEM1-02,TS066,1,6,TS066-S02,65.65,61.83,False,60.59,63.07,67.76,71.86,63.75,Career guidance is helpful from the beginning.
TS066-SEM1-03,TS066,1,6,TS066-S03,69.75,47.56,False,63.14,59.16,66.76,63.76,67.23,"Strictness is moderate, allowing good learning freedom."
TS066-SEM1-04,TS066,1,6,TS066-S04,76.26,59.12,True,80.74,59.33,82.59,74.67,84.88,Good focus on practical sessions and mentoring.
TS066-SEM1-05,TS066,1,6,TS066-S05,70.89,77.81,False,55.87,58.3,68.3,75.32,63.78,"Campus has trees and nature, very peaceful."
TS066-SEM1-06,TS066,1,6,TS066-S06,69.08,62.85,False,67.77,52.5,67.14,70.03,59.31,"Strictness is moderate, allowing good learning freedom."
TS066-SEM1-07,TS066,1,6,TS066-S07,72.51,54.12,False,58.72,59.3,63.77,80.78,63.33,Excellent labs and digital board infrastructure.
TS066-SEM1-08,TS066,1,6,TS066-S08,73.74,54.37,False,55.34,73.93,59.23,72.03,60.08,"Campus has trees and nature, very peaceful."
TS066-SEM1-09,TS066,1,6,TS066-S09,70.13,51.98,False,55.57,53.77,60.73,79.31,58.23,Career guidance is helpful from the beginning.
TS066-SEM1-10,TS066,1,6,TS066-S10,68.86,63.07,False,64.29,55.39,68.79,63.72,64.14,Excellent labs and digital board infrastructure.
TS066-SEM1-11,TS066,1,6,TS066-S11,71.95,61.52,False,56.12,48.32,55.95,66.77,61.22,Excellent labs and digital board infrastructure.
TS066-SEM1-12,TS066,1,6,TS066-S12,66.23,46.52,False,54.83,55.07,62.55,70.57,63.44,"Campus has trees and nature, very peaceful."
TS066-SEM1-13,TS066,1,6,TS066-S13,79.5,82.05,True,69.14,73.73,69.01,83.51,77.32,Career guidance is helpful from the beginning.
TS066-SEM1-14,TS066,1,6,TS066-S14,81.48,72.43,True,71.81,67.36,69.75,69.31,83.64,"Strictness is moderate, allowing good learning freedom."
TS067-SEM1-01,TS067,1,6,TS067-S01,65.13,48.06,False,56.95,62.28,58.18,64.21,48.56,Excellent labs and digital board infrastructure.
TS067-SEM1-02,TS067,1,6,TS067-S02,73.1,87.39,False,60.7,57.68,55.04,45.42,57.0,"Campus has trees and nature, very peaceful."
TS067-SEM1-03,TS067,1,6,TS067-S03,76.72,56.56,True,60.72,73.54,64.21,73.73,70.09,"Campus has trees and nature, very peaceful."
TS067-SEM1-04,TS067,1,6,TS067-S04,77.8,65.7,True,55.12,60.11,62.83,76.06,79.06,"Strictness is moderate, allowing good learning freedom."
TS067-SEM1-05,TS067,1,6,TS067-S05,71.01,55.88,False,41.93,66.89,54.9,80.33,47.96,Career guidance is helpful from the beginning.
TS067-SEM1-06,TS067,1,6,TS067-S06,84.63,69.48,True,69.05,76.16,63.53,74.61,73.74,"Campus has trees and nature, very peaceful."
TS067-SEM1-07,TS067,1,6,TS067-S07,75.58,61.84,True,67.19,71.39,55.28,70.6,69.17,"Campus has trees and nature, very peaceful."
TS067-SEM1-08,TS067,1,6,TS067-S08,64.22,58.67,False,51.78,75.43,58.76,68.8,51.07,"Campus has trees and nature, very peaceful."
TS067-SEM1-09,TS067,1,6,TS067-S09,60.76,68.72,False,49.71,57.3,52.39,63.02,56.98,Good focus on practical sessions and mentoring.
TS067-SEM1-10,TS067,1,6,TS067-S10,77.6,77.86,True,55.38,60.44,55.61,73.37,66.19,Teaching incorporates both fundamentals and modern practical tools.
TS067-SEM1-11,TS067,1,6,TS067-S11,69.06,59.83,False,55.95,48.1,51.36,62.59,57.65,"Strictness is moderate, allowing good learning freedom."
TS067-SEM1-12,TS067,1,6,TS067-S12,71.85,54.08,False,40.77,67.61,53.98,55.7,43.08,Good focus on practical sessions and mentoring.
TS067-SEM1-13,TS067,1,6,TS067-S13,63.37,52.39,False,52.22,50.32,58.58,61.1,62.77,"Campus has trees and nature, very peaceful."
TS067-SEM1-14,TS067,1,6,TS067-S14,61.77,63.61,False,54.7,51.74,58.13,67.2,52.14,Teaching incorporates both fundamentals and modern practical tools.
TS068-SEM1-01,TS068,1,6,TS068-S01,70.49,43.48,False,60.74,68.76,65.4,71.27,63.63,"Strictness is moderate, allowing good learning freedom."
TS068-SEM1-02,TS068,1,6,TS068-S02,86.58,57.12,True,71.41,89.49,80.65,89.44,88.08,Excellent labs and digital board infrastructure.
TS068-SEM1-03,TS068,1,6,TS068-S03,69.44,58.98,False,75.54,74.61,58.18,80.33,60.37,"Strictness is moderate, allowing good learning freedom."
TS068-SEM1-04,TS068,1,6,TS068-S04,77.39,66.08,True,80.89,81.23,78.1,88.05,88.76,Good focus on practical sessions and mentoring.
TS068-SEM1-05,TS068,1,6,TS068-S05,74.48,62.23,False,72.17,87.49,73.86,78.84,65.44,Good focus on practical sessions and mentoring.
TS068-SEM1-06,TS068,1,6,TS068-S06,73.54,62.19,False,78.27,63.55,75.05,76.85,55.88,Good focus on practical sessions and mentoring.
TS068-SEM1-07,TS068,1,6,TS068-S07,70.87,56.53,False,68.75,70.28,64.17,86.43,68.73,"Strictness is moderate, allowing good learning freedom."
TS068-SEM1-08,TS068,1,6,TS068-S08,81.52,64.37,True,83.5,74.93,76.93,83.55,73.97,Career guidance is helpful from the beginning.
TS068-SEM1-09,TS068,1,6,TS068-S09,72.76,57.59,False,63.82,72.46,75.64,72.51,61.6,"Campus has trees and nature, very peaceful."
TS068-SEM1-10,TS068,1,6,TS068-S10,67.41,53.7,False,61.71,67.97,72.21,79.52,58.0,"Strictness is moderate, allowing good learning freedom."
TS068-SEM1-11,TS068,1,6,TS068-S11,79.76,71.44,True,86.62,82.16,75.5,86.75,81.15,Excellent labs and digital board infrastructure.
TS068-SEM1-12,TS068,1,6,TS068-S12,75.27,63.87,True,67.12,83.76,74.41,89.27,83.69,Excellent labs and digital board infrastructure.
TS068-SEM1-13,TS068,1,6,TS068-S13,69.91,72.23,False,66.51,70.86,68.59,87.7,59.71,Excellent labs and digital board infrastructure.
TS068-SEM1-14,TS068,1,6,TS068-S14,70.06,49.63,False,69.64,64.89,66.93,74.5,63.59,"Campus has trees and nature, very peaceful."
TS069-SEM1-01,TS069,1,6,TS069-S01,77.38,42.3,False,53.67,57.51,60.12,72.31,52.71,Teaching incorporates both fundamentals and modern practical tools.
TS069-SEM1-02,TS069,1,6,TS069-S02,71.26,72.65,False,56.9,62.43,59.83,81.11,53.96,Good focus on practical sessions and mentoring.
TS069-SEM1-03,TS069,1,6,TS069-S03,68.91,42.91,False,46.49,58.36,58.55,66.76,54.85,"Campus has trees and nature, very peaceful."
TS069-SEM1-04,TS069,1,6,TS069-S04,68.59,52.86,False,58.77,73.05,53.56,71.55,43.57,Good focus on practical sessions and mentoring.
TS069-SEM1-05,TS069,1,6,TS069-S05,63.15,56.11,False,61.9,55.87,55.01,70.31,53.28,"Campus has trees and nature, very peaceful."
TS069-SEM1-06,TS069,1,6,TS069-S06,67.29,81.86,False,53.5,63.01,57.08,72.73,59.27,Good focus on practical sessions and mentoring.
TS069-SEM1-07,TS069,1,6,TS069-S07,81.98,54.38,True,72.39,79.89,65.63,75.97,75.77,"Campus has trees and nature, very peaceful."
TS069-SEM1-08,TS069,1,6,TS069-S08,77.73,77.66,True,68.45,52.42,58.04,74.72,65.59,Teaching incorporates both fundamentals and modern practical tools.
TS069-SEM1-09,TS069,1,6,TS069-S09,76.88,48.9,False,52.09,58.4,65.12,66.44,55.36,"Strictness is moderate, allowing good learning freedom."
TS069-SEM1-10,TS069,1,6,TS069-S10,73.17,71.03,False,60.19,61.83,50.61,68.7,52.99,Excellent labs and digital board infrastructure.
TS069-SEM1-11,TS069,1,6,TS069-S11,73.72,54.62,False,61.94,62.21,54.49,67.34,62.74,Good focus on practical sessions and mentoring.
TS069-SEM1-12,TS069,1,6,TS069-S12,75.99,72.48,True,64.96,66.65,67.02,76.05,68.65,"Campus has trees and nature, very peaceful."
TS069-SEM1-13,TS069,1,6,TS069-S13,69.82,54.06,False,54.01,71.0,51.53,72.17,59.99,Teaching incorporates both fundamentals and modern practical tools.
TS069-SEM1-14,TS069,1,6,TS069-S14,70.9,56.71,False,60.64,54.22,58.98,63.85,43.74,Teaching incorporates both fundamentals and modern practical tools.
TS070-SEM1-01,TS070,1,6,TS070-S01,63.73,75.31,False,45.92,54.37,66.34,44.79,51.53,Excellent labs and digital board infrastructure.
TS070-SEM1-02,TS070,1,6,TS070-S02,78.38,72.16,True,61.54,70.79,72.46,51.62,65.35,"Campus has trees and nature, very peaceful."
TS070-SEM1-03,TS070,1,6,TS070-S03,74.52,68.2,False,55.9,51.6,53.16,50.49,56.13,"Strictness is moderate, allowing good learning freedom."
TS070-SEM1-04,TS070,1,6,TS070-S04,70.57,61.78,False,45.66,73.27,56.59,55.66,49.97,Good focus on practical sessions and mentoring.
TS070-SEM1-05,TS070,1,6,TS070-S05,72.51,47.0,False,38.91,68.38,56.21,50.43,43.57,"Strictness is moderate, allowing good learning freedom."
TS070-SEM1-06,TS070,1,6,TS070-S06,66.58,72.62,False,62.26,53.4,59.17,50.33,49.21,Career guidance is helpful from the beginning.
TS070-SEM1-07,TS070,1,6,TS070-S07,83.11,57.47,True,68.11,68.23,69.68,57.93,67.34,Teaching incorporates both fundamentals and modern practical tools.
TS070-SEM1-08,TS070,1,6,TS070-S08,80.28,74.49,True,42.49,71.89,63.88,55.98,70.87,Teaching incorporates both fundamentals and modern practical tools.
TS070-SEM1-09,TS070,1,6,TS070-S09,73.56,68.78,False,50.21,70.35,59.71,52.45,52.29,Excellent labs and digital board infrastructure.
TS070-SEM1-10,TS070,1,6,TS070-S10,78.94,72.22,True,71.76,69.76,72.4,62.78,64.69,"Campus has trees and nature, very peaceful."
TS070-SEM1-11,TS070,1,6,TS070-S11,85.98,40.98,False,55.64,52.8,65.23,50.71,45.85,Career guidance is helpful from the beginning.
TS070-SEM1-12,TS070,1,6,TS070-S12,70.4,54.86,False,49.98,55.74,52.06,50.81,51.77,Career guidance is helpful from the beginning.
TS070-SEM1-13,TS070,1,6,TS070-S13,66.02,45.42,False,53.68,62.62,59.47,52.5,57.68,Career guidance is helpful from the beginning.
TS070-SEM1-14,TS070,1,6,TS070-S14,77.98,88.8,True,55.27,50.79,62.78,59.22,67.44,"Campus has trees and nature, very peaceful."
TS071-SEM1-01,TS071,1,6,TS071-S01,70.2,56.51,False,54.59,49.87,56.58,58.53,46.92,Good focus on practical sessions and mentoring.
TS071-SEM1-02,TS071,1,6,TS071-S02,74.39,63.02,False,53.27,48.24,57.36,62.45,49.89,Teaching incorporates both fundamentals and modern practical tools.
TS071-SEM1-03,TS071,1,6,TS071-S03,75.61,60.9,True,64.68,59.73,65.39,53.49,67.7,"Campus has trees and nature, very peaceful."
TS071-SEM1-04,TS071,1,6,TS071-S04,69.69,57.52,False,51.32,53.24,56.85,56.64,45.2,Career guidance is helpful from the beginning.
TS071-SEM1-05,TS071,1,6,TS071-S05,80.03,64.05,True,72.79,80.11,64.19,61.48,59.14,Teaching incorporates both fundamentals and modern practical tools.
TS071-SEM1-06,TS071,1,6,TS071-S06,73.24,72.95,False,52.41,31.35,58.64,61.88,46.78,Teaching incorporates both fundamentals and modern practical tools.
TS071-SEM1-07,TS071,1,6,TS071-S07,77.93,68.28,True,71.92,58.77,61.0,62.35,62.16,Career guidance is helpful from the beginning.
TS071-SEM1-08,TS071,1,6,TS071-S08,73.82,75.1,False,57.78,64.7,45.81,48.28,49.12,Career guidance is helpful from the beginning.
TS071-SEM1-09,TS071,1,6,TS071-S09,71.79,57.02,False,61.72,59.76,57.0,62.22,48.56,Teaching incorporates both fundamentals and modern practical tools.
TS071-SEM1-10,TS071,1,6,TS071-S10,87.55,52.6,True,58.63,81.41,65.3,60.03,61.97,Excellent labs and digital board infrastructure.
TS071-SEM1-11,TS071,1,6,TS071-S11,80.31,65.62,True,63.93,73.0,62.79,59.55,65.57,"Strictness is moderate, allowing good learning freedom."
TS071-SEM1-12,TS071,1,6,TS071-S12,64.89,66.94,False,54.86,66.83,57.62,55.53,56.05,"Strictness is moderate, allowing good learning freedom."
TS071-SEM1-13,TS071,1,6,TS071-S13,77.35,75.89,True,63.53,72.01,65.16,56.4,60.65,Teaching incorporates both fundamentals and modern practical tools.
TS071-SEM1-14,TS071,1,6,TS071-S14,64.2,60.92,False,48.29,47.42,55.04,55.72,54.2,Good focus on practical sessions and mentoring.
TS072-SEM1-01,TS072,1,6,TS072-S01,84.87,80.08,True,88.82,83.9,84.65,90.09,94.51,Good focus on practical sessions and mentoring.
TS072-SEM1-02,TS072,1,6,TS072-S02,95.37,76.8,True,88.7,79.53,87.99,93.83,87.06,Excellent labs and digital board infrastructure.
TS072-SEM1-03,TS072,1,6,TS072-S03,87.41,75.19,True,89.27,86.69,88.96,96.17,88.62,"Campus has trees and nature, very peaceful."
TS072-SEM1-04,TS072,1,6,TS072-S04,79.17,75.02,True,90.06,87.21,83.71,97.16,85.79,Teaching incorporates both fundamentals and modern practical tools.
TS072-SEM1-05,TS072,1,6,TS072-S05,96.88,82.63,True,88.27,90.98,82.42,82.21,83.97,Good focus on practical sessions and mentoring.
TS072-SEM1-06,TS072,1,6,TS072-S06,85.25,57.45,True,90.38,83.02,80.68,88.21,81.81,Teaching incorporates both fundamentals and modern practical tools.
TS072-SEM1-07,TS072,1,6,TS072-S07,84.91,66.93,True,89.24,82.74,80.64,79.25,91.0,Excellent labs and digital board infrastructure.
TS072-SEM1-08,TS072,1,6,TS072-S08,82.47,69.83,True,87.24,88.64,84.65,100.0,92.69,Career guidance is helpful from the beginning.
TS072-SEM1-09,TS072,1,6,TS072-S09,81.36,82.38,True,87.43,95.17,79.67,91.32,95.11,Excellent labs and digital board infrastructure.
TS072-SEM1-10,TS072,1,6,TS072-S10,83.85,71.31,True,73.54,100.0,85.7,87.68,90.91,Excellent labs and digital board infrastructure.
TS072-SEM1-11,TS072,1,6,TS072-S11,76.31,71.69,True,78.68,67.96,76.17,97.31,84.23,Excellent labs and digital board infrastructure.
TS072-SEM1-12,TS072,1,6,TS072-S12,85.21,84.57,True,85.37,85.86,82.08,98.41,98.54,Good focus on practical sessions and mentoring.
TS072-SEM1-13,TS072,1,6,TS072-S13,90.7,53.48,True,87.19,88.5,75.53,80.72,95.7,Excellent labs and digital board infrastructure.
TS072-SEM1-14,TS072,1,6,TS072-S14,78.65,60.13,True,89.5,78.22,85.37,85.31,80.44,Career guidance is helpful from the beginning.
TS073-SEM1-01,TS073,1,6,TS073-S01,66.15,64.82,False,46.12,65.97,59.85,73.02,73.26,Career guidance is helpful from the beginning.
TS073-SEM1-02,TS073,1,6,TS073-S02,70.7,60.92,False,70.5,72.89,68.39,80.04,65.83,Career guidance is helpful from the beginning.
TS073-SEM1-03,TS073,1,6,TS073-S03,73.73,60.61,False,63.39,80.06,67.78,81.86,58.23,"Campus has trees and nature, very peaceful."
TS073-SEM1-04,TS073,1,6,TS073-S04,80.6,66.72,True,82.52,77.52,76.63,78.56,80.8,Excellent labs and digital board infrastructure.
TS073-SEM1-05,TS073,1,6,TS073-S05,77.65,67.19,True,73.06,84.89,78.18,77.43,89.42,Career guidance is helpful from the beginning.
TS073-SEM1-06,TS073,1,6,TS073-S06,76.88,55.74,True,78.1,80.07,82.75,87.38,81.64,"Campus has trees and nature, very peaceful."
TS073-SEM1-07,TS073,1,6,TS073-S07,76.07,70.23,True,81.88,87.47,78.9,76.8,78.08,Excellent labs and digital board infrastructure.
TS073-SEM1-08,TS073,1,6,TS073-S08,70.27,54.93,False,56.63,78.13,71.2,66.44,62.26,Excellent labs and digital board infrastructure.
TS073-SEM1-09,TS073,1,6,TS073-S09,70.89,63.82,False,58.97,61.89,72.06,65.27,62.3,Teaching incorporates both fundamentals and modern practical tools.
TS073-SEM1-10,TS073,1,6,TS073-S10,70.04,60.77,False,66.98,85.51,61.47,79.74,50.91,Excellent labs and digital board infrastructure.
TS073-SEM1-11,TS073,1,6,TS073-S11,80.36,41.57,False,80.08,69.6,75.92,80.98,61.28,"Strictness is moderate, allowing good learning freedom."
TS073-SEM1-12,TS073,1,6,TS073-S12,69.84,53.63,False,70.19,69.33,65.37,77.7,58.98,Teaching incorporates both fundamentals and modern practical tools.
TS073-SEM1-13,TS073,1,6,TS073-S13,70.03,63.07,False,61.61,68.79,77.14,73.25,61.67,Good focus on practical sessions and mentoring.
TS073-SEM1-14,TS073,1,6,TS073-S14,70.95,66.54,False,59.26,76.14,70.74,63.74,72.44,"Strictness is moderate, allowing good learning freedom."
TS074-SEM1-01,TS074,1,6,TS074-S01,72.83,54.03,False,52.35,47.79,58.86,63.83,49.04,Good focus on practical sessions and mentoring.
TS074-SEM1-02,TS074,1,6,TS074-S02,83.64,69.92,True,58.89,63.19,74.39,74.31,79.64,"Campus has trees and nature, very peaceful."
TS074-SEM1-03,TS074,1,6,TS074-S03,72.06,59.91,False,48.04,63.86,58.54,60.56,61.61,"Strictness is moderate, allowing good learning freedom."
TS074-SEM1-04,TS074,1,6,TS074-S04,71.24,75.31,False,46.0,82.56,57.66,66.21,57.86,Teaching incorporates both fundamentals and modern practical tools.
TS074-SEM1-05,TS074,1,6,TS074-S05,69.02,70.19,False,60.75,55.35,56.02,62.24,52.95,Good focus on practical sessions and mentoring.
TS074-SEM1-06,TS074,1,6,TS074-S06,80.36,69.03,True,73.16,54.69,63.45,70.69,77.1,Good focus on practical sessions and mentoring.
TS074-SEM1-07,TS074,1,6,TS074-S07,73.2,76.58,False,60.73,57.15,58.82,64.41,51.28,Good focus on practical sessions and mentoring.
TS074-SEM1-08,TS074,1,6,TS074-S08,81.19,50.91,True,73.94,68.55,63.83,68.51,75.58,Excellent labs and digital board infrastructure.
TS074-SEM1-09,TS074,1,6,TS074-S09,69.0,51.31,False,62.43,64.25,64.56,66.52,64.42,Teaching incorporates both fundamentals and modern practical tools.
TS074-SEM1-10,TS074,1,6,TS074-S10,78.69,54.76,True,66.18,67.43,59.46,67.25,74.25,Good focus on practical sessions and mentoring.
TS074-SEM1-11,TS074,1,6,TS074-S11,71.6,51.01,False,46.39,77.95,61.15,57.02,55.83,Teaching incorporates both fundamentals and modern practical tools.
TS074-SEM1-12,TS074,1,6,TS074-S12,85.14,68.2,True,85.44,56.26,65.49,62.16,67.82,Career guidance is helpful from the beginning.
TS074-SEM1-13,TS074,1,6,TS074-S13,73.71,41.29,False,54.98,70.24,55.31,53.62,52.83,Career guidance is helpful from the beginning.
TS074-SEM1-14,TS074,1,6,TS074-S14,69.97,56.05,False,48.39,65.21,62.5,55.57,48.89,"Strictness is moderate, allowing good learning freedom."
TS075-SEM1-01,TS075,1,6,TS075-S01,66.6,72.96,False,37.11,65.12,56.06,54.46,43.4,Excellent labs and digital board infrastructure.
TS075-SEM1-02,TS075,1,6,TS075-S02,83.38,76.11,True,64.37,59.2,61.24,61.9,65.17,Career guidance is helpful from the beginning.
TS075-SEM1-03,TS075,1,6,TS075-S03,82.86,61.04,True,55.37,65.39,56.76,67.42,57.47,"Campus has trees and nature, very peaceful."
TS075-SEM1-04,TS075,1,6,TS075-S04,76.14,51.4,True,61.53,78.12,61.42,77.61,68.37,Teaching incorporates both fundamentals and modern practical tools.
TS075-SEM1-05,TS075,1,6,TS075-S05,80.55,59.91,True,70.88,71.61,63.22,63.97,64.77,Good focus on practical sessions and mentoring.
TS075-SEM1-06,TS075,1,6,TS075-S06,78.83,75.46,True,59.1,57.14,64.71,60.36,69.65,"Campus has trees and nature, very peaceful."
TS075-SEM1-07,TS075,1,6,TS075-S07,75.27,56.55,True,54.79,77.65,62.16,53.5,73.52,"Strictness is moderate, allowing good learning freedom."
TS075-SEM1-08,TS075,1,6,TS075-S08,77.83,57.72,True,54.15,83.7,55.95,58.36,66.9,"Campus has trees and nature, very peaceful."
TS075-SEM1-09,TS075,1,6,TS075-S09,62.17,52.18,False,55.53,58.09,51.63,59.05,45.35,"Strictness is moderate, allowing good learning freedom."
TS075-SEM1-10,TS075,1,6,TS075-S10,71.63,54.38,False,46.08,49.49,49.93,65.2,51.41,Career guidance is helpful from the beginning.
TS075-SEM1-11,TS075,1,6,TS075-S11,66.41,50.06,False,48.62,71.62,48.43,57.97,48.01,Teaching incorporates both fundamentals and modern practical tools.
TS075-SEM1-12,TS075,1,6,TS075-S12,71.35,57.42,False,56.49,58.01,57.79,62.48,52.03,"Strictness is moderate, allowing good learning freedom."
TS075-SEM1-13,TS075,1,6,TS075-S13,81.51,75.31,True,70.87,59.02,64.8,70.2,75.17,Good focus on practical sessions and mentoring.
TS075-SEM1-14,TS075,1,6,TS075-S14,66.2,67.58,False,45.48,58.47,52.49,61.82,40.51,"Campus has trees and nature, very peaceful."
TS076-SEM1-01,TS076,1,6,TS076-S01,82.77,81.55,True,77.25,64.83,74.64,72.12,86.69,"Strictness is moderate, allowing good learning freedom."
TS076-SEM1-02,TS076,1,6,TS076-S02,62.36,65.84,False,57.3,65.64,69.87,75.99,60.24,Excellent labs and digital board infrastructure.
TS076-SEM1-03,TS076,1,6,TS076-S03,76.57,55.38,True,82.55,78.38,70.89,75.19,83.62,"Strictness is moderate, allowing good learning freedom."
TS076-SEM1-04,TS076,1,6,TS076-S04,65.45,52.56,False,66.15,62.21,59.28,77.97,55.04,Good focus on practical sessions and mentoring.
TS076-SEM1-05,TS076,1,6,TS076-S05,70.8,55.8,False,60.76,58.64,70.11,70.53,65.46,Career guidance is helpful from the beginning.
TS076-SEM1-06,TS076,1,6,TS076-S06,68.34,83.33,False,51.11,53.04,75.31,72.7,62.25,Teaching incorporates both fundamentals and modern practical tools.
TS076-SEM1-07,TS076,1,6,TS076-S07,74.59,67.71,False,64.34,57.99,70.63,73.82,67.68,Excellent labs and digital board infrastructure.
TS076-SEM1-08,TS076,1,6,TS076-S08,82.59,65.3,True,87.18,67.58,75.23,75.32,76.39,Good focus on practical sessions and mentoring.
TS076-SEM1-09,TS076,1,6,TS076-S09,76.59,64.44,True,71.65,74.33,69.69,75.67,77.95,"Strictness is moderate, allowing good learning freedom."
TS076-SEM1-10,TS076,1,6,TS076-S10,83.07,59.41,True,84.91,79.31,72.89,74.24,73.81,Good focus on practical sessions and mentoring.
TS076-SEM1-11,TS076,1,6,TS076-S11,83.63,62.52,True,78.51,85.37,74.32,71.45,73.59,"Campus has trees and nature, very peaceful."
TS076-SEM1-12,TS076,1,6,TS076-S12,66.5,77.22,False,62.11,52.29,68.46,70.71,58.3,Good focus on practical sessions and mentoring.
TS076-SEM1-13,TS076,1,6,TS076-S13,65.88,51.36,False,69.06,67.7,68.93,71.33,62.18,Teaching incorporates both fundamentals and modern practical tools.
TS076-SEM1-14,TS076,1,6,TS076-S14,69.19,59.94,False,69.53,77.04,60.43,68.61,64.74,Teaching incorporates both fundamentals and modern practical tools.
TS077-SEM1-01,TS077,1,6,TS077-S01,95.15,74.18,True,71.14,81.7,75.68,91.57,80.29,Good focus on practical sessions and mentoring.
TS077-SEM1-02,TS077,1,6,TS077-S02,92.79,80.52,True,77.96,91.48,72.08,90.37,82.94,"Campus has trees and nature, very peaceful."
TS077-SEM1-03,TS077,1,6,TS077-S03,79.31,69.84,True,76.54,75.55,81.68,96.11,87.57,Excellent labs and digital board infrastructure.
TS077-SEM1-04,TS077,1,6,TS077-S04,89.0,60.22,True,88.36,81.83,76.79,94.73,83.44,"Strictness is moderate, allowing good learning freedom."
TS077-SEM1-05,TS077,1,6,TS077-S05,77.34,79.87,True,80.96,74.63,75.75,86.75,91.6,Excellent labs and digital board infrastructure.
TS077-SEM1-06,TS077,1,6,TS077-S06,83.47,84.59,True,80.42,65.9,76.46,85.1,82.35,"Campus has trees and nature, very peaceful."
TS077-SEM1-07,TS077,1,6,TS077-S07,87.89,84.71,True,79.51,91.87,89.05,87.73,88.46,Career guidance is helpful from the beginning.
TS077-SEM1-08,TS077,1,6,TS077-S08,89.44,74.41,True,80.33,60.21,81.45,84.86,80.72,Teaching incorporates both fundamentals and modern practical tools.
TS077-SEM1-09,TS077,1,6,TS077-S09,84.53,60.49,True,87.0,75.89,80.78,81.98,89.85,Career guidance is helpful from the beginning.
TS077-SEM1-10,TS077,1,6,TS077-S10,83.12,77.62,True,80.24,66.94,85.88,93.26,83.42,"Strictness is moderate, allowing good learning freedom."
TS077-SEM1-11,TS077,1,6,TS077-S11,84.45,87.58,True,80.71,67.18,74.51,87.25,93.41,"Campus has trees and nature, very peaceful."
TS077-SEM1-12,TS077,1,6,TS077-S12,77.63,69.04,True,80.91,79.0,74.7,95.63,85.37,"Strictness is moderate, allowing good learning freedom."
TS077-SEM1-13,TS077,1,6,TS077-S13,96.87,63.26,True,92.44,75.8,79.12,83.6,81.55,Career guidance is helpful from the beginning.
TS077-SEM1-14,TS077,1,6,TS077-S14,82.0,75.21,True,97.86,77.01,81.42,85.37,84.76,"Campus has trees and nature, very peaceful."
TS078-SEM1-01,TS078,1,6,TS078-S01,72.76,57.4,False,41.48,35.34,54.12,56.77,35.63,Excellent labs and digital board infrastructure.
TS078-SEM1-02,TS078,1,6,TS078-S02,65.9,62.15,False,48.46,37.88,52.44,54.34,36.22,Excellent labs and digital board infrastructure.
TS078-SEM1-03,TS078,1,6,TS078-S03,69.19,79.49,False,34.54,41.23,51.64,56.19,36.92,Career guidance is helpful from the beginning.
TS078-SEM1-04,TS078,1,6,TS078-S04,77.79,72.12,True,53.2,53.42,55.3,54.02,65.51,Career guidance is helpful from the beginning.
TS078-SEM1-05,TS078,1,6,TS078-S05,82.2,59.64,True,63.99,72.73,61.66,51.47,57.29,Teaching incorporates both fundamentals and modern practical tools.
TS078-SEM1-06,TS078,1,6,TS078-S06,75.0,57.06,True,66.65,50.56,53.06,57.39,57.9,Excellent labs and digital board infrastructure.
TS078-SEM1-07,TS078,1,6,TS078-S07,70.65,71.54,False,37.54,26.16,38.85,48.72,37.59,Teaching incorporates both fundamentals and modern practical tools.
TS078-SEM1-08,TS078,1,6,TS078-S08,73.12,51.2,False,35.61,39.65,41.29,51.56,37.89,Career guidance is helpful from the beginning.
TS078-SEM1-09,TS078,1,6,TS078-S09,76.13,52.1,True,53.6,63.56,53.1,68.19,53.11,"Strictness is moderate, allowing good learning freedom."
TS078-SEM1-10,TS078,1,6,TS078-S10,71.7,56.24,False,35.52,46.55,55.54,49.77,40.24,"Campus has trees and nature, very peaceful."
TS078-SEM1-11,TS078,1,6,TS078-S11,64.13,47.41,False,38.15,43.49,44.84,53.53,32.63,Excellent labs and digital board infrastructure.
TS078-SEM1-12,TS078,1,6,TS078-S12,68.24,67.02,False,34.72,44.25,48.34,50.19,42.58,"Campus has trees and nature, very peaceful."
TS078-SEM1-13,TS078,1,6,TS078-S13,62.87,70.88,False,45.07,47.54,52.5,52.91,37.78,Teaching incorporates both fundamentals and modern practical tools.
TS078-SEM1-14,TS078,1,6,TS078-S14,80.24,80.41,True,56.19,65.45,53.48,65.46,62.77,Teaching incorporates both fundamentals and modern practical tools.
TS079-SEM1-01,TS079,1,6,TS079-S01,89.09,76.54,True,69.53,56.46,53.51,66.75,68.37,Good focus on practical sessions and mentoring.
TS079-SEM1-02,TS079,1,6,TS079-S02,78.57,56.31,False,51.33,56.37,54.01,54.45,49.77,"Strictness is moderate, allowing good learning freedom."
TS079-SEM1-03,TS079,1,6,TS079-S03,73.17,57.6,False,54.37,65.64,57.76,53.32,48.87,Excellent labs and digital board infrastructure.
TS079-SEM1-04,TS079,1,6,TS079-S04,66.53,62.97,False,44.93,67.63,58.29,66.49,53.63,Excellent labs and digital board infrastructure.
TS079-SEM1-05,TS079,1,6,TS079-S05,70.38,57.74,False,60.83,56.1,47.6,65.62,49.1,Teaching incorporates both fundamentals and modern practical tools.
TS079-SEM1-06,TS079,1,6,TS079-S06,81.04,64.43,True,58.93,79.63,53.68,63.06,61.94,"Strictness is moderate, allowing good learning freedom."
TS079-SEM1-07,TS079,1,6,TS079-S07,58.83,70.73,False,47.03,64.66,56.32,63.22,46.1,"Campus has trees and nature, very peaceful."
TS079-SEM1-08,TS079,1,6,TS079-S08,67.41,62.9,False,55.89,57.01,50.87,52.38,49.4,Excellent labs and digital board infrastructure.
TS079-SEM1-09,TS079,1,6,TS079-S09,68.68,61.28,False,48.94,53.86,55.85,62.9,58.2,Teaching incorporates both fundamentals and modern practical tools.
TS079-SEM1-10,TS079,1,6,TS079-S10,76.55,77.94,True,54.77,67.3,65.67,70.78,72.43,Good focus on practical sessions and mentoring.
TS079-SEM1-11,TS079,1,6,TS079-S11,56.78,74.53,False,52.39,45.06,57.99,60.59,50.28,Career guidance is helpful from the beginning.
TS079-SEM1-12,TS079,1,6,TS079-S12,77.99,66.3,True,63.52,54.48,64.62,74.96,60.17,Excellent labs and digital board infrastructure.
TS079-SEM1-13,TS079,1,6,TS079-S13,67.97,53.18,False,47.65,60.72,52.16,63.49,53.7,"Strictness is moderate, allowing good learning freedom."
TS079-SEM1-14,TS079,1,6,TS079-S14,78.61,50.82,True,73.17,79.84,60.59,62.07,61.46,Career guidance is helpful from the beginning.
TS080-SEM1-01,TS080,1,6,TS080-S01,74.65,39.44,False,61.4,81.89,77.32,82.2,62.02,"Campus has trees and nature, very peaceful."
TS080-SEM1-02,TS080,1,6,TS080-S02,64.16,61.59,False,65.29,83.81,70.34,74.12,63.57,Good focus on practical sessions and mentoring.
TS080-SEM1-03,TS080,1,6,TS080-S03,74.4,68.26,False,60.86,62.83,76.06,64.17,71.39,Excellent labs and digital board infrastructure.
TS080-SEM1-04,TS080,1,6,TS080-S04,60.54,56.15,False,71.04,71.29,62.62,76.58,63.54,Career guidance is helpful from the beginning.
TS080-SEM1-05,TS080,1,6,TS080-S05,70.7,55.76,False,65.0,66.63,81.38,72.58,61.34,"Strictness is moderate, allowing good learning freedom."
TS080-SEM1-06,TS080,1,6,TS080-S06,68.75,79.77,False,55.37,74.17,68.01,65.48,59.11,Career guidance is helpful from the beginning.
TS080-SEM1-07,TS080,1,6,TS080-S07,73.9,53.36,False,66.76,85.12,70.06,65.3,58.97,Teaching incorporates both fundamentals and modern practical tools.
TS080-SEM1-08,TS080,1,6,TS080-S08,70.29,58.48,False,66.12,73.79,77.86,74.0,57.44,Career guidance is helpful from the beginning.
TS080-SEM1-09,TS080,1,6,TS080-S09,78.92,74.63,True,77.73,86.27,75.15,68.69,84.02,"Campus has trees and nature, very peaceful."
TS080-SEM1-10,TS080,1,6,TS080-S10,77.35,76.41,True,75.91,75.44,77.34,82.51,81.63,Career guidance is helpful from the beginning.
TS080-SEM1-11,TS080,1,6,TS080-S11,72.69,62.37,False,66.48,77.22,75.31,69.48,62.34,"Campus has trees and nature, very peaceful."
TS080-SEM1-12,TS080,1,6,TS080-S12,69.46,56.34,False,55.51,71.48,71.6,73.09,63.16,"Campus has trees and nature, very peaceful."
TS080-SEM1-13,TS080,1,6,TS080-S13,74.51,76.11,False,62.69,61.92,68.75,85.32,57.4,"Strictness is moderate, allowing good learning freedom."
TS080-SEM1-14,TS080,1,6,TS080-S14,75.9,73.58,True,81.67,86.12,74.87,77.14,78.25,Teaching incorporates both fundamentals and modern practical tools.
TS081-SEM1-01,TS081,1,6,TS081-S01,80.14,73.52,True,50.81,48.84,61.15,57.73,62.81,Good focus on practical sessions and mentoring.
TS081-SEM1-02,TS081,1,6,TS081-S02,63.67,81.19,False,39.29,22.75,46.28,34.41,36.61,"Campus has trees and nature, very peaceful."
TS081-SEM1-03,TS081,1,6,TS081-S03,87.35,58.2,True,58.19,41.52,59.36,50.76,61.39,Career guidance is helpful from the beginning.
TS081-SEM1-04,TS081,1,6,TS081-S04,65.12,87.99,False,47.06,37.54,46.57,45.77,38.23,"Strictness is moderate, allowing good learning freedom."
TS081-SEM1-05,TS081,1,6,TS081-S05,67.27,78.78,False,40.72,21.67,42.21,54.66,40.77,Career guidance is helpful from the beginning.
TS081-SEM1-06,TS081,1,6,TS081-S06,71.2,73.7,False,39.37,43.76,44.7,52.55,40.08,"Campus has trees and nature, very peaceful."
TS081-SEM1-07,TS081,1,6,TS081-S07,70.55,70.2,False,48.52,37.38,45.68,58.69,44.98,"Strictness is moderate, allowing good learning freedom."
TS081-SEM1-08,TS081,1,6,TS081-S08,69.65,55.47,False,50.18,39.62,47.22,49.78,43.72,Career guidance is helpful from the beginning.
TS081-SEM1-09,TS081,1,6,TS081-S09,71.66,74.04,False,51.59,42.96,54.91,49.15,45.49,Excellent labs and digital board infrastructure.
TS081-SEM1-10,TS081,1,6,TS081-S10,78.03,72.19,True,61.82,64.36,52.34,55.16,58.96,Teaching incorporates both fundamentals and modern practical tools.
TS081-SEM1-11,TS081,1,6,TS081-S11,69.79,42.11,False,52.28,30.49,48.88,40.56,45.14,Career guidance is helpful from the beginning.
TS081-SEM1-12,TS081,1,6,TS081-S12,67.29,50.64,False,45.2,33.09,45.16,50.12,46.04,Teaching incorporates both fundamentals and modern practical tools.
TS081-SEM1-13,TS081,1,6,TS081-S13,67.09,52.09,False,44.18,43.01,55.35,42.67,40.45,"Campus has trees and nature, very peaceful."
TS081-SEM1-14,TS081,1,6,TS081-S14,79.05,81.73,True,53.6,51.75,52.15,51.54,61.26,"Campus has trees and nature, very peaceful."
TS082-SEM1-01,TS082,1,6,TS082-S01,92.6,79.01,True,78.17,76.58,75.14,73.33,86.65,"Campus has trees and nature, very peaceful."
TS082-SEM1-02,TS082,1,6,TS082-S02,84.3,65.35,True,93.09,100.0,85.13,82.36,89.97,Teaching incorporates both fundamentals and modern practical tools.
TS082-SEM1-03,TS082,1,6,TS082-S03,90.11,54.93,True,81.01,85.41,79.5,85.33,80.72,Career guidance is helpful from the beginning.
TS082-SEM1-04,TS082,1,6,TS082-S04,80.29,80.25,False,72.56,77.1,77.75,82.75,73.26,Excellent labs and digital board infrastructure.
TS082-SEM1-05,TS082,1,6,TS082-S05,84.57,84.39,True,100.0,99.44,80.83,77.94,84.97,Teaching incorporates both fundamentals and modern practical tools.
TS082-SEM1-06,TS082,1,6,TS082-S06,80.01,80.11,True,91.43,78.57,73.11,82.6,82.06,"Strictness is moderate, allowing good learning freedom."
TS082-SEM1-07,TS082,1,6,TS082-S07,74.45,68.63,False,65.71,79.77,71.17,73.18,68.25,Excellent labs and digital board infrastructure.
TS082-SEM1-08,TS082,1,6,TS082-S08,88.09,89.71,True,85.63,88.23,83.68,85.75,92.91,Career guidance is helpful from the beginning.
TS082-SEM1-09,TS082,1,6,TS082-S09,70.67,72.66,False,72.31,79.48,69.58,68.61,72.31,Career guidance is helpful from the beginning.
TS082-SEM1-10,TS082,1,6,TS082-S10,77.46,57.45,True,87.03,88.76,76.7,82.73,92.35,Teaching incorporates both fundamentals and modern practical tools.
TS082-SEM1-11,TS082,1,6,TS082-S11,72.31,59.36,False,66.51,79.48,71.8,80.27,73.72,Good focus on practical sessions and mentoring.
TS082-SEM1-12,TS082,1,6,TS082-S12,83.67,80.6,True,84.33,79.34,76.14,75.31,85.53,Excellent labs and digital board infrastructure.
TS082-SEM1-13,TS082,1,6,TS082-S13,83.39,60.51,True,79.03,81.14,78.15,76.69,89.31,"Campus has trees and nature, very peaceful."
TS082-SEM1-14,TS082,1,6,TS082-S14,80.99,83.15,True,81.84,100.0,73.16,91.12,94.55,Excellent labs and digital board infrastructure.
TS083-SEM1-01,TS083,1,6,TS083-S01,75.93,52.29,True,63.55,67.16,59.39,62.56,68.49,Career guidance is helpful from the beginning.
TS083-SEM1-02,TS083,1,6,TS083-S02,80.82,50.1,True,73.41,62.4,50.78,49.95,61.81,"Strictness is moderate, allowing good learning freedom."
TS083-SEM1-03,TS083,1,6,TS083-S03,84.08,62.17,True,59.09,59.85,52.51,63.5,63.66,Career guidance is helpful from the beginning.
TS083-SEM1-04,TS083,1,6,TS083-S04,84.6,68.28,True,60.67,56.6,54.75,50.04,68.67,Teaching incorporates both fundamentals and modern practical tools.
TS083-SEM1-05,TS083,1,6,TS083-S05,69.69,71.53,False,48.93,52.99,46.27,53.06,45.03,Good focus on practical sessions and mentoring.
TS083-SEM1-06,TS083,1,6,TS083-S06,77.41,54.85,True,71.96,67.51,63.05,61.68,73.61,"Campus has trees and nature, very peaceful."
TS083-SEM1-07,TS083,1,6,TS083-S07,74.23,69.0,False,47.9,49.14,46.08,58.85,41.08,Excellent labs and digital board infrastructure.
TS083-SEM1-08,TS083,1,6,TS083-S08,76.48,66.16,True,59.03,59.01,61.01,56.5,57.96,Good focus on practical sessions and mentoring.
TS083-SEM1-09,TS083,1,6,TS083-S09,83.63,54.09,True,60.67,75.36,48.28,65.27,59.56,"Campus has trees and nature, very peaceful."
TS083-SEM1-10,TS083,1,6,TS083-S10,73.59,55.24,False,60.07,56.33,48.58,49.44,46.57,Career guidance is helpful from the beginning.
TS083-SEM1-11,TS083,1,6,TS083-S11,73.07,66.39,False,48.11,44.32,50.42,54.89,42.77,"Strictness is moderate, allowing good learning freedom."
TS083-SEM1-12,TS083,1,6,TS083-S12,76.04,62.32,True,69.28,51.43,55.74,65.65,73.27,Career guidance is helpful from the beginning.
TS083-SEM1-13,TS083,1,6,TS083-S13,85.72,62.5,True,67.02,75.53,60.68,63.81,66.42,Teaching incorporates both fundamentals and modern practical tools.
TS083-SEM1-14,TS083,1,6,TS083-S14,75.13,52.82,False,44.98,45.82,43.86,48.71,44.8,Teaching incorporates both fundamentals and modern practical tools.
TS084-SEM1-01,TS084,1,6,TS084-S01,69.94,54.44,False,50.52,38.58,55.43,57.98,50.52,"Strictness is moderate, allowing good learning freedom."
TS084-SEM1-02,TS084,1,6,TS084-S02,74.32,75.93,False,58.79,71.61,65.23,52.91,55.88,Excellent labs and digital board infrastructure.
TS084-SEM1-03,TS084,1,6,TS084-S03,77.97,57.64,True,72.87,61.55,61.25,62.02,73.94,Good focus on practical sessions and mentoring.
TS084-SEM1-04,TS084,1,6,TS084-S04,73.31,72.32,False,50.16,55.6,62.31,54.23,50.67,"Strictness is moderate, allowing good learning freedom."
TS084-SEM1-05,TS084,1,6,TS084-S05,60.86,64.91,False,64.94,55.17,64.8,58.67,44.86,Good focus on practical sessions and mentoring.
TS084-SEM1-06,TS084,1,6,TS084-S06,66.63,52.44,False,53.79,66.76,68.93,50.44,51.27,"Campus has trees and nature, very peaceful."
TS084-SEM1-07,TS084,1,6,TS084-S07,66.62,49.32,False,56.26,63.41,50.62,59.13,47.66,Excellent labs and digital board infrastructure.
TS084-SEM1-08,TS084,1,6,TS084-S08,72.07,74.69,False,58.47,64.82,57.05,59.43,56.51,Teaching incorporates both fundamentals and modern practical tools.
TS084-SEM1-09,TS084,1,6,TS084-S09,74.78,61.01,False,56.99,52.87,56.02,63.27,57.9,Excellent labs and digital board infrastructure.
TS084-SEM1-10,TS084,1,6,TS084-S10,72.56,76.79,False,58.74,61.54,53.59,67.66,57.54,Career guidance is helpful from the beginning.
TS084-SEM1-11,TS084,1,6,TS084-S11,82.79,83.67,True,61.98,50.5,71.28,69.96,72.18,Teaching incorporates both fundamentals and modern practical tools.
TS084-SEM1-12,TS084,1,6,TS084-S12,64.64,61.11,False,56.8,69.66,61.05,63.01,53.07,Good focus on practical sessions and mentoring.
TS084-SEM1-13,TS084,1,6,TS084-S13,79.09,68.32,True,78.02,83.21,69.02,67.71,79.98,Teaching incorporates both fundamentals and modern practical tools.
TS084-SEM1-14,TS084,1,6,TS084-S14,62.2,74.41,False,52.83,72.16,60.29,51.57,51.21,Career guidance is helpful from the beginning.
TS085-SEM1-01,TS085,1,6,TS085-S01,76.31,64.44,True,74.58,81.91,65.39,71.16,64.9,Teaching incorporates both fundamentals and modern practical tools.
TS085-SEM1-02,TS085,1,6,TS085-S02,71.19,54.27,False,55.86,69.27,63.15,62.58,72.0,"Strictness is moderate, allowing good learning freedom."
TS085-SEM1-03,TS085,1,6,TS085-S03,71.78,51.17,False,57.26,65.21,64.4,78.99,58.88,Good focus on practical sessions and mentoring.
TS085-SEM1-04,TS085,1,6,TS085-S04,83.13,57.68,True,81.41,86.15,78.84,76.55,77.25,Career guidance is helpful from the beginning.
TS085-SEM1-05,TS085,1,6,TS085-S05,57.12,60.04,False,67.83,73.77,64.85,81.37,57.36,"Strictness is moderate, allowing good learning freedom."
TS085-SEM1-06,TS085,1,6,TS085-S06,67.7,57.32,False,54.54,71.57,66.72,74.84,57.21,"Campus has trees and nature, very peaceful."
TS085-SEM1-07,TS085,1,6,TS085-S07,71.65,40.22,False,63.54,67.38,59.78,70.55,57.99,Excellent labs and digital board infrastructure.
TS085-SEM1-08,TS085,1,6,TS085-S08,82.59,51.39,True,68.73,72.13,73.66,76.91,77.25,"Strictness is moderate, allowing good learning freedom."
TS085-SEM1-09,TS085,1,6,TS085-S09,74.0,57.06,False,66.58,64.15,64.79,73.35,60.41,"Campus has trees and nature, very peaceful."
TS085-SEM1-10,TS085,1,6,TS085-S10,75.87,65.17,True,73.33,68.04,65.14,68.16,86.09,Career guidance is helpful from the beginning.
TS085-SEM1-11,TS085,1,6,TS085-S11,58.72,73.94,False,56.35,76.09,54.27,69.77,66.55,Career guidance is helpful from the beginning.
TS085-SEM1-12,TS085,1,6,TS085-S12,76.28,58.63,True,67.34,87.71,70.54,77.75,78.7,Career guidance is helpful from the beginning.
TS085-SEM1-13,TS085,1,6,TS085-S13,64.18,66.07,False,58.76,68.94,62.39,61.74,57.14,Good focus on practical sessions and mentoring.
TS085-SEM1-14,TS085,1,6,TS085-S14,75.84,65.94,True,80.67,74.96,72.56,75.3,82.06,Career guidance is helpful from the beginning.
TS086-SEM1-01,TS086,1,6,TS086-S01,72.84,55.06,False,54.16,63.33,56.36,60.66,47.7,Excellent labs and digital board infrastructure.
TS086-SEM1-02,TS086,1,6,TS086-S02,72.58,73.42,False,61.08,69.84,59.11,58.18,49.44,Good focus on practical sessions and mentoring.
TS086-SEM1-03,TS086,1,6,TS086-S03,61.16,48.55,False,52.68,58.35,64.75,65.88,48.25,Career guidance is helpful from the beginning.
TS086-SEM1-04,TS086,1,6,TS086-S04,76.91,57.23,True,72.52,79.16,62.22,71.08,60.32,Good focus on practical sessions and mentoring.
TS086-SEM1-05,TS086,1,6,TS086-S05,79.78,61.75,True,55.46,66.11,71.46,62.43,73.25,Excellent labs and digital board infrastructure.
TS086-SEM1-06,TS086,1,6,TS086-S06,72.21,72.63,False,54.83,51.76,57.97,67.6,54.17,Excellent labs and digital board infrastructure.
TS086-SEM1-07,TS086,1,6,TS086-S07,71.3,84.56,False,60.64,65.75,59.27,62.38,55.5,"Strictness is moderate, allowing good learning freedom."
TS086-SEM1-08,TS086,1,6,TS086-S08,58.9,65.95,False,52.72,55.22,56.71,48.66,42.66,Good focus on practical sessions and mentoring.
TS086-SEM1-09,TS086,1,6,TS086-S09,79.48,66.62,True,64.23,76.26,63.29,72.46,74.93,Teaching incorporates both fundamentals and modern practical tools.
TS086-SEM1-10,TS086,1,6,TS086-S10,63.86,60.57,False,51.0,48.1,50.41,53.16,48.48,"Campus has trees and nature, very peaceful."
TS086-SEM1-11,TS086,1,6,TS086-S11,73.7,72.44,False,56.77,65.22,56.35,61.61,50.94,Career guidance is helpful from the beginning.
TS086-SEM1-12,TS086,1,6,TS086-S12,69.35,80.97,False,39.7,44.23,59.6,56.4,44.5,"Campus has trees and nature, very peaceful."
TS086-SEM1-13,TS086,1,6,TS086-S13,65.67,52.76,False,59.04,68.92,65.88,48.46,44.85,Excellent labs and digital board infrastructure.
TS086-SEM1-14,TS086,1,6,TS086-S14,63.39,74.89,False,56.19,59.86,58.83,57.65,46.08,"Campus has trees and nature, very peaceful."
TS087-SEM1-01,TS087,1,6,TS087-S01,59.72,70.49,False,55.03,62.99,54.43,70.01,53.09,Teaching incorporates both fundamentals and modern practical tools.
TS087-SEM1-02,TS087,1,6,TS087-S02,81.45,57.69,True,79.61,75.41,68.38,59.59,71.41,"Campus has trees and nature, very peaceful."
TS087-SEM1-03,TS087,1,6,TS087-S03,74.57,49.01,False,54.46,62.64,62.03,69.15,54.19,"Strictness is moderate, allowing good learning freedom."
TS087-SEM1-04,TS087,1,6,TS087-S04,67.86,89.46,False,55.09,64.47,59.9,58.61,56.08,"Campus has trees and nature, very peaceful."
TS087-SEM1-05,TS087,1,6,TS087-S05,77.52,66.04,True,77.96,77.67,70.58,73.93,68.14,Excellent labs and digital board infrastructure.
TS087-SEM1-06,TS087,1,6,TS087-S06,86.99,56.87,True,64.42,66.54,73.56,80.9,70.86,Excellent labs and digital board infrastructure.
TS087-SEM1-07,TS087,1,6,TS087-S07,74.08,64.2,False,63.7,83.75,69.3,58.84,58.34,"Strictness is moderate, allowing good learning freedom."
TS087-SEM1-08,TS087,1,6,TS087-S08,75.77,61.8,True,66.9,85.18,74.95,66.03,75.0,Career guidance is helpful from the beginning.
TS087-SEM1-09,TS087,1,6,TS087-S09,79.18,44.96,False,55.02,82.14,63.19,53.5,56.28,Good focus on practical sessions and mentoring.
TS087-SEM1-10,TS087,1,6,TS087-S10,78.13,36.53,False,58.75,63.02,53.48,60.77,55.01,Career guidance is helpful from the beginning.
TS087-SEM1-11,TS087,1,6,TS087-S11,71.86,58.52,False,51.57,54.36,58.24,65.43,56.86,Excellent labs and digital board infrastructure.
TS087-SEM1-12,TS087,1,6,TS087-S12,71.58,51.6,False,55.45,71.9,64.22,57.41,42.64,Career guidance is helpful from the beginning.
TS087-SEM1-13,TS087,1,6,TS087-S13,67.95,57.17,False,52.25,62.69,65.78,60.05,60.64,"Campus has trees and nature, very peaceful."
TS087-SEM1-14,TS087,1,6,TS087-S14,62.95,58.95,False,46.06,62.59,56.47,67.96,57.74,"Campus has trees and nature, very peaceful."
TS088-SEM1-01,TS088,1,6,TS088-S01,78.7,53.64,True,47.96,47.7,53.79,67.64,58.19,Excellent labs and digital board infrastructure.
TS088-SEM1-02,TS088,1,6,TS088-S02,71.68,70.63,False,45.28,36.01,56.61,47.8,40.29,Excellent labs and digital board infrastructure.
TS088-SEM1-03,TS088,1,6,TS088-S03,75.31,65.46,True,51.56,56.9,52.93,60.84,56.03,Career guidance is helpful from the beginning.
TS088-SEM1-04,TS088,1,6,TS088-S04,69.9,69.32,False,43.25,34.07,51.83,52.34,38.73,Career guidance is helpful from the beginning.
TS088-SEM1-05,TS088,1,6,TS088-S05,69.19,65.64,False,45.07,27.88,46.98,51.86,27.34,"Campus has trees and nature, very peaceful."
TS088-SEM1-06,TS088,1,6,TS088-S06,73.18,68.95,False,44.59,47.05,43.47,41.71,30.11,Good focus on practical sessions and mentoring.
TS088-SEM1-07,TS088,1,6,TS088-S07,78.55,69.03,True,50.75,57.07,44.59,49.73,57.73,"Strictness is moderate, allowing good learning freedom."
TS088-SEM1-08,TS088,1,6,TS088-S08,75.98,78.79,True,49.91,43.3,48.67,68.27,60.89,Good focus on practical sessions and mentoring.
TS088-SEM1-09,TS088,1,6,TS088-S09,78.68,59.61,True,59.3,46.59,50.65,50.9,54.87,Excellent labs and digital board infrastructure.
TS088-SEM1-10,TS088,1,6,TS088-S10,72.29,53.78,False,42.82,42.91,44.21,42.98,39.63,Career guidance is helpful from the beginning.
TS088-SEM1-11,TS088,1,6,TS088-S11,68.97,62.47,False,47.69,30.61,55.97,47.51,41.16,Good focus on practical sessions and mentoring.
TS088-SEM1-12,TS088,1,6,TS088-S12,67.48,73.42,False,40.35,37.48,42.23,46.34,41.2,Career guidance is helpful from the beginning.
TS088-SEM1-13,TS088,1,6,TS088-S13,73.04,61.6,False,36.84,34.48,42.8,50.71,42.42,Teaching incorporates both fundamentals and modern practical tools.
TS088-SEM1-14,TS088,1,6,TS088-S14,76.78,61.99,True,54.09,36.7,51.02,52.7,51.91,"Campus has trees and nature, very peaceful."
TS089-SEM1-01,TS089,1,6,TS089-S01,63.34,61.03,False,55.83,58.44,50.75,62.77,39.08,"Strictness is moderate, allowing good learning freedom."
TS089-SEM1-02,TS089,1,6,TS089-S02,66.17,80.64,False,50.85,47.44,51.1,48.55,46.76,Career guidance is helpful from the beginning.
TS089-SEM1-03,TS089,1,6,TS089-S03,73.18,62.2,False,40.42,51.87,48.73,47.47,51.71,"Strictness is moderate, allowing good learning freedom."
TS089-SEM1-04,TS089,1,6,TS089-S04,85.02,81.43,True,59.79,59.19,60.41,57.87,69.97,Career guidance is helpful from the beginning.
TS089-SEM1-05,TS089,1,6,TS089-S05,59.79,59.04,False,52.19,42.99,50.18,56.95,52.97,Career guidance is helpful from the beginning.
TS089-SEM1-06,TS089,1,6,TS089-S06,64.24,48.32,False,41.7,37.45,44.05,47.55,51.55,"Strictness is moderate, allowing good learning freedom."
TS089-SEM1-07,TS089,1,6,TS089-S07,70.13,62.31,False,41.65,54.82,60.76,48.06,54.0,"Strictness is moderate, allowing good learning freedom."
TS089-SEM1-08,TS089,1,6,TS089-S08,74.19,62.17,False,49.78,52.87,60.66,56.51,48.08,Good focus on practical sessions and mentoring.
TS089-SEM1-09,TS089,1,6,TS089-S09,69.47,70.39,False,41.64,50.62,65.8,38.37,46.54,Career guidance is helpful from the beginning.
TS089-SEM1-10,TS089,1,6,TS089-S10,73.63,59.72,False,46.15,50.48,50.12,54.72,42.94,Teaching incorporates both fundamentals and modern practical tools.
TS089-SEM1-11,TS089,1,6,TS089-S11,84.13,59.48,True,57.36,67.22,62.05,62.91,58.24,Good focus on practical sessions and mentoring.
TS089-SEM1-12,TS089,1,6,TS089-S12,67.49,78.86,False,42.8,54.88,46.66,59.44,41.95,Excellent labs and digital board infrastructure.
TS089-SEM1-13,TS089,1,6,TS089-S13,66.22,54.88,False,44.06,52.99,51.73,46.82,45.24,Excellent labs and digital board infrastructure.
TS089-SEM1-14,TS089,1,6,TS089-S14,65.14,68.44,False,52.34,49.56,52.74,63.9,44.59,"Campus has trees and nature, very peaceful."
TS090-SEM1-01,TS090,1,6,TS090-S01,72.67,66.19,False,49.67,54.9,41.7,64.84,45.51,Teaching incorporates both fundamentals and modern practical tools.
TS090-SEM1-02,TS090,1,6,TS090-S02,66.27,64.78,False,51.99,73.8,50.83,63.57,37.53,Career guidance is helpful from the beginning.
TS090-SEM1-03,TS090,1,6,TS090-S03,71.78,58.65,False,47.64,72.86,50.83,51.59,37.26,Teaching incorporates both fundamentals and modern practical tools.
TS090-SEM1-04,TS090,1,6,TS090-S04,81.87,67.14,True,57.52,72.11,51.65,66.53,55.71,Excellent labs and digital board infrastructure.
TS090-SEM1-05,TS090,1,6,TS090-S05,69.84,55.57,False,26.04,57.2,45.09,55.95,43.59,Career guidance is helpful from the beginning.
TS090-SEM1-06,TS090,1,6,TS090-S06,82.61,65.05,True,62.55,76.95,58.85,65.9,65.14,Teaching incorporates both fundamentals and modern practical tools.
TS090-SEM1-07,TS090,1,6,TS090-S07,57.44,82.89,False,55.12,61.71,42.52,64.47,40.11,"Strictness is moderate, allowing good learning freedom."
TS090-SEM1-08,TS090,1,6,TS090-S08,75.2,49.17,False,58.94,48.43,49.93,44.48,43.37,Good focus on practical sessions and mentoring.
TS090-SEM1-09,TS090,1,6,TS090-S09,69.45,73.37,False,43.03,69.08,44.46,55.52,42.27,Career guidance is helpful from the beginning.
TS090-SEM1-10,TS090,1,6,TS090-S10,74.97,65.68,False,49.91,62.11,52.89,51.82,45.52,"Strictness is moderate, allowing good learning freedom."
TS090-SEM1-11,TS090,1,6,TS090-S11,81.65,45.2,False,48.51,65.39,56.89,61.57,44.08,Good focus on practical sessions and mentoring.
TS090-SEM1-12,TS090,1,6,TS090-S12,74.58,54.65,False,43.25,49.29,57.02,59.91,39.0,Teaching incorporates both fundamentals and modern practical tools.
TS090-SEM1-13,TS090,1,6,TS090-S13,73.63,73.59,False,51.54,52.55,33.91,59.58,39.15,Career guidance is helpful from the beginning.
TS090-SEM1-14,TS090,1,6,TS090-S14,75.73,71.5,True,70.05,79.86,65.33,72.49,68.91,"Campus has trees and nature, very peaceful."
TS091-SEM1-01,TS091,1,6,TS091-S01,59.6,64.07,False,58.65,56.43,52.95,64.77,55.76,"Campus has trees and nature, very peaceful."
TS091-SEM1-02,TS091,1,6,TS091-S02,66.67,48.47,False,54.92,62.54,62.52,57.66,55.12,Excellent labs and digital board infrastructure.
TS091-SEM1-03,TS091,1,6,TS091-S03,77.32,50.27,True,78.47,57.11,73.21,79.66,71.32,"Strictness is moderate, allowing good learning freedom."
TS091-SEM1-04,TS091,1,6,TS091-S04,69.94,72.33,False,55.32,38.49,59.94,65.76,58.13,Career guidance is helpful from the beginning.
TS091-SEM1-05,TS091,1,6,TS091-S05,66.72,59.3,False,62.29,56.83,52.79,70.37,53.36,"Strictness is moderate, allowing good learning freedom."
TS091-SEM1-06,TS091,1,6,TS091-S06,78.55,48.05,False,55.71,61.39,60.0,55.84,42.5,Teaching incorporates both fundamentals and modern practical tools.
TS091-SEM1-07,TS091,1,6,TS091-S07,81.14,64.48,True,76.0,72.09,65.83,72.88,79.59,"Campus has trees and nature, very peaceful."
TS091-SEM1-08,TS091,1,6,TS091-S08,72.5,81.02,False,47.44,44.46,65.37,58.03,64.65,"Strictness is moderate, allowing good learning freedom."
TS091-SEM1-09,TS091,1,6,TS091-S09,80.02,77.88,True,64.9,54.04,74.91,60.94,80.36,Excellent labs and digital board infrastructure.
TS091-SEM1-10,TS091,1,6,TS091-S10,76.02,61.24,True,73.22,65.69,74.56,78.29,73.21,Career guidance is helpful from the beginning.
TS091-SEM1-11,TS091,1,6,TS091-S11,68.4,75.06,False,44.3,60.87,64.13,57.97,59.3,"Campus has trees and nature, very peaceful."
TS091-SEM1-12,TS091,1,6,TS091-S12,71.84,56.54,False,62.21,48.63,64.78,51.05,55.86,"Strictness is moderate, allowing good learning freedom."
TS091-SEM1-13,TS091,1,6,TS091-S13,72.26,56.6,False,58.77,56.68,65.71,66.3,56.7,"Strictness is moderate, allowing good learning freedom."
TS091-SEM1-14,TS091,1,6,TS091-S14,73.75,57.28,False,54.62,59.3,59.57,69.61,54.9,Career guidance is helpful from the beginning.
TS092-SEM1-01,TS092,1,6,TS092-S01,72.87,62.08,False,56.09,59.7,60.15,61.24,59.98,Excellent labs and digital board infrastructure.
TS092-SEM1-02,TS092,1,6,TS092-S02,74.54,88.06,False,54.44,64.57,54.51,69.08,48.62,Teaching incorporates both fundamentals and modern practical tools.
TS092-SEM1-03,TS092,1,6,TS092-S03,74.74,59.36,False,56.85,55.02,54.19,59.04,59.85,Excellent labs and digital board infrastructure.
TS092-SEM1-04,TS092,1,6,TS092-S04,74.8,49.11,False,60.71,49.77,61.85,63.99,55.22,Teaching incorporates both fundamentals and modern practical tools.
TS092-SEM1-05,TS092,1,6,TS092-S05,83.12,53.71,True,75.7,61.76,61.41,65.95,71.76,Good focus on practical sessions and mentoring.
TS092-SEM1-06,TS092,1,6,TS092-S06,63.54,67.51,False,45.69,67.25,60.71,72.15,55.48,"Strictness is moderate, allowing good learning freedom."
TS092-SEM1-07,TS092,1,6,TS092-S07,70.17,54.01,False,55.57,56.66,64.07,55.1,62.24,"Strictness is moderate, allowing good learning freedom."
TS092-SEM1-08,TS092,1,6,TS092-S08,79.65,59.96,True,63.44,68.55,58.76,78.75,61.9,"Campus has trees and nature, very peaceful."
TS092-SEM1-09,TS092,1,6,TS092-S09,63.36,55.65,False,62.07,64.54,58.75,66.79,51.56,Good focus on practical sessions and mentoring.
TS092-SEM1-10,TS092,1,6,TS092-S10,74.53,78.52,False,52.66,50.77,60.49,65.11,52.69,"Strictness is moderate, allowing good learning freedom."
TS092-SEM1-11,TS092,1,6,TS092-S11,78.02,59.99,True,70.38,69.2,73.2,69.89,68.62,Teaching incorporates both fundamentals and modern practical tools.
TS092-SEM1-12,TS092,1,6,TS092-S12,75.17,72.09,True,72.45,54.92,52.67,75.32,72.33,Career guidance is helpful from the beginning.
TS092-SEM1-13,TS092,1,6,TS092-S13,71.87,68.94,False,65.7,68.21,62.95,55.35,48.35,Teaching incorporates both fundamentals and modern practical tools.
TS092-SEM1-14,TS092,1,6,TS092-S14,57.68,68.34,False,60.79,66.42,61.51,59.75,49.32,"Strictness is moderate, allowing good learning freedom."
TS093-SEM1-01,TS093,1,6,TS093-S01,83.24,73.12,True,51.33,48.13,58.53,59.69,58.74,"Strictness is moderate, allowing good learning freedom."
TS093-SEM1-02,TS093,1,6,TS093-S02,69.78,47.36,False,47.25,59.12,42.65,42.69,46.25,Teaching incorporates both fundamentals and modern practical tools.
TS093-SEM1-03,TS093,1,6,TS093-S03,68.15,79.79,False,41.4,46.54,46.27,44.95,45.68,Career guidance is helpful from the beginning.
TS093-SEM1-04,TS093,1,6,TS093-S04,77.31,72.88,True,53.31,59.56,50.92,63.07,63.06,Good focus on practical sessions and mentoring.
TS093-SEM1-05,TS093,1,6,TS093-S05,71.45,52.74,False,51.29,50.72,45.4,56.56,37.5,"Strictness is moderate, allowing good learning freedom."
TS093-SEM1-06,TS093,1,6,TS093-S06,70.09,59.69,False,34.15,52.16,42.24,43.84,36.53,"Campus has trees and nature, very peaceful."
TS093-SEM1-07,TS093,1,6,TS093-S07,68.48,53.61,False,43.53,48.39,46.29,61.39,39.27,Teaching incorporates both fundamentals and modern practical tools.
TS093-SEM1-08,TS093,1,6,TS093-S08,75.63,69.19,True,57.69,59.8,54.06,50.75,55.58,Teaching incorporates both fundamentals and modern practical tools.
TS093-SEM1-09,TS093,1,6,TS093-S09,72.1,42.28,False,51.03,66.92,46.9,51.26,45.45,"Campus has trees and nature, very peaceful."
TS093-SEM1-10,TS093,1,6,TS093-S10,64.05,71.28,False,39.49,67.96,45.11,52.71,39.16,Teaching incorporates both fundamentals and modern practical tools.
TS093-SEM1-11,TS093,1,6,TS093-S11,85.18,56.88,True,59.81,62.86,54.19,50.26,45.12,"Campus has trees and nature, very peaceful."
TS093-SEM1-12,TS093,1,6,TS093-S12,78.45,57.11,True,58.16,69.23,57.06,39.48,61.12,"Campus has trees and nature, very peaceful."
TS093-SEM1-13,TS093,1,6,TS093-S13,69.94,73.65,False,45.6,54.45,44.69,41.79,37.88,"Campus has trees and nature, very peaceful."
TS093-SEM1-14,TS093,1,6,TS093-S14,61.2,56.1,False,33.26,38.13,46.63,50.47,39.89,Career guidance is helpful from the beginning.
TS094-SEM1-01,TS094,1,6,TS094-S01,78.23,42.13,False,69.39,65.54,66.3,79.61,67.61,Good focus on practical sessions and mentoring.
TS094-SEM1-02,TS094,1,6,TS094-S02,78.02,64.41,True,63.19,84.23,79.06,74.9,76.0,Good focus on practical sessions and mentoring.
TS094-SEM1-03,TS094,1,6,TS094-S03,68.66,56.16,False,67.8,68.96,64.2,88.73,52.18,Excellent labs and digital board infrastructure.
TS094-SEM1-04,TS094,1,6,TS094-S04,75.29,51.51,True,76.24,83.97,71.04,77.58,75.95,Career guidance is helpful from the beginning.
TS094-SEM1-05,TS094,1,6,TS094-S05,65.52,68.32,False,63.04,70.69,65.0,71.63,65.23,Excellent labs and digital board infrastructure.
TS094-SEM1-06,TS094,1,6,TS094-S06,78.13,76.15,True,83.46,73.88,71.34,86.96,81.57,"Strictness is moderate, allowing good learning freedom."
TS094-SEM1-07,TS094,1,6,TS094-S07,70.26,51.54,False,60.13,61.73,73.97,77.35,55.52,Good focus on practical sessions and mentoring.
TS094-SEM1-08,TS094,1,6,TS094-S08,65.73,54.22,False,58.0,65.88,70.92,66.99,70.8,Good focus on practical sessions and mentoring.
TS094-SEM1-09,TS094,1,6,TS094-S09,66.34,47.91,False,71.48,77.78,64.44,75.07,61.38,Good focus on practical sessions and mentoring.
TS094-SEM1-10,TS094,1,6,TS094-S10,72.82,49.04,False,46.46,60.45,74.43,83.92,58.04,Teaching incorporates both fundamentals and modern practical tools.
TS094-SEM1-11,TS094,1,6,TS094-S11,66.25,64.78,False,63.98,72.01,52.71,91.73,65.01,Excellent labs and digital board infrastructure.
TS094-SEM1-12,TS094,1,6,TS094-S12,70.81,54.82,False,67.27,71.17,65.81,75.53,58.79,Career guidance is helpful from the beginning.
TS094-SEM1-13,TS094,1,6,TS094-S13,74.41,69.26,False,63.41,69.54,72.31,63.2,55.36,Excellent labs and digital board infrastructure.
TS094-SEM1-14,TS094,1,6,TS094-S14,72.16,54.7,False,58.97,77.51,64.6,61.81,57.23,"Strictness is moderate, allowing good learning freedom."
TS095-SEM1-01,TS095,1,6,TS095-S01,59.72,53.33,False,68.32,61.38,70.77,67.02,62.99,Good focus on practical sessions and mentoring.
TS095-SEM1-02,TS095,1,6,TS095-S02,81.66,69.75,True,84.0,96.16,89.89,85.21,74.09,Career guidance is helpful from the beginning.
TS095-SEM1-03,TS095,1,6,TS095-S03,74.61,77.96,False,63.79,79.93,64.71,77.6,50.46,Excellent labs and digital board infrastructure.
TS095-SEM1-04,TS095,1,6,TS095-S04,66.3,61.94,False,62.73,61.18,66.41,77.34,62.48,Good focus on practical sessions and mentoring.
TS095-SEM1-05,TS095,1,6,TS095-S05,72.37,69.32,False,62.85,82.45,63.96,86.93,68.47,Good focus on practical sessions and mentoring.
TS095-SEM1-06,TS095,1,6,TS095-S06,69.86,59.11,False,66.15,76.37,74.38,67.32,65.1,Career guidance is helpful from the beginning.
TS095-SEM1-07,TS095,1,6,TS095-S07,59.3,60.23,False,73.63,60.24,60.91,76.69,69.85,"Strictness is moderate, allowing good learning freedom."
TS095-SEM1-08,TS095,1,6,TS095-S08,73.95,42.95,False,54.81,72.36,63.01,76.18,63.89,"Campus has trees and nature, very peaceful."
TS095-SEM1-09,TS095,1,6,TS095-S09,69.06,80.15,False,68.45,81.27,73.51,74.46,61.94,Career guidance is helpful from the beginning.
TS095-SEM1-10,TS095,1,6,TS095-S10,70.21,68.81,False,61.01,85.38,65.18,76.65,61.76,"Campus has trees and nature, very peaceful."
TS095-SEM1-11,TS095,1,6,TS095-S11,69.3,83.72,False,62.27,69.14,65.59,75.61,62.4,"Strictness is moderate, allowing good learning freedom."
TS095-SEM1-12,TS095,1,6,TS095-S12,65.28,57.76,False,68.57,79.8,69.03,75.72,61.1,Teaching incorporates both fundamentals and modern practical tools.
TS095-SEM1-13,TS095,1,6,TS095-S13,68.99,52.8,False,55.57,65.96,73.43,72.82,61.18,Career guidance is helpful from the beginning.
TS095-SEM1-14,TS095,1,6,TS095-S14,69.81,74.45,False,59.34,73.8,68.57,75.77,64.13,"Campus has trees and nature, very peaceful."
TS096-SEM1-01,TS096,1,6,TS096-S01,75.62,82.56,True,91.38,86.92,76.06,85.17,95.14,"Strictness is moderate, allowing good learning freedom."
TS096-SEM1-02,TS096,1,6,TS096-S02,82.42,79.52,True,81.34,95.24,80.83,85.48,88.9,Excellent labs and digital board infrastructure.
TS096-SEM1-03,TS096,1,6,TS096-S03,84.09,80.58,True,78.87,89.63,81.27,79.93,87.56,Good focus on practical sessions and mentoring.
TS096-SEM1-04,TS096,1,6,TS096-S04,87.45,86.88,True,92.21,79.45,75.54,81.32,86.76,Teaching incorporates both fundamentals and modern practical tools.
TS096-SEM1-05,TS096,1,6,TS096-S05,80.57,69.47,False,73.26,69.34,86.07,76.19,73.61,Career guidance is helpful from the beginning.
TS096-SEM1-06,TS096,1,6,TS096-S06,78.52,80.74,True,89.5,88.38,89.12,74.11,91.1,"Campus has trees and nature, very peaceful."
TS096-SEM1-07,TS096,1,6,TS096-S07,82.71,64.82,True,95.45,73.38,82.24,87.29,88.57,Excellent labs and digital board infrastructure.
TS096-SEM1-08,TS096,1,6,TS096-S08,91.09,88.08,True,98.02,97.47,79.6,79.75,92.57,"Campus has trees and nature, very peaceful."
TS096-SEM1-09,TS096,1,6,TS096-S09,77.24,70.9,True,86.49,88.43,74.77,90.03,84.34,"Strictness is moderate, allowing good learning freedom."
TS096-SEM1-10,TS096,1,6,TS096-S10,94.12,78.04,True,88.14,100.0,84.21,84.47,91.82,Career guidance is helpful from the beginning.
TS096-SEM1-11,TS096,1,6,TS096-S11,96.92,72.3,True,84.33,94.02,81.57,70.11,85.36,"Strictness is moderate, allowing good learning freedom."
TS096-SEM1-12,TS096,1,6,TS096-S12,88.0,67.35,True,85.46,88.44,85.89,87.15,88.46,"Campus has trees and nature, very peaceful."
TS096-SEM1-13,TS096,1,6,TS096-S13,88.1,77.03,True,82.09,75.54,84.64,88.44,91.07,Career guidance is helpful from the beginning.
TS096-SEM1-14,TS096,1,6,TS096-S14,84.93,84.68,True,83.71,78.65,79.57,92.76,91.82,"Campus has trees and nature, very peaceful."
TS097-SEM1-01,TS097,1,6,TS097-S01,90.21,90.63,True,90.53,92.63,90.64,86.04,91.93,Good focus on practical sessions and mentoring.
TS097-SEM1-02,TS097,1,6,TS097-S02,82.45,93.47,True,82.03,68.4,84.37,100.0,88.43,Career guidance is helpful from the beginning.
TS097-SEM1-03,TS097,1,6,TS097-S03,82.61,80.5,True,88.84,86.02,79.42,90.1,92.36,Career guidance is helpful from the beginning.
TS097-SEM1-04,TS097,1,6,TS097-S04,87.57,87.99,True,88.78,88.88,80.67,86.85,88.02,Teaching incorporates both fundamentals and modern practical tools.
TS097-SEM1-05,TS097,1,6,TS097-S05,74.35,79.07,False,78.94,67.2,78.82,79.89,65.56,Good focus on practical sessions and mentoring.
TS097-SEM1-06,TS097,1,6,TS097-S06,94.33,64.98,True,87.94,85.03,86.98,100.0,84.76,Career guidance is helpful from the beginning.
TS097-SEM1-07,TS097,1,6,TS097-S07,78.53,91.09,True,91.45,78.16,89.28,95.49,89.59,Excellent labs and digital board infrastructure.
TS097-SEM1-08,TS097,1,6,TS097-S08,78.49,76.07,True,80.08,76.48,80.51,88.2,88.57,"Campus has trees and nature, very peaceful."
TS097-SEM1-09,TS097,1,6,TS097-S09,87.75,79.61,True,88.31,87.87,75.24,97.1,84.52,Excellent labs and digital board infrastructure.
TS097-SEM1-10,TS097,1,6,TS097-S10,79.34,78.4,True,89.57,84.02,82.2,99.84,92.19,"Campus has trees and nature, very peaceful."
TS097-SEM1-11,TS097,1,6,TS097-S11,83.81,81.93,True,99.7,74.18,84.21,88.95,87.03,"Strictness is moderate, allowing good learning freedom."
TS097-SEM1-12,TS097,1,6,TS097-S12,79.27,67.28,True,79.42,90.75,86.89,88.38,91.31,"Campus has trees and nature, very peaceful."
TS097-SEM1-13,TS097,1,6,TS097-S13,81.05,63.99,True,90.58,87.71,84.86,88.32,87.7,Teaching incorporates both fundamentals and modern practical tools.
TS097-SEM1-14,TS097,1,6,TS097-S14,80.05,57.53,True,89.78,83.42,92.49,84.64,85.34,"Strictness is moderate, allowing good learning freedom."
TS098-SEM1-01,TS098,1,6,TS098-S01,88.75,75.28,True,85.79,75.82,75.29,70.6,86.09,Career guidance is helpful from the beginning.
TS098-SEM1-02,TS098,1,6,TS098-S02,83.23,90.17,True,80.64,90.85,84.41,76.66,76.67,"Campus has trees and nature, very peaceful."
TS098-SEM1-03,TS098,1,6,TS098-S03,77.13,64.46,True,79.43,92.16,71.62,68.82,85.7,Teaching incorporates both fundamentals and modern practical tools.
TS098-SEM1-04,TS098,1,6,TS098-S04,85.13,49.13,False,58.07,67.22,79.26,80.11,64.41,Excellent labs and digital board infrastructure.
TS098-SEM1-05,TS098,1,6,TS098-S05,80.98,66.63,True,91.65,89.38,79.33,70.76,84.52,"Strictness is moderate, allowing good learning freedom."
TS098-SEM1-06,TS098,1,6,TS098-S06,90.28,70.99,True,80.32,77.1,70.37,77.18,87.01,"Strictness is moderate, allowing good learning freedom."
TS098-SEM1-07,TS098,1,6,TS098-S07,93.16,61.68,True,88.28,83.49,74.44,69.4,84.96,Teaching incorporates both fundamentals and modern practical tools.
TS098-SEM1-08,TS098,1,6,TS098-S08,82.54,69.41,True,80.07,64.18,78.36,78.67,86.19,Excellent labs and digital board infrastructure.
TS098-SEM1-09,TS098,1,6,TS098-S09,84.01,89.94,True,79.94,91.69,69.64,75.47,90.62,"Strictness is moderate, allowing good learning freedom."
TS098-SEM1-10,TS098,1,6,TS098-S10,89.28,81.6,True,76.23,90.32,73.48,68.95,86.42,Career guidance is helpful from the beginning.
TS098-SEM1-11,TS098,1,6,TS098-S11,79.04,77.07,True,93.15,82.8,76.39,79.85,80.32,"Campus has trees and nature, very peaceful."
TS098-SEM1-12,TS098,1,6,TS098-S12,87.48,75.65,False,57.79,51.33,64.97,79.26,60.74,Good focus on practical sessions and mentoring.
TS098-SEM1-13,TS098,1,6,TS098-S13,86.39,68.58,True,82.21,92.48,82.4,78.1,90.96,Excellent labs and digital board infrastructure.
TS098-SEM1-14,TS098,1,6,TS098-S14,78.2,85.68,True,87.82,78.09,77.29,70.57,80.44,"Campus has trees and nature, very peaceful."
TS099-SEM1-01,TS099,1,6,TS099-S01,78.66,60.33,True,69.7,68.57,66.26,56.31,72.16,Good focus on practical sessions and mentoring.
TS099-SEM1-02,TS099,1,6,TS099-S02,77.1,71.91,True,59.35,64.99,72.39,65.39,66.59,"Strictness is moderate, allowing good learning freedom."
TS099-SEM1-03,TS099,1,6,TS099-S03,63.28,55.16,False,49.96,66.76,63.53,50.76,56.23,Good focus on practical sessions and mentoring.
TS099-SEM1-04,TS099,1,6,TS099-S04,75.9,50.2,True,70.51,70.59,56.91,64.85,73.65,Excellent labs and digital board infrastructure.
TS099-SEM1-05,TS099,1,6,TS099-S05,81.48,55.31,True,67.21,71.61,65.95,67.69,64.84,"Campus has trees and nature, very peaceful."
TS099-SEM1-06,TS099,1,6,TS099-S06,74.38,54.58,False,53.61,72.94,51.48,55.39,46.09,"Strictness is moderate, allowing good learning freedom."
TS099-SEM1-07,TS099,1,6,TS099-S07,72.92,72.48,False,55.48,58.35,65.11,59.05,56.56,"Strictness is moderate, allowing good learning freedom."
TS099-SEM1-08,TS099,1,6,TS099-S08,76.29,33.24,False,54.01,50.66,54.32,65.91,50.59,"Strictness is moderate, allowing good learning freedom."
TS099-SEM1-09,TS099,1,6,TS099-S09,83.36,47.92,False,47.96,65.38,56.76,58.91,51.9,"Strictness is moderate, allowing good learning freedom."
TS099-SEM1-10,TS099,1,6,TS099-S10,71.14,58.96,False,55.54,64.41,66.54,55.85,50.5,Good focus on practical sessions and mentoring.
TS099-SEM1-11,TS099,1,6,TS099-S11,68.87,76.7,False,58.61,44.09,48.75,52.08,53.62,"Strictness is moderate, allowing good learning freedom."
TS099-SEM1-12,TS099,1,6,TS099-S12,71.8,67.15,False,53.41,70.46,62.33,57.53,58.19,Teaching incorporates both fundamentals and modern practical tools.
TS099-SEM1-13,TS099,1,6,TS099-S13,62.11,61.15,False,55.29,64.1,49.89,55.5,54.47,"Strictness is moderate, allowing good learning freedom."
TS099-SEM1-14,TS099,1,6,TS099-S14,74.86,73.86,False,59.04,58.79,61.84,55.86,53.2,"Strictness is moderate, allowing good learning freedom."
TS100-SEM1-01,TS100,1,6,TS100-S01,72.66,83.43,False,56.96,70.45,66.58,68.54,59.07,Teaching incorporates both fundamentals and modern practical tools.
TS100-SEM1-02,TS100,1,6,TS100-S02,82.52,67.54,True,83.57,71.3,65.73,87.13,76.65,"Campus has trees and nature, very peaceful."
TS100-SEM1-03,TS100,1,6,TS100-S03,77.36,54.38,True,67.38,74.13,67.72,71.26,74.45,Career guidance is helpful from the beginning.
TS100-SEM1-04,TS100,1,6,TS100-S04,58.24,50.4,False,64.66,66.4,58.59,72.81,53.57,Teaching incorporates both fundamentals and modern practical tools.
TS100-SEM1-05,TS100,1,6,TS100-S05,76.33,60.84,True,73.42,94.09,67.17,77.88,79.87,Excellent labs and digital board infrastructure.
TS100-SEM1-06,TS100,1,6,TS100-S06,66.23,46.06,False,56.36,69.69,62.25,68.14,62.52,"Campus has trees and nature, very peaceful."
TS100-SEM1-07,TS100,1,6,TS100-S07,67.16,61.11,False,50.88,66.18,65.11,74.3,52.24,"Strictness is moderate, allowing good learning freedom."
TS100-SEM1-08,TS100,1,6,TS100-S08,70.85,49.22,False,58.49,75.47,62.36,61.33,54.56,Good focus on practical sessions and mentoring.
TS100-SEM1-09,TS100,1,6,TS100-S09,62.33,49.04,False,63.99,52.05,65.53,69.68,55.31,Teaching incorporates both fundamentals and modern practical tools.
TS100-SEM1-10,TS100,1,6,TS100-S10,73.36,52.62,False,65.01,58.03,62.03,66.49,61.41,"Campus has trees and nature, very peaceful."
TS100-SEM1-11,TS100,1,6,TS100-S11,75.27,35.78,False,61.49,49.66,62.26,68.87,56.2,"Campus has trees and nature, very peaceful."
TS100-SEM1-12,TS100,1,6,TS100-S12,75.0,69.2,True,69.11,73.33,63.25,73.66,82.7,"Strictness is moderate, allowing good learning freedom."
TS100-SEM1-13,TS100,1,6,TS100-S13,62.96,58.6,False,56.41,79.66,61.27,66.64,52.81,Career guidance is helpful from the beginning.
TS100-SEM1-14,TS100,1,6,TS100-S14,72.06,64.7,False,54.65,71.53,65.32,74.63,56.32,Good focus on practical sessions and mentoring.
TS101-SEM1-01,TS101,1,6,TS101-S01,73.24,62.25,False,52.17,60.49,54.86,56.99,48.37,Good focus on practical sessions and mentoring.
TS101-SEM1-02,TS101,1,6,TS101-S02,75.33,54.68,True,54.71,65.92,52.43,58.1,61.26,Good focus on practical sessions and mentoring.
TS101-SEM1-03,TS101,1,6,TS101-S03,72.81,65.42,False,42.37,53.21,59.08,43.82,41.84,Excellent labs and digital board infrastructure.
TS101-SEM1-04,TS101,1,6,TS101-S04,77.16,62.78,False,54.25,47.1,49.52,47.83,44.37,"Campus has trees and nature, very peaceful."
TS101-SEM1-05,TS101,1,6,TS101-S05,80.04,44.99,False,40.95,42.52,59.12,48.0,44.48,Excellent labs and digital board infrastructure.
TS101-SEM1-06,TS101,1,6,TS101-S06,62.31,59.38,False,53.31,55.47,51.57,42.3,44.47,Excellent labs and digital board infrastructure.
TS101-SEM1-07,TS101,1,6,TS101-S07,72.88,52.08,False,52.04,60.53,49.47,56.04,45.56,"Campus has trees and nature, very peaceful."
TS101-SEM1-08,TS101,1,6,TS101-S08,78.88,82.34,True,66.73,73.89,54.26,55.24,61.18,Good focus on practical sessions and mentoring.
TS101-SEM1-09,TS101,1,6,TS101-S09,71.2,58.44,False,46.92,60.15,42.63,45.85,49.46,"Campus has trees and nature, very peaceful."
TS101-SEM1-10,TS101,1,6,TS101-S10,75.32,51.41,True,70.07,63.06,54.07,63.94,72.73,Career guidance is helpful from the beginning.
TS101-SEM1-11,TS101,1,6,TS101-S11,66.68,62.39,False,54.65,54.37,43.38,54.35,41.22,"Campus has trees and nature, very peaceful."
TS101-SEM1-12,TS101,1,6,TS101-S12,64.38,44.72,False,55.25,46.77,53.78,55.16,46.92,"Strictness is moderate, allowing good learning freedom."
TS101-SEM1-13,TS101,1,6,TS101-S13,73.78,65.81,False,48.94,47.37,47.87,51.06,45.48,"Campus has trees and nature, very peaceful."
TS101-SEM1-14,TS101,1,6,TS101-S14,74.58,73.02,False,50.18,46.96,41.21,47.08,39.39,Teaching incorporates both fundamentals and modern practical tools.
TS102-SEM1-01,TS102,1,6,TS102-S01,77.12,76.85,True,64.32,63.26,64.16,64.35,68.78,Career guidance is helpful from the beginning.
TS102-SEM1-02,TS102,1,6,TS102-S02,74.56,61.49,False,40.91,62.4,48.05,55.81,52.25,Teaching incorporates both fundamentals and modern practical tools.
TS102-SEM1-03,TS102,1,6,TS102-S03,65.16,55.92,False,63.2,54.59,48.37,56.9,44.61,Good focus on practical sessions and mentoring.
TS102-SEM1-04,TS102,1,6,TS102-S04,60.48,67.2,False,44.97,57.79,50.41,56.34,49.39,Good focus on practical sessions and mentoring.
TS102-SEM1-05,TS102,1,6,TS102-S05,56.46,65.82,False,48.73,66.56,56.45,56.64,44.92,"Strictness is moderate, allowing good learning freedom."
TS102-SEM1-06,TS102,1,6,TS102-S06,67.26,61.74,False,48.31,65.93,53.7,44.75,44.33,"Strictness is moderate, allowing good learning freedom."
TS102-SEM1-07,TS102,1,6,TS102-S07,77.79,60.33,True,70.83,57.9,50.29,53.98,67.68,"Strictness is moderate, allowing good learning freedom."
TS102-SEM1-08,TS102,1,6,TS102-S08,70.5,46.4,False,56.57,56.53,56.42,54.62,41.98,Career guidance is helpful from the beginning.
TS102-SEM1-09,TS102,1,6,TS102-S09,73.82,71.07,False,57.31,60.99,57.04,41.67,48.4,Excellent labs and digital board infrastructure.
TS102-SEM1-10,TS102,1,6,TS102-S10,66.26,74.82,False,57.25,47.62,54.24,53.59,52.97,"Campus has trees and nature, very peaceful."
TS102-SEM1-11,TS102,1,6,TS102-S11,61.95,39.9,False,50.7,34.97,55.26,55.65,54.65,Teaching incorporates both fundamentals and modern practical tools.
TS102-SEM1-12,TS102,1,6,TS102-S12,68.26,63.61,False,54.38,45.82,59.05,53.74,45.44,Career guidance is helpful from the beginning.
TS102-SEM1-13,TS102,1,6,TS102-S13,72.85,60.61,False,55.15,52.34,55.61,48.37,43.78,Teaching incorporates both fundamentals and modern practical tools.
TS102-SEM1-14,TS102,1,6,TS102-S14,73.03,53.03,False,55.27,59.96,50.65,53.38,44.62,"Campus has trees and nature, very peaceful."
TS103-SEM1-01,TS103,1,6,TS103-S01,72.99,56.03,False,62.92,72.38,71.03,54.97,52.88,Excellent labs and digital board infrastructure.
TS103-SEM1-02,TS103,1,6,TS103-S02,63.18,83.93,False,62.87,62.7,71.36,64.38,50.14,Teaching incorporates both fundamentals and modern practical tools.
TS103-SEM1-03,TS103,1,6,TS103-S03,67.48,60.68,False,52.48,67.47,66.46,48.0,58.36,Career guidance is helpful from the beginning.
TS103-SEM1-04,TS103,1,6,TS103-S04,79.01,66.0,True,68.89,84.89,64.01,64.7,75.03,"Campus has trees and nature, very peaceful."
TS103-SEM1-05,TS103,1,6,TS103-S05,78.75,56.17,True,65.45,81.74,67.78,58.07,71.06,"Strictness is moderate, allowing good learning freedom."
TS103-SEM1-06,TS103,1,6,TS103-S06,75.22,50.97,True,78.28,76.91,74.68,61.09,74.89,"Strictness is moderate, allowing good learning freedom."
TS103-SEM1-07,TS103,1,6,TS103-S07,72.94,75.87,False,66.73,77.47,59.75,50.32,60.7,"Strictness is moderate, allowing good learning freedom."
TS103-SEM1-08,TS103,1,6,TS103-S08,80.26,73.63,True,77.27,84.21,70.64,64.4,75.39,"Campus has trees and nature, very peaceful."
TS103-SEM1-09,TS103,1,6,TS103-S09,67.27,55.14,False,54.69,55.45,63.61,56.0,60.71,Excellent labs and digital board infrastructure.
TS103-SEM1-10,TS103,1,6,TS103-S10,79.56,75.24,True,68.36,66.79,74.55,71.54,82.68,Career guidance is helpful from the beginning.
TS103-SEM1-11,TS103,1,6,TS103-S11,74.91,42.03,False,61.09,72.69,69.16,64.82,61.45,"Strictness is moderate, allowing good learning freedom."
TS103-SEM1-12,TS103,1,6,TS103-S12,68.48,51.71,False,62.1,61.9,70.27,46.02,59.73,"Campus has trees and nature, very peaceful."
TS103-SEM1-13,TS103,1,6,TS103-S13,73.92,59.93,False,53.35,51.75,60.24,53.16,62.46,Teaching incorporates both fundamentals and modern practical tools.
TS103-SEM1-14,TS103,1,6,TS103-S14,67.3,66.53,False,51.14,72.09,51.71,68.81,56.19,"Strictness is moderate, allowing good learning freedom."
TS104-SEM1-01,TS104,1,6,TS104-S01,76.49,58.19,True,60.7,74.17,68.57,76.52,75.79,Good focus on practical sessions and mentoring.
TS104-SEM1-02,TS104,1,6,TS104-S02,74.35,54.25,False,57.63,62.28,55.18,69.9,52.46,Career guidance is helpful from the beginning.
TS104-SEM1-03,TS104,1,6,TS104-S03,68.37,60.22,False,62.54,71.97,59.0,67.41,44.9,Teaching incorporates both fundamentals and modern practical tools.
TS104-SEM1-04,TS104,1,6,TS104-S04,82.32,72.36,True,54.41,71.25,64.43,78.16,67.81,Excellent labs and digital board infrastructure.
TS104-SEM1-05,TS104,1,6,TS104-S05,70.61,68.19,False,49.42,56.33,59.03,75.1,56.1,Excellent labs and digital board infrastructure.
TS104-SEM1-06,TS104,1,6,TS104-S06,78.45,62.63,True,57.62,87.1,75.82,76.81,74.22,"Campus has trees and nature, very peaceful."
TS104-SEM1-07,TS104,1,6,TS104-S07,71.77,59.9,False,50.4,60.53,60.84,69.59,62.0,Excellent labs and digital board infrastructure.
TS104-SEM1-08,TS104,1,6,TS104-S08,72.6,47.11,False,63.93,51.15,55.27,68.7,54.15,Good focus on practical sessions and mentoring.
TS104-SEM1-09,TS104,1,6,TS104-S09,63.33,54.54,False,45.18,65.89,63.98,59.74,57.04,"Strictness is moderate, allowing good learning freedom."
TS104-SEM1-10,TS104,1,6,TS104-S10,77.58,55.41,True,61.63,66.16,72.77,73.36,65.03,Teaching incorporates both fundamentals and modern practical tools.
TS104-SEM1-11,TS104,1,6,TS104-S11,72.89,49.05,False,57.15,53.1,53.9,69.32,60.81,"Strictness is moderate, allowing good learning freedom."
TS104-SEM1-12,TS104,1,6,TS104-S12,85.19,51.6,True,71.16,80.27,54.24,74.59,67.63,Career guidance is helpful from the beginning.
TS104-SEM1-13,TS104,1,6,TS104-S13,60.46,48.63,False,50.66,61.39,63.1,69.19,56.8,"Strictness is moderate, allowing good learning freedom."
TS104-SEM1-14,TS104,1,6,TS104-S14,72.16,54.95,False,52.96,66.48,63.23,66.18,47.42,"Campus has trees and nature, very peaceful."
TS105-SEM1-01,TS105,1,6,TS105-S01,90.01,83.44,True,87.29,97.24,91.96,85.1,86.26,"Strictness is moderate, allowing good learning freedom."
TS105-SEM1-02,TS105,1,6,TS105-S02,81.76,80.74,True,86.65,83.57,92.03,73.82,84.4,Career guidance is helpful from the beginning.
TS105-SEM1-03,TS105,1,6,TS105-S03,74.04,65.56,False,80.6,88.35,76.74,76.23,71.06,Teaching incorporates both fundamentals and modern practical tools.
TS105-SEM1-04,TS105,1,6,TS105-S04,74.85,97.18,False,81.36,80.94,72.83,71.91,67.65,Good focus on practical sessions and mentoring.
TS105-SEM1-05,TS105,1,6,TS105-S05,82.59,78.1,True,78.38,100.0,85.3,83.0,87.0,Teaching incorporates both fundamentals and modern practical tools.
TS105-SEM1-06,TS105,1,6,TS105-S06,72.63,74.17,False,71.17,83.78,81.64,77.85,76.05,Teaching incorporates both fundamentals and modern practical tools.
TS105-SEM1-07,TS105,1,6,TS105-S07,92.82,78.9,True,90.07,72.91,83.34,75.05,90.27,"Campus has trees and nature, very peaceful."
TS105-SEM1-08,TS105,1,6,TS105-S08,77.25,81.06,True,94.33,100.0,75.73,73.06,100.0,Career guidance is helpful from the beginning.
TS105-SEM1-09,TS105,1,6,TS105-S09,88.06,77.24,True,86.77,72.64,80.25,79.59,85.53,Teaching incorporates both fundamentals and modern practical tools.
TS105-SEM1-10,TS105,1,6,TS105-S10,78.49,100.0,True,88.78,90.05,87.06,77.39,95.35,Teaching incorporates both fundamentals and modern practical tools.
TS105-SEM1-11,TS105,1,6,TS105-S11,84.66,62.13,True,86.08,86.36,86.66,84.06,91.69,Good focus on practical sessions and mentoring.
TS105-SEM1-12,TS105,1,6,TS105-S12,84.03,75.86,True,91.78,92.01,79.19,81.94,92.35,Excellent labs and digital board infrastructure.
TS105-SEM1-13,TS105,1,6,TS105-S13,89.03,80.1,True,92.79,85.65,86.17,76.53,94.66,Good focus on practical sessions and mentoring.
TS105-SEM1-14,TS105,1,6,TS105-S14,72.34,83.17,False,73.22,85.83,73.21,73.8,71.41,Career guidance is helpful from the beginning.
TS106-SEM1-01,TS106,1,6,TS106-S01,65.83,69.73,False,73.08,46.74,61.36,85.51,70.97,Career guidance is helpful from the beginning.
TS106-SEM1-02,TS106,1,6,TS106-S02,59.22,70.15,False,74.95,55.13,77.02,78.42,64.7,"Campus has trees and nature, very peaceful."
TS106-SEM1-03,TS106,1,6,TS106-S03,67.68,72.01,False,70.13,75.82,76.33,79.44,78.67,"Strictness is moderate, allowing good learning freedom."
TS106-SEM1-04,TS106,1,6,TS106-S04,80.1,67.41,True,69.95,60.47,71.46,94.76,83.56,"Strictness is moderate, allowing good learning freedom."
TS106-SEM1-05,TS106,1,6,TS106-S05,68.32,60.64,False,63.58,68.43,64.73,81.59,64.63,"Strictness is moderate, allowing good learning freedom."
TS106-SEM1-06,TS106,1,6,TS106-S06,66.91,77.88,False,63.35,54.08,73.39,79.82,65.17,Excellent labs and digital board infrastructure.
TS106-SEM1-07,TS106,1,6,TS106-S07,64.89,70.12,False,78.16,51.92,70.9,74.78,76.57,Career guidance is helpful from the beginning.
TS106-SEM1-08,TS106,1,6,TS106-S08,79.44,64.82,True,73.21,78.0,69.31,78.51,81.17,Excellent labs and digital board infrastructure.
TS106-SEM1-09,TS106,1,6,TS106-S09,72.8,65.8,False,62.49,69.39,64.82,83.25,64.2,"Strictness is moderate, allowing good learning freedom."
TS106-SEM1-10,TS106,1,6,TS106-S10,75.6,73.82,True,75.16,58.52,66.03,85.44,80.59,"Strictness is moderate, allowing good learning freedom."
TS106-SEM1-11,TS106,1,6,TS106-S11,65.48,53.29,False,74.27,69.03,62.82,76.84,65.16,Good focus on practical sessions and mentoring.
TS106-SEM1-12,TS106,1,6,TS106-S12,68.24,53.91,False,63.1,70.75,75.03,75.08,65.43,Career guidance is helpful from the beginning.
TS106-SEM1-13,TS106,1,6,TS106-S13,71.96,51.92,False,63.34,51.91,74.94,88.81,61.07,"Strictness is moderate, allowing good learning freedom."
TS106-SEM1-14,TS106,1,6,TS106-S14,68.11,72.55,False,72.42,53.11,68.39,79.14,59.27,Teaching incorporates both fundamentals and modern practical tools.
TS107-SEM1-01,TS107,1,6,TS107-S01,74.33,49.97,False,59.6,55.59,63.66,69.09,51.17,Career guidance is helpful from the beginning.
TS107-SEM1-02,TS107,1,6,TS107-S02,69.24,76.07,False,54.28,69.23,55.52,67.21,51.61,Excellent labs and digital board infrastructure.
TS107-SEM1-03,TS107,1,6,TS107-S03,80.66,72.17,True,53.49,74.17,54.44,74.7,66.06,Career guidance is helpful from the beginning.
TS107-SEM1-04,TS107,1,6,TS107-S04,63.49,65.73,False,63.56,55.18,58.46,81.63,52.95,"Campus has trees and nature, very peaceful."
TS107-SEM1-05,TS107,1,6,TS107-S05,68.13,64.37,False,53.52,69.16,60.7,50.87,44.35,Teaching incorporates both fundamentals and modern practical tools.
TS107-SEM1-06,TS107,1,6,TS107-S06,71.58,51.85,False,28.43,51.88,54.62,64.34,43.65,"Strictness is moderate, allowing good learning freedom."
TS107-SEM1-07,TS107,1,6,TS107-S07,72.25,65.43,False,47.82,68.66,54.92,62.26,43.01,"Campus has trees and nature, very peaceful."
TS107-SEM1-08,TS107,1,6,TS107-S08,70.72,73.13,False,45.69,62.45,55.11,79.45,50.59,Good focus on practical sessions and mentoring.
TS107-SEM1-09,TS107,1,6,TS107-S09,67.81,69.36,False,55.25,54.51,48.81,70.71,48.95,Career guidance is helpful from the beginning.
TS107-SEM1-10,TS107,1,6,TS107-S10,62.9,64.55,False,46.81,45.56,52.87,75.19,54.67,Career guidance is helpful from the beginning.
TS107-SEM1-11,TS107,1,6,TS107-S11,77.68,64.69,True,65.23,58.85,57.11,70.85,73.64,Good focus on practical sessions and mentoring.
TS107-SEM1-12,TS107,1,6,TS107-S12,78.46,51.2,True,62.22,66.44,58.95,82.93,66.54,"Campus has trees and nature, very peaceful."
TS107-SEM1-13,TS107,1,6,TS107-S13,73.3,64.24,False,44.47,58.55,59.95,76.33,42.89,Teaching incorporates both fundamentals and modern practical tools.
TS107-SEM1-14,TS107,1,6,TS107-S14,62.89,62.62,False,57.29,60.56,58.04,59.33,45.77,"Strictness is moderate, allowing good learning freedom."
TS108-SEM1-01,TS108,1,6,TS108-S01,73.52,55.19,False,43.95,22.59,46.6,58.7,43.77,"Campus has trees and nature, very peaceful."
TS108-SEM1-02,TS108,1,6,TS108-S02,73.79,68.49,False,49.38,54.94,49.0,50.24,29.2,Excellent labs and digital board infrastructure.
TS108-SEM1-03,TS108,1,6,TS108-S03,77.87,67.15,False,38.63,51.26,45.48,51.93,40.48,"Strictness is moderate, allowing good learning freedom."
TS108-SEM1-04,TS108,1,6,TS108-S04,74.7,50.51,False,46.14,37.77,43.33,57.45,35.79,"Campus has trees and nature, very peaceful."
TS108-SEM1-05,TS108,1,6,TS108-S05,77.3,63.01,True,64.95,56.02,55.73,65.18,66.26,Teaching incorporates both fundamentals and modern practical tools.
TS108-SEM1-06,TS108,1,6,TS108-S06,73.21,68.17,False,44.99,40.79,38.85,53.43,47.66,Career guidance is helpful from the beginning.
TS108-SEM1-07,TS108,1,6,TS108-S07,75.5,51.33,True,54.91,36.8,58.85,53.47,67.67,"Campus has trees and nature, very peaceful."
TS108-SEM1-08,TS108,1,6,TS108-S08,78.89,59.72,True,71.31,61.54,54.95,76.48,59.35,Good focus on practical sessions and mentoring.
TS108-SEM1-09,TS108,1,6,TS108-S09,75.49,52.64,True,55.04,53.84,55.41,50.62,62.07,Teaching incorporates both fundamentals and modern practical tools.
TS108-SEM1-10,TS108,1,6,TS108-S10,67.02,68.09,False,48.37,40.37,41.94,61.4,45.13,Career guidance is helpful from the beginning.
TS108-SEM1-11,TS108,1,6,TS108-S11,72.91,76.68,False,43.26,38.57,41.75,51.49,44.62,Teaching incorporates both fundamentals and modern practical tools.
TS108-SEM1-12,TS108,1,6,TS108-S12,80.34,62.24,True,55.48,47.28,47.23,56.1,52.42,"Strictness is moderate, allowing good learning freedom."
TS108-SEM1-13,TS108,1,6,TS108-S13,84.06,66.39,True,67.09,43.12,53.08,71.14,58.04,Good focus on practical sessions and mentoring.
TS108-SEM1-14,TS108,1,6,TS108-S14,86.68,69.86,True,64.77,53.55,51.32,58.45,53.83,"Strictness is moderate, allowing good learning freedom."
TS109-SEM1-01,TS109,1,6,TS109-S01,82.75,59.03,True,91.81,100.0,91.12,82.85,83.17,"Strictness is moderate, allowing good learning freedom."
TS109-SEM1-02,TS109,1,6,TS109-S02,65.93,70.94,False,82.11,69.02,74.46,74.64,71.39,Excellent labs and digital board infrastructure.
TS109-SEM1-03,TS109,1,6,TS109-S03,89.72,59.61,True,94.43,91.5,81.21,95.21,80.69,Teaching incorporates both fundamentals and modern practical tools.
TS109-SEM1-04,TS109,1,6,TS109-S04,87.59,74.32,True,71.19,83.55,86.2,84.58,93.79,Teaching incorporates both fundamentals and modern practical tools.
TS109-SEM1-05,TS109,1,6,TS109-S05,89.33,65.41,True,79.56,86.07,85.79,79.95,91.45,"Campus has trees and nature, very peaceful."
TS109-SEM1-06,TS109,1,6,TS109-S06,78.97,69.19,True,80.5,78.55,87.72,85.62,80.24,Good focus on practical sessions and mentoring.
TS109-SEM1-07,TS109,1,6,TS109-S07,87.13,70.93,True,70.47,92.87,78.21,77.5,90.71,Good focus on practical sessions and mentoring.
TS109-SEM1-08,TS109,1,6,TS109-S08,86.83,67.13,True,97.84,96.41,88.47,86.85,85.29,Excellent labs and digital board infrastructure.
TS109-SEM1-09,TS109,1,6,TS109-S09,81.66,79.41,True,80.9,74.22,83.69,85.46,84.25,Good focus on practical sessions and mentoring.
TS109-SEM1-10,TS109,1,6,TS109-S10,86.92,64.55,True,90.19,93.07,78.53,86.36,83.62,Teaching incorporates both fundamentals and modern practical tools.
TS109-SEM1-11,TS109,1,6,TS109-S11,80.82,76.44,True,87.42,87.83,77.12,87.29,90.27,Excellent labs and digital board infrastructure.
TS109-SEM1-12,TS109,1,6,TS109-S12,86.13,67.8,True,77.61,82.19,81.13,77.39,86.06,Good focus on practical sessions and mentoring.
TS109-SEM1-13,TS109,1,6,TS109-S13,83.33,56.74,True,88.28,71.65,92.72,86.24,88.14,Excellent labs and digital board infrastructure.
TS109-SEM1-14,TS109,1,6,TS109-S14,83.39,81.05,True,76.13,96.12,88.74,84.57,86.92,Good focus on practical sessions and mentoring.
TS110-SEM1-01,TS110,1,6,TS110-S01,84.34,98.43,True,89.64,75.28,79.45,100.0,89.89,Good focus on practical sessions and mentoring.
TS110-SEM1-02,TS110,1,6,TS110-S02,77.02,79.54,True,72.05,67.6,83.44,83.99,77.8,"Campus has trees and nature, very peaceful."
TS110-SEM1-03,TS110,1,6,TS110-S03,80.38,79.92,True,94.12,75.63,79.76,87.69,84.7,Good focus on practical sessions and mentoring.
TS110-SEM1-04,TS110,1,6,TS110-S04,86.25,82.53,True,87.91,85.19,82.0,100.0,82.99,Excellent labs and digital board infrastructure.
TS110-SEM1-05,TS110,1,6,TS110-S05,81.56,70.19,True,78.54,72.4,72.33,99.1,92.86,Teaching incorporates both fundamentals and modern practical tools.
TS110-SEM1-06,TS110,1,6,TS110-S06,87.46,83.13,True,88.82,79.89,85.02,91.6,85.63,"Campus has trees and nature, very peaceful."
TS110-SEM1-07,TS110,1,6,TS110-S07,82.42,71.64,True,77.22,76.82,86.16,95.59,100.0,Good focus on practical sessions and mentoring.
TS110-SEM1-08,TS110,1,6,TS110-S08,76.48,79.45,True,91.02,80.22,86.98,95.87,94.94,Good focus on practical sessions and mentoring.
TS110-SEM1-09,TS110,1,6,TS110-S09,89.7,66.48,True,75.34,87.15,82.75,100.0,86.08,Excellent labs and digital board infrastructure.
TS110-SEM1-10,TS110,1,6,TS110-S10,70.86,100.0,False,71.41,56.97,80.36,100.0,67.61,"Campus has trees and nature, very peaceful."
TS110-SEM1-11,TS110,1,6,TS110-S11,81.4,77.38,True,80.48,89.23,80.97,90.51,84.37,Good focus on practical sessions and mentoring.
TS110-SEM1-12,TS110,1,6,TS110-S12,88.44,55.24,True,99.4,91.22,84.49,100.0,93.16,Teaching incorporates both fundamentals and modern practical tools.
TS110-SEM1-13,TS110,1,6,TS110-S13,81.24,84.25,True,77.04,79.59,83.43,96.16,86.7,"Strictness is moderate, allowing good learning freedom."
TS110-SEM1-14,TS110,1,6,TS110-S14,83.39,78.16,True,87.49,73.55,77.43,92.7,87.93,Teaching incorporates both fundamentals and modern practical tools.
TS111-SEM1-01,TS111,1,6,TS111-S01,80.91,54.65,False,52.68,55.87,65.05,63.88,50.11,Good focus on practical sessions and mentoring.
TS111-SEM1-02,TS111,1,6,TS111-S02,70.38,56.97,False,49.87,53.14,66.21,68.66,50.17,Teaching incorporates both fundamentals and modern practical tools.
TS111-SEM1-03,TS111,1,6,TS111-S03,77.89,46.13,False,62.15,67.5,69.08,70.46,54.08,"Campus has trees and nature, very peaceful."
TS111-SEM1-04,TS111,1,6,TS111-S04,79.75,55.74,True,67.51,78.09,60.62,65.62,71.08,Good focus on practical sessions and mentoring.
TS111-SEM1-05,TS111,1,6,TS111-S05,76.31,54.97,True,76.11,76.74,66.66,70.84,78.57,Excellent labs and digital board infrastructure.
TS111-SEM1-06,TS111,1,6,TS111-S06,72.09,71.4,False,65.64,63.82,52.91,56.95,50.41,"Campus has trees and nature, very peaceful."
TS111-SEM1-07,TS111,1,6,TS111-S07,76.26,66.45,True,70.51,64.52,59.23,78.47,69.86,Teaching incorporates both fundamentals and modern practical tools.
TS111-SEM1-08,TS111,1,6,TS111-S08,62.96,62.22,False,47.92,53.73,57.93,58.96,49.46,Good focus on practical sessions and mentoring.
TS111-SEM1-09,TS111,1,6,TS111-S09,67.54,54.83,False,47.85,53.27,53.42,67.91,52.9,"Campus has trees and nature, very peaceful."
TS111-SEM1-10,TS111,1,6,TS111-S10,79.17,80.87,True,70.59,73.06,67.23,71.69,69.75,Teaching incorporates both fundamentals and modern practical tools.
TS111-SEM1-11,TS111,1,6,TS111-S11,65.87,70.39,False,53.71,68.73,62.47,60.63,58.13,Good focus on practical sessions and mentoring.
TS111-SEM1-12,TS111,1,6,TS111-S12,56.64,81.3,False,45.86,61.1,60.03,71.13,50.25,"Strictness is moderate, allowing good learning freedom."
TS111-SEM1-13,TS111,1,6,TS111-S13,59.13,58.73,False,52.58,40.74,58.12,57.93,55.14,Career guidance is helpful from the beginning.
TS111-SEM1-14,TS111,1,6,TS111-S14,70.52,81.61,False,52.36,60.58,56.83,54.65,50.87,Excellent labs and digital board infrastructure.
TS112-SEM1-01,TS112,1,6,TS112-S01,76.97,70.7,True,93.96,94.46,88.39,89.47,100.0,Teaching incorporates both fundamentals and modern practical tools.
TS112-SEM1-02,TS112,1,6,TS112-S02,77.81,79.19,True,94.9,85.33,93.79,100.0,98.48,"Strictness is moderate, allowing good learning freedom."
TS112-SEM1-03,TS112,1,6,TS112-S03,82.95,70.65,True,85.58,97.23,90.19,93.82,94.45,Teaching incorporates both fundamentals and modern practical tools.
TS112-SEM1-04,TS112,1,6,TS112-S04,78.94,79.27,True,100.0,98.74,91.11,97.65,100.0,Career guidance is helpful from the beginning.
TS112-SEM1-05,TS112,1,6,TS112-S05,76.18,73.17,True,94.88,96.96,83.55,100.0,89.93,Career guidance is helpful from the beginning.
TS112-SEM1-06,TS112,1,6,TS112-S06,79.95,76.2,True,86.38,92.51,92.4,97.61,96.55,"Campus has trees and nature, very peaceful."
TS112-SEM1-07,TS112,1,6,TS112-S07,86.57,69.45,True,90.86,88.23,95.26,90.41,95.13,Excellent labs and digital board infrastructure.
TS112-SEM1-08,TS112,1,6,TS112-S08,77.66,100.0,True,90.87,94.34,88.55,92.1,94.13,Excellent labs and digital board infrastructure.
TS112-SEM1-09,TS112,1,6,TS112-S09,81.76,59.79,True,91.27,92.68,88.14,92.03,97.9,Teaching incorporates both fundamentals and modern practical tools.
TS112-SEM1-10,TS112,1,6,TS112-S10,85.2,88.96,True,90.34,95.11,78.62,100.0,94.9,Career guidance is helpful from the beginning.
TS112-SEM1-11,TS112,1,6,TS112-S11,95.11,66.31,True,93.72,93.08,90.22,95.31,90.39,Excellent labs and digital board infrastructure.
TS112-SEM1-12,TS112,1,6,TS112-S12,73.09,77.83,False,69.83,69.16,79.62,89.78,85.47,Good focus on practical sessions and mentoring.
TS112-SEM1-13,TS112,1,6,TS112-S13,87.88,89.33,True,93.73,100.0,81.91,91.72,91.85,Excellent labs and digital board infrastructure.
TS112-SEM1-14,TS112,1,6,TS112-S14,87.36,65.21,True,95.0,96.68,92.5,100.0,93.28,Teaching incorporates both fundamentals and modern practical tools.
TS113-SEM1-01,TS113,1,6,TS113-S01,71.6,64.83,False,59.86,46.54,52.9,63.21,57.62,"Strictness is moderate, allowing good learning freedom."
TS113-SEM1-02,TS113,1,6,TS113-S02,78.72,70.2,True,74.47,65.98,67.49,77.62,78.08,"Strictness is moderate, allowing good learning freedom."
TS113-SEM1-03,TS113,1,6,TS113-S03,72.26,59.37,False,61.47,68.17,54.88,58.52,57.69,Excellent labs and digital board infrastructure.
TS113-SEM1-04,TS113,1,6,TS113-S04,62.75,46.07,False,52.09,57.22,51.8,65.88,52.43,"Campus has trees and nature, very peaceful."
TS113-SEM1-05,TS113,1,6,TS113-S05,69.12,82.33,False,55.67,65.43,49.81,55.76,53.4,Career guidance is helpful from the beginning.
TS113-SEM1-06,TS113,1,6,TS113-S06,83.13,51.9,True,59.68,60.65,65.06,68.6,62.57,"Strictness is moderate, allowing good learning freedom."
TS113-SEM1-07,TS113,1,6,TS113-S07,64.03,43.14,False,55.95,61.18,60.06,59.1,56.13,Teaching incorporates both fundamentals and modern practical tools.
TS113-SEM1-08,TS113,1,6,TS113-S08,76.24,62.07,True,63.2,67.94,72.18,78.38,67.81,Teaching incorporates both fundamentals and modern practical tools.
TS113-SEM1-09,TS113,1,6,TS113-S09,75.23,50.99,True,62.11,71.92,78.94,68.13,83.71,Career guidance is helpful from the beginning.
TS113-SEM1-10,TS113,1,6,TS113-S10,74.94,54.5,False,48.32,75.32,59.56,61.15,50.08,Career guidance is helpful from the beginning.
TS113-SEM1-11,TS113,1,6,TS113-S11,74.58,61.91,False,55.17,70.59,51.46,68.42,50.73,Career guidance is helpful from the beginning.
TS113-SEM1-12,TS113,1,6,TS113-S12,69.01,72.72,False,44.33,37.47,58.22,63.72,44.33,"Strictness is moderate, allowing good learning freedom."
TS113-SEM1-13,TS113,1,6,TS113-S13,61.74,81.31,False,55.87,56.56,68.07,70.68,59.94,Teaching incorporates both fundamentals and modern practical tools.
TS113-SEM1-14,TS113,1,6,TS113-S14,64.92,49.83,False,56.8,59.71,63.34,54.77,54.61,Career guidance is helpful from the beginning.
TS114-SEM1-01,TS114,1,6,TS114-S01,71.6,65.34,False,56.67,62.76,63.84,53.67,54.57,"Strictness is moderate, allowing good learning freedom."
TS114-SEM1-02,TS114,1,6,TS114-S02,64.6,57.93,False,54.0,69.57,67.89,66.68,50.44,Career guidance is helpful from the beginning.
TS114-SEM1-03,TS114,1,6,TS114-S03,71.41,48.53,False,57.89,66.66,67.73,66.16,63.07,Teaching incorporates both fundamentals and modern practical tools.
TS114-SEM1-04,TS114,1,6,TS114-S04,73.56,59.66,False,64.02,68.73,60.15,65.59,55.3,Teaching incorporates both fundamentals and modern practical tools.
TS114-SEM1-05,TS114,1,6,TS114-S05,59.95,66.4,False,51.01,64.1,55.1,59.0,54.61,"Campus has trees and nature, very peaceful."
TS114-SEM1-06,TS114,1,6,TS114-S06,79.21,56.66,True,74.96,69.74,73.73,64.25,75.83,Excellent labs and digital board infrastructure.
TS114-SEM1-07,TS114,1,6,TS114-S07,86.82,59.61,True,62.81,64.65,72.07,68.34,77.85,Good focus on practical sessions and mentoring.
TS114-SEM1-08,TS114,1,6,TS114-S08,74.55,48.82,False,64.87,51.54,58.95,64.7,64.61,Teaching incorporates both fundamentals and modern practical tools.
TS114-SEM1-09,TS114,1,6,TS114-S09,65.98,63.48,False,59.71,66.74,68.69,60.89,61.83,Good focus on practical sessions and mentoring.
TS114-SEM1-10,TS114,1,6,TS114-S10,79.98,79.84,True,73.72,67.68,62.48,68.65,75.34,"Campus has trees and nature, very peaceful."
TS114-SEM1-11,TS114,1,6,TS114-S11,71.34,67.98,False,50.05,60.02,72.75,69.29,59.85,Excellent labs and digital board infrastructure.
TS114-SEM1-12,TS114,1,6,TS114-S12,74.34,58.35,False,48.25,65.14,50.53,61.37,56.76,"Strictness is moderate, allowing good learning freedom."
TS114-SEM1-13,TS114,1,6,TS114-S13,69.32,83.71,False,69.72,69.74,58.15,74.85,59.87,Excellent labs and digital board infrastructure.
TS114-SEM1-14,TS114,1,6,TS114-S14,66.35,62.33,False,64.53,56.69,63.48,65.22,51.27,Excellent labs and digital board infrastructure.
TS115-SEM1-01,TS115,1,6,TS115-S01,77.69,55.14,True,71.11,59.23,58.8,84.14,76.2,"Strictness is moderate, allowing good learning freedom."
TS115-SEM1-02,TS115,1,6,TS115-S02,77.18,80.19,True,78.3,59.89,70.87,67.31,69.66,"Campus has trees and nature, very peaceful."
TS115-SEM1-03,TS115,1,6,TS115-S03,72.58,49.33,False,58.16,51.23,50.25,61.34,52.46,Career guidance is helpful from the beginning.
TS115-SEM1-04,TS115,1,6,TS115-S04,77.12,64.85,True,73.3,59.29,66.89,69.0,74.62,Excellent labs and digital board infrastructure.
TS115-SEM1-05,TS115,1,6,TS115-S05,72.36,55.71,False,56.24,57.41,55.15,65.99,46.29,Excellent labs and digital board infrastructure.
TS115-SEM1-06,TS115,1,6,TS115-S06,78.63,67.27,True,63.48,72.79,71.86,69.99,70.3,"Campus has trees and nature, very peaceful."
TS115-SEM1-07,TS115,1,6,TS115-S07,65.49,48.54,False,51.68,43.68,68.16,55.07,54.93,Career guidance is helpful from the beginning.
TS115-SEM1-08,TS115,1,6,TS115-S08,74.61,65.57,False,58.86,61.29,57.95,64.61,52.72,Excellent labs and digital board infrastructure.
TS115-SEM1-09,TS115,1,6,TS115-S09,79.82,83.0,True,58.0,68.27,72.54,82.83,75.87,Excellent labs and digital board infrastructure.
TS115-SEM1-10,TS115,1,6,TS115-S10,80.37,78.6,True,75.47,53.46,67.14,72.89,71.69,Career guidance is helpful from the beginning.
TS115-SEM1-11,TS115,1,6,TS115-S11,71.77,77.67,False,51.64,60.11,61.77,58.94,48.8,Teaching incorporates both fundamentals and modern practical tools.
TS115-SEM1-12,TS115,1,6,TS115-S12,61.79,66.86,False,55.8,47.12,50.8,66.68,53.32,"Strictness is moderate, allowing good learning freedom."
TS115-SEM1-13,TS115,1,6,TS115-S13,67.72,52.36,False,54.75,57.48,58.53,56.95,53.89,Teaching incorporates both fundamentals and modern practical tools.
TS115-SEM1-14,TS115,1,6,TS115-S14,78.27,62.4,True,68.23,56.6,62.57,61.11,78.09,"Strictness is moderate, allowing good learning freedom."
TS116-SEM1-01,TS116,1,6,TS116-S01,72.05,86.21,False,53.48,46.41,64.29,64.29,49.76,"Strictness is moderate, allowing good learning freedom."
TS116-SEM1-02,TS116,1,6,TS116-S02,75.88,50.11,True,63.61,78.23,62.84,74.96,72.47,Excellent labs and digital board infrastructure.
TS116-SEM1-03,TS116,1,6,TS116-S03,72.12,73.84,False,59.0,56.56,52.79,58.54,35.8,"Strictness is moderate, allowing good learning freedom."
TS116-SEM1-04,TS116,1,6,TS116-S04,73.68,69.2,False,50.73,59.96,53.64,45.72,56.17,Good focus on practical sessions and mentoring.
TS116-SEM1-05,TS116,1,6,TS116-S05,69.79,55.82,False,58.01,65.03,55.23,62.32,42.09,Career guidance is helpful from the beginning.
TS116-SEM1-06,TS116,1,6,TS116-S06,71.51,74.95,False,45.8,49.22,54.25,58.31,51.1,Career guidance is helpful from the beginning.
TS116-SEM1-07,TS116,1,6,TS116-S07,63.73,36.51,False,55.39,48.54,50.81,44.6,52.98,Good focus on practical sessions and mentoring.
TS116-SEM1-08,TS116,1,6,TS116-S08,74.1,65.1,False,51.68,40.72,48.94,54.99,44.12,Career guidance is helpful from the beginning.
TS116-SEM1-09,TS116,1,6,TS116-S09,70.37,64.46,False,55.9,45.36,53.82,61.97,43.24,"Campus has trees and nature, very peaceful."
TS116-SEM1-10,TS116,1,6,TS116-S10,70.84,66.67,False,49.93,62.6,54.33,55.83,42.0,Career guidance is helpful from the beginning.
TS116-SEM1-11,TS116,1,6,TS116-S11,73.48,63.0,False,43.9,61.86,60.2,53.74,44.22,Career guidance is helpful from the beginning.
TS116-SEM1-12,TS116,1,6,TS116-S12,67.42,45.21,False,61.89,53.61,49.57,50.94,45.92,Career guidance is helpful from the beginning.
TS116-SEM1-13,TS116,1,6,TS116-S13,67.83,76.38,False,42.37,44.9,56.62,57.06,46.75,"Strictness is moderate, allowing good learning freedom."
TS116-SEM1-14,TS116,1,6,TS116-S14,75.36,63.37,True,55.43,53.86,57.36,58.19,67.21,Teaching incorporates both fundamentals and modern practical tools.
TS117-SEM1-01,TS117,1,6,TS117-S01,69.33,56.29,False,63.25,62.03,58.7,65.56,51.29,"Campus has trees and nature, very peaceful."
TS117-SEM1-02,TS117,1,6,TS117-S02,68.15,69.65,False,50.81,43.86,59.62,67.75,50.4,Career guidance is helpful from the beginning.
TS117-SEM1-03,TS117,1,6,TS117-S03,77.47,34.66,False,64.79,70.27,56.19,66.72,55.85,"Campus has trees and nature, very peaceful."
TS117-SEM1-04,TS117,1,6,TS117-S04,75.19,55.66,True,82.01,79.48,67.11,77.48,74.44,"Strictness is moderate, allowing good learning freedom."
TS117-SEM1-05,TS117,1,6,TS117-S05,76.45,41.14,False,53.23,58.19,58.52,74.05,44.38,"Campus has trees and nature, very peaceful."
TS117-SEM1-06,TS117,1,6,TS117-S06,63.91,55.18,False,56.26,68.49,67.49,67.71,57.48,"Campus has trees and nature, very peaceful."
TS117-SEM1-07,TS117,1,6,TS117-S07,76.26,67.42,True,66.93,63.31,60.67,78.51,71.06,Good focus on practical sessions and mentoring.
TS117-SEM1-08,TS117,1,6,TS117-S08,69.51,68.65,False,54.13,54.53,58.0,74.35,48.21,"Strictness is moderate, allowing good learning freedom."
TS117-SEM1-09,TS117,1,6,TS117-S09,73.26,61.45,False,50.77,59.48,51.47,70.08,46.51,Career guidance is helpful from the beginning.
TS117-SEM1-10,TS117,1,6,TS117-S10,78.43,61.08,True,76.29,63.58,62.59,65.45,77.88,Teaching incorporates both fundamentals and modern practical tools.
TS117-SEM1-11,TS117,1,6,TS117-S11,83.24,45.26,False,50.44,62.39,56.75,69.24,52.74,Teaching incorporates both fundamentals and modern practical tools.
TS117-SEM1-12,TS117,1,6,TS117-S12,74.45,52.39,False,56.49,52.9,57.27,59.01,51.31,Teaching incorporates both fundamentals and modern practical tools.
TS117-SEM1-13,TS117,1,6,TS117-S13,68.56,71.44,False,54.98,62.81,59.22,56.65,43.35,Teaching incorporates both fundamentals and modern practical tools.
TS117-SEM1-14,TS117,1,6,TS117-S14,70.09,64.79,False,53.92,54.92,58.13,67.46,57.23,Career guidance is helpful from the beginning.
TS118-SEM1-01,TS118,1,6,TS118-S01,87.55,81.5,True,89.0,76.02,79.0,82.23,83.88,Teaching incorporates both fundamentals and modern practical tools.
TS118-SEM1-02,TS118,1,6,TS118-S02,88.32,69.22,True,80.7,92.59,79.65,89.65,93.33,"Strictness is moderate, allowing good learning freedom."
TS118-SEM1-03,TS118,1,6,TS118-S03,79.32,75.3,True,89.26,82.73,80.9,83.07,80.07,"Strictness is moderate, allowing good learning freedom."
TS118-SEM1-04,TS118,1,6,TS118-S04,81.54,81.5,True,91.69,81.27,80.69,76.09,85.96,"Campus has trees and nature, very peaceful."
TS118-SEM1-05,TS118,1,6,TS118-S05,93.8,77.76,True,79.95,71.5,78.83,87.35,85.85,Good focus on practical sessions and mentoring.
TS118-SEM1-06,TS118,1,6,TS118-S06,76.25,66.52,True,85.5,79.27,81.44,96.03,94.08,Excellent labs and digital board infrastructure.
TS118-SEM1-07,TS118,1,6,TS118-S07,90.81,57.48,True,82.12,88.64,88.28,84.75,83.62,Teaching incorporates both fundamentals and modern practical tools.
TS118-SEM1-08,TS118,1,6,TS118-S08,78.03,81.21,True,86.83,85.32,83.23,84.41,91.56,Excellent labs and digital board infrastructure.
TS118-SEM1-09,TS118,1,6,TS118-S09,85.78,75.24,True,85.46,78.04,79.02,86.06,84.42,Excellent labs and digital board infrastructure.
TS118-SEM1-10,TS118,1,6,TS118-S10,86.88,74.49,True,89.81,91.03,80.6,85.25,91.67,Excellent labs and digital board infrastructure.
TS118-SEM1-11,TS118,1,6,TS118-S11,72.69,92.02,False,85.58,81.86,80.01,79.33,68.37,"Campus has trees and nature, very peaceful."
TS118-SEM1-12,TS118,1,6,TS118-S12,81.34,84.64,True,79.62,81.11,86.27,77.6,86.86,"Strictness is moderate, allowing good learning freedom."
TS118-SEM1-13,TS118,1,6,TS118-S13,81.36,64.88,True,79.82,86.37,85.41,85.76,91.03,Teaching incorporates both fundamentals and modern practical tools.
TS118-SEM1-14,TS118,1,6,TS118-S14,78.24,66.59,True,84.71,91.54,84.89,90.5,85.66,Career guidance is helpful from the beginning.
TS119-SEM1-01,TS119,1,6,TS119-S01,79.43,78.24,True,59.11,41.49,65.04,55.08,55.83,"Campus has trees and nature, very peaceful."
TS119-SEM1-02,TS119,1,6,TS119-S02,65.42,44.62,False,50.37,34.78,44.28,56.88,46.82,"Strictness is moderate, allowing good learning freedom."
TS119-SEM1-03,TS119,1,6,TS119-S03,60.78,54.86,False,48.29,40.6,51.09,64.21,57.47,Career guidance is helpful from the beginning.
TS119-SEM1-04,TS119,1,6,TS119-S04,70.12,48.78,False,47.33,45.01,52.47,60.8,57.79,"Strictness is moderate, allowing good learning freedom."
TS119-SEM1-05,TS119,1,6,TS119-S05,61.72,56.93,False,57.98,39.28,56.68,60.92,52.92,Teaching incorporates both fundamentals and modern practical tools.
TS119-SEM1-06,TS119,1,6,TS119-S06,83.48,65.33,True,58.53,70.94,52.66,67.12,52.16,"Campus has trees and nature, very peaceful."
TS119-SEM1-07,TS119,1,6,TS119-S07,63.89,70.87,False,48.95,40.44,48.66,45.16,50.2,Excellent labs and digital board infrastructure.
TS119-SEM1-08,TS119,1,6,TS119-S08,70.3,46.78,False,48.91,48.1,51.73,57.83,46.92,"Campus has trees and nature, very peaceful."
TS119-SEM1-09,TS119,1,6,TS119-S09,67.76,62.54,False,53.14,51.73,56.69,53.08,49.91,"Campus has trees and nature, very peaceful."
TS119-SEM1-10,TS119,1,6,TS119-S10,74.79,54.9,False,45.95,48.89,59.62,46.27,54.93,Teaching incorporates both fundamentals and modern practical tools.
TS119-SEM1-11,TS119,1,6,TS119-S11,78.98,63.99,True,65.08,48.33,58.84,55.29,56.03,Excellent labs and digital board infrastructure.
TS119-SEM1-12,TS119,1,6,TS119-S12,85.99,62.63,True,62.55,46.83,58.2,64.68,63.75,Excellent labs and digital board infrastructure.
TS119-SEM1-13,TS119,1,6,TS119-S13,67.49,66.79,False,49.86,46.59,56.26,56.11,45.89,Good focus on practical sessions and mentoring.
TS119-SEM1-14,TS119,1,6,TS119-S14,80.89,52.56,True,66.07,48.42,54.35,69.45,64.01,Good focus on practical sessions and mentoring.
TS120-SEM1-01,TS120,1,6,TS120-S01,72.6,60.28,False,48.84,63.52,58.37,60.64,40.61,"Strictness is moderate, allowing good learning freedom."
TS120-SEM1-02,TS120,1,6,TS120-S02,81.21,51.22,True,68.76,76.8,61.12,54.77,57.5,Career guidance is helpful from the beginning.
TS120-SEM1-03,TS120,1,6,TS120-S03,73.84,55.24,False,44.8,59.79,49.84,53.13,49.12,Good focus on practical sessions and mentoring.
TS120-SEM1-04,TS120,1,6,TS120-S04,75.09,59.51,True,61.26,75.54,58.45,75.39,53.32,Teaching incorporates both fundamentals and modern practical tools.
TS120-SEM1-05,TS120,1,6,TS120-S05,74.76,58.02,False,41.54,64.16,55.14,48.41,48.27,"Campus has trees and nature, very peaceful."
TS120-SEM1-06,TS120,1,6,TS120-S06,75.56,54.77,True,51.15,62.19,56.8,72.23,64.04,Excellent labs and digital board infrastructure.
TS120-SEM1-07,TS120,1,6,TS120-S07,65.64,64.39,False,45.17,47.41,42.74,64.19,46.92,"Campus has trees and nature, very peaceful."
TS120-SEM1-08,TS120,1,6,TS120-S08,75.34,54.72,True,52.44,57.0,57.86,69.02,54.55,Teaching incorporates both fundamentals and modern practical tools.
TS120-SEM1-09,TS120,1,6,TS120-S09,65.65,58.35,False,52.44,48.38,51.39,61.92,43.44,"Campus has trees and nature, very peaceful."
TS120-SEM1-10,TS120,1,6,TS120-S10,73.61,48.55,False,42.76,66.36,58.22,65.5,50.19,Excellent labs and digital board infrastructure.
TS120-SEM1-11,TS120,1,6,TS120-S11,61.04,52.51,False,44.83,74.21,49.13,64.91,46.58,Good focus on practical sessions and mentoring.
TS120-SEM1-12,TS120,1,6,TS120-S12,74.14,61.76,False,39.49,33.28,57.1,56.75,35.36,Career guidance is helpful from the beginning.
TS120-SEM1-13,TS120,1,6,TS120-S13,74.63,66.19,False,51.3,63.81,46.1,55.2,43.1,Excellent labs and digital board infrastructure.
TS120-SEM1-14,TS120,1,6,TS120-S14,76.93,40.97,False,47.46,62.35,55.15,64.7,50.01,Excellent labs and digital board infrastructure.
TS121-SEM1-01,TS121,1,6,TS121-S01,74.92,68.0,False,68.81,56.58,66.56,66.72,64.28,Excellent labs and digital board infrastructure.
TS121-SEM1-02,TS121,1,6,TS121-S02,76.36,59.26,True,81.06,79.22,81.61,90.75,84.48,"Strictness is moderate, allowing good learning freedom."
TS121-SEM1-03,TS121,1,6,TS121-S03,73.4,80.26,False,64.92,66.45,64.1,68.89,61.44,"Strictness is moderate, allowing good learning freedom."
TS121-SEM1-04,TS121,1,6,TS121-S04,74.78,47.85,False,60.78,71.98,70.69,72.96,62.7,Excellent labs and digital board infrastructure.
TS121-SEM1-05,TS121,1,6,TS121-S05,64.57,52.88,False,63.11,74.37,68.63,68.02,60.29,Teaching incorporates both fundamentals and modern practical tools.
TS121-SEM1-06,TS121,1,6,TS121-S06,81.07,67.44,True,71.32,74.57,74.51,81.77,82.3,Excellent labs and digital board infrastructure.
TS121-SEM1-07,TS121,1,6,TS121-S07,74.33,58.3,False,60.41,86.66,64.69,65.36,53.28,"Strictness is moderate, allowing good learning freedom."
TS121-SEM1-08,TS121,1,6,TS121-S08,69.88,71.4,False,60.02,82.1,67.44,79.77,57.69,"Strictness is moderate, allowing good learning freedom."
TS121-SEM1-09,TS121,1,6,TS121-S09,67.55,62.91,False,66.37,68.85,68.94,76.64,54.37,"Campus has trees and nature, very peaceful."
TS121-SEM1-10,TS121,1,6,TS121-S10,69.95,56.81,False,60.65,73.54,64.95,61.08,60.29,Teaching incorporates both fundamentals and modern practical tools.
TS121-SEM1-11,TS121,1,6,TS121-S11,65.61,66.96,False,68.31,52.88,63.6,75.23,54.43,Good focus on practical sessions and mentoring.
TS121-SEM1-12,TS121,1,6,TS121-S12,76.7,72.49,True,72.83,61.8,78.54,92.13,88.45,"Campus has trees and nature, very peaceful."
TS121-SEM1-13,TS121,1,6,TS121-S13,70.83,51.07,False,68.5,69.27,69.87,74.93,61.94,"Strictness is moderate, allowing good learning freedom."
TS121-SEM1-14,TS121,1,6,TS121-S14,78.17,72.66,True,71.94,60.29,72.74,73.55,81.57,"Campus has trees and nature, very peaceful."
TS122-SEM1-01,TS122,1,6,TS122-S01,71.63,54.89,False,73.93,66.77,63.88,62.48,64.81,"Campus has trees and nature, very peaceful."
TS122-SEM1-02,TS122,1,6,TS122-S02,76.18,59.84,True,75.77,82.31,79.82,71.97,72.88,"Campus has trees and nature, very peaceful."
TS122-SEM1-03,TS122,1,6,TS122-S03,84.19,71.32,True,68.44,75.43,69.15,79.9,79.62,Teaching incorporates both fundamentals and modern practical tools.
TS122-SEM1-04,TS122,1,6,TS122-S04,71.46,73.27,False,74.87,59.94,62.2,77.13,70.01,Good focus on practical sessions and mentoring.
TS122-SEM1-05,TS122,1,6,TS122-S05,69.58,70.5,False,58.83,63.94,62.05,74.86,61.28,Good focus on practical sessions and mentoring.
TS122-SEM1-06,TS122,1,6,TS122-S06,75.65,79.78,True,65.86,72.15,76.35,83.01,79.07,Excellent labs and digital board infrastructure.
TS122-SEM1-07,TS122,1,6,TS122-S07,80.93,63.36,True,73.19,59.79,76.5,83.27,74.56,"Strictness is moderate, allowing good learning freedom."
TS122-SEM1-08,TS122,1,6,TS122-S08,71.73,60.56,False,60.11,57.42,69.88,73.44,58.9,Career guidance is helpful from the beginning.
TS122-SEM1-09,TS122,1,6,TS122-S09,66.83,60.7,False,69.4,65.42,66.67,76.65,68.68,Teaching incorporates both fundamentals and modern practical tools.
TS122-SEM1-10,TS122,1,6,TS122-S10,74.94,64.6,False,67.69,62.5,68.78,71.87,54.1,Good focus on practical sessions and mentoring.
TS122-SEM1-11,TS122,1,6,TS122-S11,74.06,65.47,False,62.13,72.05,64.25,64.17,58.37,"Strictness is moderate, allowing good learning freedom."
TS122-SEM1-12,TS122,1,6,TS122-S12,62.75,65.38,False,59.35,71.65,72.68,69.25,57.82,"Strictness is moderate, allowing good learning freedom."
TS122-SEM1-13,TS122,1,6,TS122-S13,75.21,71.8,True,79.55,56.19,72.11,88.36,94.91,Teaching incorporates both fundamentals and modern practical tools.
TS122-SEM1-14,TS122,1,6,TS122-S14,70.57,49.53,False,60.78,64.3,64.51,69.25,59.72,Teaching incorporates both fundamentals and modern practical tools.
TS123-SEM1-01,TS123,1,6,TS123-S01,81.05,68.85,True,71.3,74.07,60.44,69.66,62.53,"Strictness is moderate, allowing good learning freedom."
TS123-SEM1-02,TS123,1,6,TS123-S02,78.59,58.07,True,60.28,66.59,70.72,58.71,66.16,Excellent labs and digital board infrastructure.
TS123-SEM1-03,TS123,1,6,TS123-S03,67.35,63.88,False,41.72,60.0,56.08,44.93,54.09,Good focus on practical sessions and mentoring.
TS123-SEM1-04,TS123,1,6,TS123-S04,81.14,63.5,True,58.24,60.72,53.38,50.13,63.25,Career guidance is helpful from the beginning.
TS123-SEM1-05,TS123,1,6,TS123-S05,62.04,67.77,False,53.9,52.84,38.28,44.49,38.8,Career guidance is helpful from the beginning.
TS123-SEM1-06,TS123,1,6,TS123-S06,68.34,76.52,False,33.16,46.37,55.92,41.79,41.88,Career guidance is helpful from the beginning.
TS123-SEM1-07,TS123,1,6,TS123-S07,84.19,65.78,True,64.74,64.2,65.09,64.44,55.35,"Campus has trees and nature, very peaceful."
TS123-SEM1-08,TS123,1,6,TS123-S08,71.79,61.57,False,45.2,60.75,53.06,57.56,51.27,Good focus on practical sessions and mentoring.
TS123-SEM1-09,TS123,1,6,TS123-S09,80.19,50.01,True,57.43,73.49,53.94,47.38,58.16,"Campus has trees and nature, very peaceful."
TS123-SEM1-10,TS123,1,6,TS123-S10,88.52,60.58,True,54.93,70.58,49.9,47.13,60.11,"Campus has trees and nature, very peaceful."
TS123-SEM1-11,TS123,1,6,TS123-S11,73.31,54.07,False,56.92,56.93,48.32,51.99,43.8,"Strictness is moderate, allowing good learning freedom."
TS123-SEM1-12,TS123,1,6,TS123-S12,68.46,70.96,False,33.05,58.78,48.21,41.72,55.56,"Campus has trees and nature, very peaceful."
TS123-SEM1-13,TS123,1,6,TS123-S13,68.81,71.56,False,49.45,55.97,50.52,44.19,53.41,Excellent labs and digital board infrastructure.
TS123-SEM1-14,TS123,1,6,TS123-S14,77.58,57.0,True,58.26,70.75,64.66,56.33,55.69,Excellent labs and digital board infrastructure.
TS124-SEM1-01,TS124,1,6,TS124-S01,72.1,68.87,False,65.51,62.16,66.2,74.8,68.81,Teaching incorporates both fundamentals and modern practical tools.
TS124-SEM1-02,TS124,1,6,TS124-S02,77.37,56.76,True,78.15,73.66,71.4,78.68,73.43,Teaching incorporates both fundamentals and modern practical tools.
TS124-SEM1-03,TS124,1,6,TS124-S03,72.98,59.33,False,77.47,72.35,60.73,69.28,62.48,Good focus on practical sessions and mentoring.
TS124-SEM1-04,TS124,1,6,TS124-S04,69.62,75.31,False,64.18,51.74,61.39,74.44,62.7,Good focus on practical sessions and mentoring.
TS124-SEM1-05,TS124,1,6,TS124-S05,65.68,63.53,False,54.47,67.65,68.34,87.26,61.72,Excellent labs and digital board infrastructure.
TS124-SEM1-06,TS124,1,6,TS124-S06,67.1,76.93,False,61.39,73.79,63.42,79.04,56.48,Teaching incorporates both fundamentals and modern practical tools.
TS124-SEM1-07,TS124,1,6,TS124-S07,73.93,70.04,False,59.52,63.19,68.27,73.54,52.9,"Strictness is moderate, allowing good learning freedom."
TS124-SEM1-08,TS124,1,6,TS124-S08,74.12,60.92,False,61.71,71.77,69.79,77.53,54.87,Teaching incorporates both fundamentals and modern practical tools.
TS124-SEM1-09,TS124,1,6,TS124-S09,68.17,67.85,False,63.31,63.2,62.57,82.2,59.38,"Campus has trees and nature, very peaceful."
TS124-SEM1-10,TS124,1,6,TS124-S10,76.52,70.79,False,68.19,68.71,67.83,65.36,55.63,Career guidance is helpful from the beginning.
TS124-SEM1-11,TS124,1,6,TS124-S11,66.5,58.81,False,63.17,68.84,67.92,74.38,63.94,"Strictness is moderate, allowing good learning freedom."
TS124-SEM1-12,TS124,1,6,TS124-S12,82.86,58.47,True,72.38,78.28,70.86,75.11,71.2,Career guidance is helpful from the beginning.
TS124-SEM1-13,TS124,1,6,TS124-S13,78.12,74.82,True,77.85,69.67,71.3,76.55,70.84,Career guidance is helpful from the beginning.
TS124-SEM1-14,TS124,1,6,TS124-S14,73.53,67.39,False,74.24,66.94,59.7,77.76,59.08,Excellent labs and digital board infrastructure.
TS125-SEM1-01,TS125,1,6,TS125-S01,65.88,80.05,False,40.09,56.18,43.7,37.24,20.79,Career guidance is helpful from the beginning.
TS125-SEM1-02,TS125,1,6,TS125-S02,64.63,68.37,False,33.92,39.92,26.05,39.93,27.12,Career guidance is helpful from the beginning.
TS125-SEM1-03,TS125,1,6,TS125-S03,67.65,70.5,False,28.35,35.81,39.46,45.24,30.51,"Campus has trees and nature, very peaceful."
TS125-SEM1-04,TS125,1,6,TS125-S04,80.8,49.21,False,25.8,30.96,30.27,42.03,27.64,Good focus on practical sessions and mentoring.
TS125-SEM1-05,TS125,1,6,TS125-S05,63.54,65.8,False,39.47,51.69,42.9,34.5,33.91,Excellent labs and digital board infrastructure.
TS125-SEM1-06,TS125,1,6,TS125-S06,74.98,57.25,False,35.52,33.27,35.39,42.24,40.07,Teaching incorporates both fundamentals and modern practical tools.
TS125-SEM1-07,TS125,1,6,TS125-S07,78.91,68.61,True,48.08,41.7,41.35,42.19,53.4,"Campus has trees and nature, very peaceful."
TS125-SEM1-08,TS125,1,6,TS125-S08,77.67,69.37,True,48.96,45.41,45.28,42.66,53.82,Career guidance is helpful from the beginning.
TS125-SEM1-09,TS125,1,6,TS125-S09,69.85,61.01,False,38.69,37.35,43.35,31.92,34.06,Teaching incorporates both fundamentals and modern practical tools.
TS125-SEM1-10,TS125,1,6,TS125-S10,71.45,70.27,False,26.28,31.03,42.28,37.66,32.07,"Campus has trees and nature, very peaceful."
TS125-SEM1-11,TS125,1,6,TS125-S11,68.04,71.13,False,36.32,45.2,32.68,43.01,27.57,"Strictness is moderate, allowing good learning freedom."
TS125-SEM1-12,TS125,1,6,TS125-S12,68.05,48.35,False,33.59,51.79,39.66,37.35,33.07,"Strictness is moderate, allowing good learning freedom."
TS125-SEM1-13,TS125,1,6,TS125-S13,72.62,62.66,False,35.59,34.96,39.06,29.47,35.41,Excellent labs and digital board infrastructure.
TS125-SEM1-14,TS125,1,6,TS125-S14,65.38,73.78,False,19.86,56.67,30.33,32.81,34.02,Career guidance is helpful from the beginning.
TS126-SEM1-01,TS126,1,6,TS126-S01,73.39,64.32,False,76.96,64.84,69.31,75.58,62.87,Excellent labs and digital board infrastructure.
TS126-SEM1-02,TS126,1,6,TS126-S02,71.48,61.19,False,60.06,66.14,65.31,72.34,55.12,"Strictness is moderate, allowing good learning freedom."
TS126-SEM1-03,TS126,1,6,TS126-S03,72.88,77.52,False,60.82,77.33,66.98,68.25,60.75,"Campus has trees and nature, very peaceful."
TS126-SEM1-04,TS126,1,6,TS126-S04,70.13,42.19,False,67.44,80.13,68.57,71.84,59.25,Teaching incorporates both fundamentals and modern practical tools.
TS126-SEM1-05,TS126,1,6,TS126-S05,78.95,61.61,True,66.77,68.36,75.0,81.03,82.84,Good focus on practical sessions and mentoring.
TS126-SEM1-06,TS126,1,6,TS126-S06,62.52,47.22,False,65.67,56.62,70.64,58.81,59.67,Career guidance is helpful from the beginning.
TS126-SEM1-07,TS126,1,6,TS126-S07,71.79,66.8,False,55.98,46.86,67.02,71.75,65.2,Excellent labs and digital board infrastructure.
TS126-SEM1-08,TS126,1,6,TS126-S08,69.85,69.76,False,65.08,73.17,65.89,58.21,59.82,Teaching incorporates both fundamentals and modern practical tools.
TS126-SEM1-09,TS126,1,6,TS126-S09,72.53,67.18,False,52.97,60.09,70.5,67.96,58.63,Teaching incorporates both fundamentals and modern practical tools.
TS126-SEM1-10,TS126,1,6,TS126-S10,83.44,51.3,True,82.29,70.79,73.0,75.37,79.07,Good focus on practical sessions and mentoring.
TS126-SEM1-11,TS126,1,6,TS126-S11,68.43,57.72,False,60.03,60.0,64.61,55.14,60.65,"Campus has trees and nature, very peaceful."
TS126-SEM1-12,TS126,1,6,TS126-S12,68.84,43.33,False,60.06,59.54,72.54,65.35,63.5,Good focus on practical sessions and mentoring.
TS126-SEM1-13,TS126,1,6,TS126-S13,80.3,55.72,True,86.54,74.42,75.03,73.14,81.6,Good focus on practical sessions and mentoring.
TS126-SEM1-14,TS126,1,6,TS126-S14,71.76,43.68,False,60.03,53.13,66.72,63.09,62.55,"Campus has trees and nature, very peaceful."
TS127-SEM1-01,TS127,1,6,TS127-S01,79.11,76.29,True,87.56,76.37,80.96,100.0,92.1,"Campus has trees and nature, very peaceful."
TS127-SEM1-02,TS127,1,6,TS127-S02,89.36,83.55,True,87.66,98.02,90.09,89.56,92.17,"Campus has trees and nature, very peaceful."
TS127-SEM1-03,TS127,1,6,TS127-S03,81.18,75.52,False,77.14,89.09,72.83,89.16,71.01,Teaching incorporates both fundamentals and modern practical tools.
TS127-SEM1-04,TS127,1,6,TS127-S04,89.62,71.67,True,87.9,71.32,94.55,83.65,91.27,Teaching incorporates both fundamentals and modern practical tools.
TS127-SEM1-05,TS127,1,6,TS127-S05,75.69,61.63,True,85.29,75.82,85.67,80.42,91.48,Career guidance is helpful from the beginning.
TS127-SEM1-06,TS127,1,6,TS127-S06,81.24,50.2,True,91.66,76.66,88.41,91.91,85.76,"Strictness is moderate, allowing good learning freedom."
TS127-SEM1-07,TS127,1,6,TS127-S07,81.93,83.25,True,87.62,94.37,81.56,92.06,85.46,Career guidance is helpful from the beginning.
TS127-SEM1-08,TS127,1,6,TS127-S08,81.03,79.47,True,85.65,88.6,86.98,86.17,85.33,Good focus on practical sessions and mentoring.
TS127-SEM1-09,TS127,1,6,TS127-S09,85.77,71.78,True,91.13,81.59,91.21,85.74,96.8,Good focus on practical sessions and mentoring.
TS127-SEM1-10,TS127,1,6,TS127-S10,89.93,85.5,True,100.0,86.38,87.06,89.18,85.2,Career guidance is helpful from the beginning.
TS127-SEM1-11,TS127,1,6,TS127-S11,89.77,69.28,True,95.81,89.99,82.39,87.26,77.47,Excellent labs and digital board infrastructure.
TS127-SEM1-12,TS127,1,6,TS127-S12,81.3,83.03,True,85.31,82.79,91.93,88.98,100.0,"Strictness is moderate, allowing good learning freedom."
TS127-SEM1-13,TS127,1,6,TS127-S13,78.58,77.17,True,100.0,86.61,96.49,86.79,98.49,Good focus on practical sessions and mentoring.
TS127-SEM1-14,TS127,1,6,TS127-S14,82.71,83.37,True,90.94,76.62,87.14,80.2,90.38,Excellent labs and digital board infrastructure.
TS128-SEM1-01,TS128,1,6,TS128-S01,79.2,53.49,True,88.87,80.06,74.27,67.97,88.54,Excellent labs and digital board infrastructure.
TS128-SEM1-02,TS128,1,6,TS128-S02,74.42,83.44,False,66.08,64.53,65.48,61.98,52.19,"Strictness is moderate, allowing good learning freedom."
TS128-SEM1-03,TS128,1,6,TS128-S03,69.15,57.47,False,65.84,85.3,68.67,50.07,57.83,"Campus has trees and nature, very peaceful."
TS128-SEM1-04,TS128,1,6,TS128-S04,73.57,62.93,False,74.15,77.44,73.05,60.3,67.9,Teaching incorporates both fundamentals and modern practical tools.
TS128-SEM1-05,TS128,1,6,TS128-S05,66.62,71.68,False,62.71,58.18,71.37,69.99,60.37,Career guidance is helpful from the beginning.
TS128-SEM1-06,TS128,1,6,TS128-S06,81.38,45.44,False,57.22,68.59,66.55,57.6,63.07,"Strictness is moderate, allowing good learning freedom."
TS128-SEM1-07,TS128,1,6,TS128-S07,68.83,58.41,False,66.07,64.42,67.87,57.73,56.37,Teaching incorporates both fundamentals and modern practical tools.
TS128-SEM1-08,TS128,1,6,TS128-S08,76.58,79.08,True,80.39,74.63,73.97,74.95,68.99,Career guidance is helpful from the beginning.
TS128-SEM1-09,TS128,1,6,TS128-S09,69.82,69.34,False,57.57,73.15,70.29,52.88,62.84,Teaching incorporates both fundamentals and modern practical tools.
TS128-SEM1-10,TS128,1,6,TS128-S10,68.3,66.16,False,68.42,72.95,68.76,63.34,56.52,Career guidance is helpful from the beginning.
TS128-SEM1-11,TS128,1,6,TS128-S11,71.82,54.04,False,70.59,75.23,71.8,71.89,60.75,Teaching incorporates both fundamentals and modern practical tools.
TS128-SEM1-12,TS128,1,6,TS128-S12,68.71,58.46,False,54.79,57.57,71.51,53.24,57.03,"Campus has trees and nature, very peaceful."
TS128-SEM1-13,TS128,1,6,TS128-S13,71.39,57.88,False,69.71,70.25,64.41,67.44,66.04,Excellent labs and digital board infrastructure.
TS128-SEM1-14,TS128,1,6,TS128-S14,63.53,64.52,False,60.11,63.83,77.75,62.35,61.31,Career guidance is helpful from the beginning.
TS129-SEM1-01,TS129,1,6,TS129-S01,83.56,73.3,True,93.54,96.61,81.79,86.9,91.04,Excellent labs and digital board infrastructure.
TS129-SEM1-02,TS129,1,6,TS129-S02,83.58,83.84,True,89.58,91.58,94.74,75.42,93.55,Career guidance is helpful from the beginning.
TS129-SEM1-03,TS129,1,6,TS129-S03,81.5,79.55,True,85.95,97.91,86.15,75.98,96.11,"Strictness is moderate, allowing good learning freedom."
TS129-SEM1-04,TS129,1,6,TS129-S04,86.27,70.65,True,82.83,92.86,82.67,84.33,87.42,"Strictness is moderate, allowing good learning freedom."
TS129-SEM1-05,TS129,1,6,TS129-S05,86.55,80.94,True,98.8,87.13,77.77,84.96,79.07,Career guidance is helpful from the beginning.
TS129-SEM1-06,TS129,1,6,TS129-S06,90.95,76.02,True,82.13,80.02,86.73,71.86,92.33,"Campus has trees and nature, very peaceful."
TS129-SEM1-07,TS129,1,6,TS129-S07,80.17,70.25,True,91.56,100.0,81.65,79.65,86.64,Teaching incorporates both fundamentals and modern practical tools.
TS129-SEM1-08,TS129,1,6,TS129-S08,82.98,67.22,False,71.3,85.44,77.83,75.86,71.28,Career guidance is helpful from the beginning.
TS129-SEM1-09,TS129,1,6,TS129-S09,78.52,76.91,True,91.23,90.81,85.84,81.14,97.83,Teaching incorporates both fundamentals and modern practical tools.
TS129-SEM1-10,TS129,1,6,TS129-S10,84.29,75.73,True,92.63,90.93,77.19,78.65,90.78,"Campus has trees and nature, very peaceful."
TS129-SEM1-11,TS129,1,6,TS129-S11,77.09,73.82,True,86.58,92.64,90.99,71.95,99.99,Good focus on practical sessions and mentoring.
TS129-SEM1-12,TS129,1,6,TS129-S12,81.8,80.8,True,77.46,84.64,82.2,85.79,82.9,Excellent labs and digital board infrastructure.
TS129-SEM1-13,TS129,1,6,TS129-S13,76.87,76.65,True,90.47,85.22,76.83,83.06,96.98,Career guidance is helpful from the beginning.
TS129-SEM1-14,TS129,1,6,TS129-S14,79.93,63.55,True,90.18,91.23,91.85,85.37,90.74,"Strictness is moderate, allowing good learning freedom."
TS130-SEM1-01,TS130,1,6,TS130-S01,75.16,62.6,True,80.15,74.01,70.59,79.88,88.15,"Campus has trees and nature, very peaceful."
TS130-SEM1-02,TS130,1,6,TS130-S02,63.06,66.87,False,71.96,50.36,69.98,76.57,51.59,Teaching incorporates both fundamentals and modern practical tools.
TS130-SEM1-03,TS130,1,6,TS130-S03,76.27,59.29,True,73.02,80.26,71.41,73.98,74.74,Career guidance is helpful from the beginning.
TS130-SEM1-04,TS130,1,6,TS130-S04,69.95,51.2,False,58.14,60.7,66.99,76.98,60.17,Teaching incorporates both fundamentals and modern practical tools.
TS130-SEM1-05,TS130,1,6,TS130-S05,69.15,51.89,False,62.74,58.82,64.55,71.33,61.57,Good focus on practical sessions and mentoring.
TS130-SEM1-06,TS130,1,6,TS130-S06,73.62,60.29,False,56.16,54.86,69.21,67.22,52.24,Career guidance is helpful from the beginning.
TS130-SEM1-07,TS130,1,6,TS130-S07,78.96,52.58,True,77.92,69.79,59.58,79.1,83.6,Excellent labs and digital board infrastructure.
TS130-SEM1-08,TS130,1,6,TS130-S08,76.72,40.76,False,73.73,49.15,59.58,74.45,61.23,Career guidance is helpful from the beginning.
TS130-SEM1-09,TS130,1,6,TS130-S09,72.48,56.31,False,68.96,59.44,57.14,77.15,60.07,Excellent labs and digital board infrastructure.
TS130-SEM1-10,TS130,1,6,TS130-S10,78.69,67.73,True,73.11,69.89,75.57,74.94,80.98,Teaching incorporates both fundamentals and modern practical tools.
TS130-SEM1-11,TS130,1,6,TS130-S11,54.32,61.27,False,60.35,58.65,60.59,75.19,56.45,Career guidance is helpful from the beginning.
TS130-SEM1-12,TS130,1,6,TS130-S12,73.2,61.63,False,63.97,71.21,65.95,74.81,59.69,"Campus has trees and nature, very peaceful."
TS130-SEM1-13,TS130,1,6,TS130-S13,68.96,60.58,False,59.27,64.3,65.5,64.99,57.86,"Strictness is moderate, allowing good learning freedom."
TS130-SEM1-14,TS130,1,6,TS130-S14,62.84,60.15,False,60.98,74.23,71.71,63.55,59.98,"Campus has trees and nature, very peaceful."
TS131-SEM1-01,TS131,1,6,TS131-S01,80.17,60.7,True,76.48,67.62,66.74,79.05,65.99,Good focus on practical sessions and mentoring.
TS131-SEM1-02,TS131,1,6,TS131-S02,72.45,67.34,False,59.3,56.5,66.07,64.05,51.99,"Campus has trees and nature, very peaceful."
TS131-SEM1-03,TS131,1,6,TS131-S03,71.18,64.95,False,55.17,71.12,62.59,70.49,56.42,Good focus on practical sessions and mentoring.
TS131-SEM1-04,TS131,1,6,TS131-S04,76.4,64.41,True,77.65,72.25,71.54,74.6,63.98,Teaching incorporates both fundamentals and modern practical tools.
TS131-SEM1-05,TS131,1,6,TS131-S05,58.33,52.56,False,60.22,71.67,62.62,63.72,51.19,Excellent labs and digital board infrastructure.
TS131-SEM1-06,TS131,1,6,TS131-S06,80.16,48.89,False,69.73,76.3,71.79,72.32,53.41,"Strictness is moderate, allowing good learning freedom."
TS131-SEM1-07,TS131,1,6,TS131-S07,74.14,71.09,False,53.21,52.48,59.69,65.4,61.32,Teaching incorporates both fundamentals and modern practical tools.
TS131-SEM1-08,TS131,1,6,TS131-S08,68.3,62.96,False,63.01,71.53,62.16,72.34,50.03,Excellent labs and digital board infrastructure.
TS131-SEM1-09,TS131,1,6,TS131-S09,78.14,74.64,True,81.69,65.69,71.09,77.5,72.81,Excellent labs and digital board infrastructure.
TS131-SEM1-10,TS131,1,6,TS131-S10,70.76,52.07,False,60.26,59.0,54.57,63.83,48.65,Good focus on practical sessions and mentoring.
TS131-SEM1-11,TS131,1,6,TS131-S11,68.85,66.85,False,52.85,69.09,60.52,68.3,55.2,"Campus has trees and nature, very peaceful."
TS131-SEM1-12,TS131,1,6,TS131-S12,80.37,48.29,False,67.05,68.97,61.01,77.13,53.5,"Campus has trees and nature, very peaceful."
TS131-SEM1-13,TS131,1,6,TS131-S13,73.71,56.59,False,62.91,55.63,60.86,74.11,60.36,"Strictness is moderate, allowing good learning freedom."
TS131-SEM1-14,TS131,1,6,TS131-S14,67.07,69.53,False,51.22,44.09,57.37,75.04,55.05,"Strictness is moderate, allowing good learning freedom."
TS132-SEM1-01,TS132,1,6,TS132-S01,67.91,66.62,False,70.5,64.0,75.35,70.62,62.71,Good focus on practical sessions and mentoring.
TS132-SEM1-02,TS132,1,6,TS132-S02,76.08,76.88,True,69.6,75.37,74.44,73.12,69.25,Good focus on practical sessions and mentoring.
TS132-SEM1-03,TS132,1,6,TS132-S03,62.76,58.36,False,53.32,56.22,69.68,63.8,60.53,Teaching incorporates both fundamentals and modern practical tools.
TS132-SEM1-04,TS132,1,6,TS132-S04,65.58,64.99,False,65.16,47.58,62.35,59.69,62.66,Good focus on practical sessions and mentoring.
TS132-SEM1-05,TS132,1,6,TS132-S05,72.98,61.5,False,61.34,61.55,67.83,64.32,56.93,"Campus has trees and nature, very peaceful."
TS132-SEM1-06,TS132,1,6,TS132-S06,71.65,60.1,False,74.48,55.89,67.56,70.08,67.11,Good focus on practical sessions and mentoring.
TS132-SEM1-07,TS132,1,6,TS132-S07,67.13,75.4,False,61.23,78.98,67.93,59.92,59.13,Good focus on practical sessions and mentoring.
TS132-SEM1-08,TS132,1,6,TS132-S08,80.02,62.82,True,80.43,66.21,72.06,68.62,86.76,Excellent labs and digital board infrastructure.
TS132-SEM1-09,TS132,1,6,TS132-S09,64.66,63.69,False,64.99,58.86,59.84,61.3,62.72,Good focus on practical sessions and mentoring.
TS132-SEM1-10,TS132,1,6,TS132-S10,67.32,41.28,False,64.43,51.99,69.27,66.08,58.86,"Strictness is moderate, allowing good learning freedom."
TS132-SEM1-11,TS132,1,6,TS132-S11,72.31,50.62,False,57.16,56.89,60.39,71.57,58.58,Teaching incorporates both fundamentals and modern practical tools.
TS132-SEM1-12,TS132,1,6,TS132-S12,63.3,56.41,False,62.72,55.4,68.11,70.73,72.12,Good focus on practical sessions and mentoring.
TS132-SEM1-13,TS132,1,6,TS132-S13,78.9,45.64,False,59.95,56.83,68.99,61.69,57.46,"Strictness is moderate, allowing good learning freedom."
TS132-SEM1-14,TS132,1,6,TS132-S14,64.53,55.98,False,58.72,56.46,60.18,73.18,62.47,Career guidance is helpful from the beginning.
TS133-SEM1-01,TS133,1,6,TS133-S01,84.85,69.4,True,66.39,62.12,71.79,65.54,73.4,Career guidance is helpful from the beginning.
TS133-SEM1-02,TS133,1,6,TS133-S02,80.63,63.5,True,84.46,81.15,70.9,78.51,72.05,Excellent labs and digital board infrastructure.
TS133-SEM1-03,TS133,1,6,TS133-S03,76.35,57.76,True,70.92,87.79,61.36,72.64,74.82,Excellent labs and digital board infrastructure.
TS133-SEM1-04,TS133,1,6,TS133-S04,75.1,61.1,True,72.22,70.89,68.38,70.44,66.78,Career guidance is helpful from the beginning.
TS133-SEM1-05,TS133,1,6,TS133-S05,84.08,67.36,True,67.64,59.03,72.69,69.9,76.49,"Strictness is moderate, allowing good learning freedom."
TS133-SEM1-06,TS133,1,6,TS133-S06,63.89,77.47,False,62.8,56.41,63.73,68.3,48.7,Excellent labs and digital board infrastructure.
TS133-SEM1-07,TS133,1,6,TS133-S07,82.07,66.83,True,64.81,74.95,69.44,73.75,73.52,"Strictness is moderate, allowing good learning freedom."
TS133-SEM1-08,TS133,1,6,TS133-S08,65.98,67.09,False,56.2,56.88,73.27,69.07,60.02,"Strictness is moderate, allowing good learning freedom."
TS133-SEM1-09,TS133,1,6,TS133-S09,88.32,65.85,True,67.31,63.43,58.15,75.6,67.05,Excellent labs and digital board infrastructure.
TS133-SEM1-10,TS133,1,6,TS133-S10,77.42,61.57,False,57.13,68.14,67.44,63.68,50.89,"Campus has trees and nature, very peaceful."
TS133-SEM1-11,TS133,1,6,TS133-S11,77.54,52.25,True,74.38,76.8,66.36,73.28,71.31,"Strictness is moderate, allowing good learning freedom."
TS133-SEM1-12,TS133,1,6,TS133-S12,76.33,72.95,True,65.22,55.4,73.02,64.04,75.25,"Campus has trees and nature, very peaceful."
TS133-SEM1-13,TS133,1,6,TS133-S13,76.66,56.99,True,70.95,75.05,64.35,65.4,72.22,Good focus on practical sessions and mentoring.
TS133-SEM1-14,TS133,1,6,TS133-S14,79.67,78.11,True,67.12,75.57,60.04,72.34,73.17,Career guidance is helpful from the beginning.
TS134-SEM1-01,TS134,1,6,TS134-S01,74.22,60.14,False,47.63,45.0,43.21,54.35,49.02,Teaching incorporates both fundamentals and modern practical tools.
TS134-SEM1-02,TS134,1,6,TS134-S02,64.61,49.83,False,48.11,46.11,50.99,62.28,44.87,Career guidance is helpful from the beginning.
TS134-SEM1-03,TS134,1,6,TS134-S03,68.21,74.83,False,49.01,49.64,48.45,58.59,41.0,Career guidance is helpful from the beginning.
TS134-SEM1-04,TS134,1,6,TS134-S04,62.21,69.5,False,48.7,31.02,51.11,66.88,36.92,"Strictness is moderate, allowing good learning freedom."
TS134-SEM1-05,TS134,1,6,TS134-S05,71.56,60.18,False,54.52,58.39,44.17,58.4,54.07,"Campus has trees and nature, very peaceful."
TS134-SEM1-06,TS134,1,6,TS134-S06,68.25,61.89,False,47.64,44.55,57.37,53.51,35.61,"Campus has trees and nature, very peaceful."
TS134-SEM1-07,TS134,1,6,TS134-S07,68.85,68.53,False,39.77,51.84,51.37,49.09,39.74,Excellent labs and digital board infrastructure.
TS134-SEM1-08,TS134,1,6,TS134-S08,74.09,69.02,False,41.33,50.64,47.14,60.71,45.16,Teaching incorporates both fundamentals and modern practical tools.
TS134-SEM1-09,TS134,1,6,TS134-S09,69.76,66.78,False,42.08,53.09,50.91,70.57,40.88,"Campus has trees and nature, very peaceful."
TS134-SEM1-10,TS134,1,6,TS134-S10,71.15,55.53,False,38.36,45.78,51.88,60.77,44.04,Excellent labs and digital board infrastructure.
TS134-SEM1-11,TS134,1,6,TS134-S11,70.23,57.07,False,39.06,44.97,42.08,64.49,51.74,Teaching incorporates both fundamentals and modern practical tools.
TS134-SEM1-12,TS134,1,6,TS134-S12,60.38,64.89,False,46.19,51.1,45.59,62.48,44.61,"Campus has trees and nature, very peaceful."
TS134-SEM1-13,TS134,1,6,TS134-S13,78.2,54.62,True,61.17,51.72,60.83,50.58,58.22,Career guidance is helpful from the beginning.
TS134-SEM1-14,TS134,1,6,TS134-S14,68.3,58.68,False,46.12,52.6,51.76,60.87,41.7,Career guidance is helpful from the beginning.
TS135-SEM1-01,TS135,1,6,TS135-S01,72.31,70.87,False,41.93,53.38,58.28,57.5,54.2,Teaching incorporates both fundamentals and modern practical tools.
TS135-SEM1-02,TS135,1,6,TS135-S02,71.06,56.53,False,40.88,50.93,57.3,60.29,41.72,Teaching incorporates both fundamentals and modern practical tools.
TS135-SEM1-03,TS135,1,6,TS135-S03,79.05,52.26,True,61.31,66.45,62.19,66.79,75.94,"Campus has trees and nature, very peaceful."
TS135-SEM1-04,TS135,1,6,TS135-S04,74.39,56.23,False,53.49,68.67,58.0,61.4,40.75,"Campus has trees and nature, very peaceful."
TS135-SEM1-05,TS135,1,6,TS135-S05,74.32,59.32,False,46.64,52.93,55.26,51.98,49.66,Teaching incorporates both fundamentals and modern practical tools.
TS135-SEM1-06,TS135,1,6,TS135-S06,70.96,69.02,False,52.08,56.12,59.62,59.06,48.69,"Strictness is moderate, allowing good learning freedom."
TS135-SEM1-07,TS135,1,6,TS135-S07,59.48,67.14,False,45.25,52.42,56.57,63.72,57.93,Teaching incorporates both fundamentals and modern practical tools.
TS135-SEM1-08,TS135,1,6,TS135-S08,66.47,48.84,False,52.67,55.05,48.71,55.63,51.71,Excellent labs and digital board infrastructure.
TS135-SEM1-09,TS135,1,6,TS135-S09,64.62,52.05,False,46.85,51.41,58.19,53.77,49.0,Excellent labs and digital board infrastructure.
TS135-SEM1-10,TS135,1,6,TS135-S10,85.48,52.44,True,68.79,71.02,63.79,73.58,68.31,Excellent labs and digital board infrastructure.
TS135-SEM1-11,TS135,1,6,TS135-S11,60.14,62.97,False,47.29,64.18,59.54,46.19,55.47,Career guidance is helpful from the beginning.
TS135-SEM1-12,TS135,1,6,TS135-S12,77.64,58.76,True,73.07,47.34,63.95,69.29,66.28,Career guidance is helpful from the beginning.
TS135-SEM1-13,TS135,1,6,TS135-S13,75.89,63.03,True,59.87,68.81,58.54,53.58,67.33,Excellent labs and digital board infrastructure.
TS135-SEM1-14,TS135,1,6,TS135-S14,68.92,50.01,False,51.15,59.25,54.82,49.33,51.13,Excellent labs and digital board infrastructure.
TS136-SEM1-01,TS136,1,6,TS136-S01,69.83,66.99,False,48.64,34.5,44.59,57.13,48.91,"Strictness is moderate, allowing good learning freedom."
TS136-SEM1-02,TS136,1,6,TS136-S02,61.01,58.37,False,53.24,32.07,55.65,51.59,38.8,Teaching incorporates both fundamentals and modern practical tools.
TS136-SEM1-03,TS136,1,6,TS136-S03,71.12,80.73,False,41.54,28.07,42.37,63.95,36.61,Career guidance is helpful from the beginning.
TS136-SEM1-04,TS136,1,6,TS136-S04,79.13,62.7,True,61.16,45.52,57.07,58.2,68.12,Excellent labs and digital board infrastructure.
TS136-SEM1-05,TS136,1,6,TS136-S05,65.84,66.39,False,39.17,37.67,47.51,76.25,43.31,"Strictness is moderate, allowing good learning freedom."
TS136-SEM1-06,TS136,1,6,TS136-S06,67.07,57.55,False,36.35,40.63,58.63,60.37,47.9,Good focus on practical sessions and mentoring.
TS136-SEM1-07,TS136,1,6,TS136-S07,66.54,59.97,False,46.6,36.13,51.38,62.05,46.09,"Campus has trees and nature, very peaceful."
TS136-SEM1-08,TS136,1,6,TS136-S08,71.09,72.91,False,43.83,39.14,56.59,51.72,34.86,Excellent labs and digital board infrastructure.
TS136-SEM1-09,TS136,1,6,TS136-S09,66.79,65.87,False,53.08,36.65,58.45,58.52,42.8,Career guidance is helpful from the beginning.
TS136-SEM1-10,TS136,1,6,TS136-S10,66.9,81.51,False,44.48,31.28,61.67,60.72,47.37,Excellent labs and digital board infrastructure.
TS136-SEM1-11,TS136,1,6,TS136-S11,82.09,68.14,True,59.71,57.8,56.21,65.24,61.98,Good focus on practical sessions and mentoring.
TS136-SEM1-12,TS136,1,6,TS136-S12,69.62,67.04,False,48.39,48.48,52.58,70.36,48.64,Teaching incorporates both fundamentals and modern practical tools.
TS136-SEM1-13,TS136,1,6,TS136-S13,70.76,66.53,False,53.86,34.33,59.45,53.71,47.88,Career guidance is helpful from the beginning.
TS136-SEM1-14,TS136,1,6,TS136-S14,72.04,61.49,False,37.56,49.19,42.94,49.7,49.18,Teaching incorporates both fundamentals and modern practical tools.
TS137-SEM1-01,TS137,1,6,TS137-S01,75.89,57.0,True,43.08,48.2,43.87,37.76,55.49,"Campus has trees and nature, very peaceful."
TS137-SEM1-02,TS137,1,6,TS137-S02,88.07,56.32,True,52.23,50.12,38.03,50.37,51.43,"Strictness is moderate, allowing good learning freedom."
TS137-SEM1-03,TS137,1,6,TS137-S03,73.91,76.51,False,36.62,41.86,31.12,29.98,36.02,Teaching incorporates both fundamentals and modern practical tools.
TS137-SEM1-04,TS137,1,6,TS137-S04,76.09,60.13,True,45.06,60.15,44.1,51.54,51.77,Excellent labs and digital board infrastructure.
TS137-SEM1-05,TS137,1,6,TS137-S05,72.28,60.21,False,31.91,36.44,29.17,34.8,27.33,"Strictness is moderate, allowing good learning freedom."
TS137-SEM1-06,TS137,1,6,TS137-S06,68.78,61.11,False,32.31,42.3,44.69,36.92,40.54,Good focus on practical sessions and mentoring.
TS137-SEM1-07,TS137,1,6,TS137-S07,69.37,69.84,False,29.7,37.76,46.73,28.34,18.84,Teaching incorporates both fundamentals and modern practical tools.
TS137-SEM1-08,TS137,1,6,TS137-S08,67.75,41.92,False,26.29,35.38,36.18,20.65,35.98,Good focus on practical sessions and mentoring.
TS137-SEM1-09,TS137,1,6,TS137-S09,60.75,60.72,False,30.06,48.85,37.76,40.07,28.19,"Strictness is moderate, allowing good learning freedom."
TS137-SEM1-10,TS137,1,6,TS137-S10,69.21,66.13,False,38.18,48.85,37.61,34.34,29.82,Career guidance is helpful from the beginning.
TS137-SEM1-11,TS137,1,6,TS137-S11,74.46,82.35,False,30.54,39.33,33.79,35.28,19.39,Career guidance is helpful from the beginning.
TS137-SEM1-12,TS137,1,6,TS137-S12,71.19,70.81,False,28.84,43.74,46.55,34.93,18.8,Excellent labs and digital board infrastructure.
TS137-SEM1-13,TS137,1,6,TS137-S13,63.54,59.49,False,27.18,43.07,34.53,39.94,24.54,Excellent labs and digital board infrastructure.
TS137-SEM1-14,TS137,1,6,TS137-S14,70.76,64.17,False,34.05,43.42,23.94,33.44,29.25,Excellent labs and digital board infrastructure.
TS138-SEM1-01,TS138,1,6,TS138-S01,75.86,71.51,True,89.16,72.46,89.51,82.72,96.03,Good focus on practical sessions and mentoring.
TS138-SEM1-02,TS138,1,6,TS138-S02,81.76,69.5,True,91.46,78.22,72.29,68.39,88.58,"Campus has trees and nature, very peaceful."
TS138-SEM1-03,TS138,1,6,TS138-S03,91.24,61.99,True,83.18,99.3,93.57,81.89,91.76,"Campus has trees and nature, very peaceful."
TS138-SEM1-04,TS138,1,6,TS138-S04,87.22,62.2,True,79.16,82.56,87.97,79.83,92.79,"Campus has trees and nature, very peaceful."
TS138-SEM1-05,TS138,1,6,TS138-S05,89.8,57.43,True,92.25,93.55,83.56,81.7,91.74,Career guidance is helpful from the beginning.
TS138-SEM1-06,TS138,1,6,TS138-S06,87.25,71.96,True,83.2,85.88,83.27,74.19,83.56,Career guidance is helpful from the beginning.
TS138-SEM1-07,TS138,1,6,TS138-S07,95.4,66.08,True,88.75,83.5,85.63,81.32,82.92,"Campus has trees and nature, very peaceful."
TS138-SEM1-08,TS138,1,6,TS138-S08,85.22,69.55,True,87.85,78.33,83.99,73.8,88.56,"Strictness is moderate, allowing good learning freedom."
TS138-SEM1-09,TS138,1,6,TS138-S09,80.65,66.73,True,99.88,84.66,80.12,75.72,89.63,Excellent labs and digital board infrastructure.
TS138-SEM1-10,TS138,1,6,TS138-S10,78.17,64.05,True,85.04,80.59,77.82,77.0,84.93,Teaching incorporates both fundamentals and modern practical tools.
TS138-SEM1-11,TS138,1,6,TS138-S11,78.35,77.77,True,93.27,99.47,79.44,89.4,88.41,"Strictness is moderate, allowing good learning freedom."
TS138-SEM1-12,TS138,1,6,TS138-S12,87.92,79.58,True,89.59,87.81,73.43,78.6,91.64,"Strictness is moderate, allowing good learning freedom."
TS138-SEM1-13,TS138,1,6,TS138-S13,83.66,79.69,True,86.81,83.16,81.26,75.27,91.85,"Campus has trees and nature, very peaceful."
TS138-SEM1-14,TS138,1,6,TS138-S14,84.07,77.45,True,88.12,93.54,83.64,77.23,81.98,Teaching incorporates both fundamentals and modern practical tools.
TS139-SEM1-01,TS139,1,6,TS139-S01,70.31,44.74,False,63.46,82.29,59.14,66.63,48.39,"Campus has trees and nature, very peaceful."
TS139-SEM1-02,TS139,1,6,TS139-S02,72.14,60.74,False,58.84,74.45,61.93,58.12,55.77,Teaching incorporates both fundamentals and modern practical tools.
TS139-SEM1-03,TS139,1,6,TS139-S03,80.18,56.21,True,68.5,85.71,72.17,65.7,81.22,Excellent labs and digital board infrastructure.
TS139-SEM1-04,TS139,1,6,TS139-S04,75.27,59.95,True,66.22,79.26,72.12,72.26,75.92,"Strictness is moderate, allowing good learning freedom."
TS139-SEM1-05,TS139,1,6,TS139-S05,71.24,59.49,False,65.1,75.71,57.95,54.87,63.88,Career guidance is helpful from the beginning.
TS139-SEM1-06,TS139,1,6,TS139-S06,67.69,64.73,False,66.42,78.12,58.52,54.36,65.66,"Campus has trees and nature, very peaceful."
TS139-SEM1-07,TS139,1,6,TS139-S07,65.75,56.47,False,60.55,72.04,65.18,51.64,55.26,"Campus has trees and nature, very peaceful."
TS139-SEM1-08,TS139,1,6,TS139-S08,76.07,68.81,True,66.18,85.5,62.75,75.16,75.1,"Strictness is moderate, allowing good learning freedom."
TS139-SEM1-09,TS139,1,6,TS139-S09,67.82,51.45,False,54.51,61.29,64.78,55.63,58.31,"Strictness is moderate, allowing good learning freedom."
TS139-SEM1-10,TS139,1,6,TS139-S10,75.23,71.66,True,79.06,94.88,70.6,69.36,71.52,Excellent labs and digital board infrastructure.
TS139-SEM1-11,TS139,1,6,TS139-S11,66.07,74.82,False,61.95,79.28,59.36,70.19,55.17,Good focus on practical sessions and mentoring.
TS139-SEM1-12,TS139,1,6,TS139-S12,67.19,56.26,False,67.74,64.9,58.55,77.84,61.02,"Campus has trees and nature, very peaceful."
TS139-SEM1-13,TS139,1,6,TS139-S13,67.6,51.19,False,48.27,74.56,65.95,69.56,46.84,Teaching incorporates both fundamentals and modern practical tools.
TS139-SEM1-14,TS139,1,6,TS139-S14,64.05,60.8,False,75.04,80.87,64.17,53.1,45.71,Excellent labs and digital board infrastructure.
TS140-SEM1-01,TS140,1,6,TS140-S01,74.07,65.18,False,63.68,73.59,73.74,67.22,65.82,"Strictness is moderate, allowing good learning freedom."
TS140-SEM1-02,TS140,1,6,TS140-S02,56.24,42.7,False,69.47,67.86,65.82,72.57,62.11,Good focus on practical sessions and mentoring.
TS140-SEM1-03,TS140,1,6,TS140-S03,66.07,45.61,False,54.28,77.11,67.97,78.71,61.92,"Campus has trees and nature, very peaceful."
TS140-SEM1-04,TS140,1,6,TS140-S04,74.13,60.75,False,66.35,71.94,67.86,65.51,67.92,"Campus has trees and nature, very peaceful."
TS140-SEM1-05,TS140,1,6,TS140-S05,81.56,78.59,True,75.69,76.77,76.21,79.58,77.1,"Strictness is moderate, allowing good learning freedom."
TS140-SEM1-06,TS140,1,6,TS140-S06,63.12,62.5,False,44.9,70.4,65.36,77.57,69.32,"Strictness is moderate, allowing good learning freedom."
TS140-SEM1-07,TS140,1,6,TS140-S07,78.43,58.54,True,75.2,83.5,68.86,88.25,80.43,"Strictness is moderate, allowing good learning freedom."
TS140-SEM1-08,TS140,1,6,TS140-S08,75.0,44.19,False,60.53,55.95,75.19,71.93,66.94,Career guidance is helpful from the beginning.
TS140-SEM1-09,TS140,1,6,TS140-S09,72.38,66.68,False,64.06,69.57,69.63,75.32,66.25,Good focus on practical sessions and mentoring.
TS140-SEM1-10,TS140,1,6,TS140-S10,88.87,78.82,True,79.23,77.95,83.49,78.0,84.41,Excellent labs and digital board infrastructure.
TS140-SEM1-11,TS140,1,6,TS140-S11,57.98,46.86,False,78.64,71.6,65.09,74.35,58.82,"Strictness is moderate, allowing good learning freedom."
TS140-SEM1-12,TS140,1,6,TS140-S12,70.3,47.47,False,61.35,67.87,75.69,75.67,67.28,Teaching incorporates both fundamentals and modern practical tools.
TS140-SEM1-13,TS140,1,6,TS140-S13,71.85,70.23,False,60.84,65.34,72.12,71.22,64.02,"Campus has trees and nature, very peaceful."
TS140-SEM1-14,TS140,1,6,TS140-S14,71.02,74.53,False,73.92,66.19,61.29,68.62,59.6,Excellent labs and digital board infrastructure.
TS141-SEM1-01,TS141,1,6,TS141-S01,73.17,59.65,False,64.63,52.78,69.42,74.95,75.47,Career guidance is helpful from the beginning.
TS141-SEM1-02,TS141,1,6,TS141-S02,72.78,75.48,False,54.67,70.06,68.8,75.34,63.08,"Strictness is moderate, allowing good learning freedom."
TS141-SEM1-03,TS141,1,6,TS141-S03,82.24,64.55,True,73.97,78.43,76.9,71.53,82.24,"Campus has trees and nature, very peaceful."
TS141-SEM1-04,TS141,1,6,TS141-S04,65.51,66.38,False,58.83,59.64,64.94,82.83,63.67,Good focus on practical sessions and mentoring.
TS141-SEM1-05,TS141,1,6,TS141-S05,79.57,90.95,True,86.68,66.3,80.94,75.87,79.57,"Strictness is moderate, allowing good learning freedom."
TS141-SEM1-06,TS141,1,6,TS141-S06,75.22,68.94,True,72.46,76.79,72.83,72.33,79.31,"Strictness is moderate, allowing good learning freedom."
TS141-SEM1-07,TS141,1,6,TS141-S07,71.29,63.77,False,66.84,65.62,63.82,71.25,66.3,"Strictness is moderate, allowing good learning freedom."
TS141-SEM1-08,TS141,1,6,TS141-S08,68.74,58.05,False,54.64,61.67,69.39,61.86,56.31,"Strictness is moderate, allowing good learning freedom."
TS141-SEM1-09,TS141,1,6,TS141-S09,63.47,69.88,False,52.19,61.27,71.26,74.84,59.47,Excellent labs and digital board infrastructure.
TS141-SEM1-10,TS141,1,6,TS141-S10,74.08,72.37,False,63.02,43.99,73.4,76.12,61.5,Teaching incorporates both fundamentals and modern practical tools.
TS141-SEM1-11,TS141,1,6,TS141-S11,60.12,59.02,False,58.41,52.17,66.98,70.5,59.32,"Strictness is moderate, allowing good learning freedom."
TS141-SEM1-12,TS141,1,6,TS141-S12,76.44,64.56,True,73.93,68.26,73.43,84.22,74.45,"Strictness is moderate, allowing good learning freedom."
TS141-SEM1-13,TS141,1,6,TS141-S13,80.75,67.85,True,78.18,80.22,76.61,78.24,79.36,Career guidance is helpful from the beginning.
TS141-SEM1-14,TS141,1,6,TS141-S14,73.07,69.7,False,55.18,57.06,75.86,73.91,69.31,Excellent labs and digital board infrastructure.
TS142-SEM1-01,TS142,1,6,TS142-S01,65.5,59.7,False,55.07,67.66,57.26,66.59,47.4,"Campus has trees and nature, very peaceful."
TS142-SEM1-02,TS142,1,6,TS142-S02,68.77,58.94,False,48.03,66.02,43.08,53.35,56.67,Teaching incorporates both fundamentals and modern practical tools.
TS142-SEM1-03,TS142,1,6,TS142-S03,70.13,72.73,False,66.12,57.39,62.78,70.89,52.94,"Campus has trees and nature, very peaceful."
TS142-SEM1-04,TS142,1,6,TS142-S04,71.71,71.02,False,60.04,56.43,54.51,66.68,49.58,"Campus has trees and nature, very peaceful."
TS142-SEM1-05,TS142,1,6,TS142-S05,79.16,64.63,True,61.84,59.94,68.2,56.59,69.51,Good focus on practical sessions and mentoring.
TS142-SEM1-06,TS142,1,6,TS142-S06,81.29,44.15,False,55.34,66.44,56.8,50.81,49.62,Good focus on practical sessions and mentoring.
TS142-SEM1-07,TS142,1,6,TS142-S07,66.97,62.69,False,51.27,52.64,59.26,65.85,52.57,"Campus has trees and nature, very peaceful."
TS142-SEM1-08,TS142,1,6,TS142-S08,80.06,77.79,True,68.58,63.34,56.52,65.51,63.67,Career guidance is helpful from the beginning.
TS142-SEM1-09,TS142,1,6,TS142-S09,74.91,46.44,False,53.96,44.18,60.3,54.01,48.48,Good focus on practical sessions and mentoring.
TS142-SEM1-10,TS142,1,6,TS142-S10,78.76,58.78,True,65.74,70.8,69.15,68.39,66.6,Good focus on practical sessions and mentoring.
TS142-SEM1-11,TS142,1,6,TS142-S11,79.25,52.84,True,66.16,75.12,58.08,68.72,68.66,Good focus on practical sessions and mentoring.
TS142-SEM1-12,TS142,1,6,TS142-S12,69.4,72.98,False,48.11,75.03,56.05,57.27,58.65,Good focus on practical sessions and mentoring.
TS142-SEM1-13,TS142,1,6,TS142-S13,73.06,73.89,False,41.21,53.2,58.91,62.86,54.78,Teaching incorporates both fundamentals and modern practical tools.
TS142-SEM1-14,TS142,1,6,TS142-S14,76.06,72.61,True,54.07,78.28,59.74,65.25,69.84,"Campus has trees and nature, very peaceful."
TS143-SEM1-01,TS143,1,6,TS143-S01,71.48,70.15,False,37.05,46.35,35.69,34.74,36.69,Teaching incorporates both fundamentals and modern practical tools.
TS143-SEM1-02,TS143,1,6,TS143-S02,70.61,53.91,False,38.81,43.7,38.53,39.25,37.16,Excellent labs and digital board infrastructure.
TS143-SEM1-03,TS143,1,6,TS143-S03,65.87,55.96,False,41.28,41.84,39.69,36.95,31.01,Excellent labs and digital board infrastructure.
TS143-SEM1-04,TS143,1,6,TS143-S04,71.21,82.26,False,41.48,31.37,45.62,37.81,36.06,"Strictness is moderate, allowing good learning freedom."
TS143-SEM1-05,TS143,1,6,TS143-S05,68.47,82.23,False,31.28,44.54,38.65,46.8,37.55,Excellent labs and digital board infrastructure.
TS143-SEM1-06,TS143,1,6,TS143-S06,79.53,69.18,True,69.58,56.47,46.33,50.6,57.23,Teaching incorporates both fundamentals and modern practical tools.
TS143-SEM1-07,TS143,1,6,TS143-S07,75.56,66.96,True,57.29,45.25,59.62,61.18,58.09,"Strictness is moderate, allowing good learning freedom."
TS143-SEM1-08,TS143,1,6,TS143-S08,72.23,62.56,False,36.14,40.48,31.15,51.55,41.97,"Campus has trees and nature, very peaceful."
TS143-SEM1-09,TS143,1,6,TS143-S09,61.94,70.9,False,38.03,40.44,44.54,31.91,36.02,Excellent labs and digital board infrastructure.
TS143-SEM1-10,TS143,1,6,TS143-S10,72.48,62.8,False,29.88,45.61,47.38,44.81,34.93,Good focus on practical sessions and mentoring.
TS143-SEM1-11,TS143,1,6,TS143-S11,88.13,52.75,True,53.54,68.13,51.01,52.97,56.61,Excellent labs and digital board infrastructure.
TS143-SEM1-12,TS143,1,6,TS143-S12,65.65,53.31,False,36.43,49.69,43.25,41.12,42.94,Career guidance is helpful from the beginning.
TS143-SEM1-13,TS143,1,6,TS143-S13,60.11,49.04,False,23.1,51.7,41.6,48.16,35.53,Good focus on practical sessions and mentoring.
TS143-SEM1-14,TS143,1,6,TS143-S14,78.14,60.73,True,53.66,54.73,57.5,39.62,53.74,Good focus on practical sessions and mentoring.
TS144-SEM1-01,TS144,1,6,TS144-S01,71.27,62.94,False,39.5,39.76,44.52,56.44,42.19,Good focus on practical sessions and mentoring.
TS144-SEM1-02,TS144,1,6,TS144-S02,74.24,53.08,False,44.88,37.89,50.83,45.86,44.65,"Strictness is moderate, allowing good learning freedom."
TS144-SEM1-03,TS144,1,6,TS144-S03,70.33,63.81,False,35.98,50.75,48.4,56.96,34.54,Excellent labs and digital board infrastructure.
TS144-SEM1-04,TS144,1,6,TS144-S04,64.54,58.1,False,54.14,49.73,50.54,50.11,38.36,Good focus on practical sessions and mentoring.
TS144-SEM1-05,TS144,1,6,TS144-S05,73.66,69.01,False,47.14,59.19,46.48,56.73,35.42,"Strictness is moderate, allowing good learning freedom."
TS144-SEM1-06,TS144,1,6,TS144-S06,73.27,76.69,False,39.64,52.25,57.09,51.51,46.22,Career guidance is helpful from the beginning.
TS144-SEM1-07,TS144,1,6,TS144-S07,81.48,64.3,True,49.25,60.29,59.48,54.7,57.07,Teaching incorporates both fundamentals and modern practical tools.
TS144-SEM1-08,TS144,1,6,TS144-S08,75.62,58.97,True,61.75,55.97,56.04,64.41,65.9,Career guidance is helpful from the beginning.
TS144-SEM1-09,TS144,1,6,TS144-S09,75.2,57.77,True,63.84,58.6,57.35,65.65,52.73,"Campus has trees and nature, very peaceful."
TS144-SEM1-10,TS144,1,6,TS144-S10,73.45,78.4,False,47.21,46.18,46.91,58.61,42.91,"Strictness is moderate, allowing good learning freedom."
TS144-SEM1-11,TS144,1,6,TS144-S11,79.86,53.36,True,56.28,70.19,55.94,59.36,51.44,"Strictness is moderate, allowing good learning freedom."
TS144-SEM1-12,TS144,1,6,TS144-S12,66.53,67.28,False,49.03,40.31,46.91,66.81,57.37,Good focus on practical sessions and mentoring.
TS144-SEM1-13,TS144,1,6,TS144-S13,78.9,77.59,True,73.18,53.1,52.5,73.65,57.07,Career guidance is helpful from the beginning.
TS144-SEM1-14,TS144,1,6,TS144-S14,65.83,51.94,False,45.1,29.64,42.72,51.92,37.91,Excellent labs and digital board infrastructure.
TS145-SEM1-01,TS145,1,6,TS145-S01,76.67,72.18,True,55.81,48.07,51.7,54.53,68.57,"Campus has trees and nature, very peaceful."
TS145-SEM1-02,TS145,1,6,TS145-S02,68.8,66.83,False,30.95,42.79,42.52,53.62,41.47,"Strictness is moderate, allowing good learning freedom."
TS145-SEM1-03,TS145,1,6,TS145-S03,80.5,75.38,True,48.29,45.11,52.47,57.51,57.25,Career guidance is helpful from the beginning.
TS145-SEM1-04,TS145,1,6,TS145-S04,68.79,76.37,False,31.12,37.01,38.57,48.31,44.19,Good focus on practical sessions and mentoring.
TS145-SEM1-05,TS145,1,6,TS145-S05,70.27,63.01,False,43.95,39.05,45.87,51.07,32.31,Excellent labs and digital board infrastructure.
TS145-SEM1-06,TS145,1,6,TS145-S06,69.21,65.55,False,47.65,51.98,54.44,52.48,35.89,Good focus on practical sessions and mentoring.
TS145-SEM1-07,TS145,1,6,TS145-S07,71.62,60.86,False,37.51,44.79,46.11,42.52,43.4,"Campus has trees and nature, very peaceful."
TS145-SEM1-08,TS145,1,6,TS145-S08,60.98,59.78,False,46.86,46.59,42.18,61.38,35.76,Career guidance is helpful from the beginning.
TS145-SEM1-09,TS145,1,6,TS145-S09,59.99,66.53,False,29.29,35.08,47.07,46.8,40.86,Good focus on practical sessions and mentoring.
TS145-SEM1-10,TS145,1,6,TS145-S10,65.05,70.58,False,29.81,52.28,41.58,58.75,33.76,"Campus has trees and nature, very peaceful."
TS145-SEM1-11,TS145,1,6,TS145-S11,83.55,52.42,True,54.22,61.6,54.91,63.54,60.01,"Strictness is moderate, allowing good learning freedom."
TS145-SEM1-12,TS145,1,6,TS145-S12,67.08,69.66,False,40.52,36.05,44.86,49.23,45.04,Excellent labs and digital board infrastructure.
TS145-SEM1-13,TS145,1,6,TS145-S13,68.91,56.38,False,35.77,56.9,40.75,57.34,32.8,Career guidance is helpful from the beginning.
TS145-SEM1-14,TS145,1,6,TS145-S14,75.04,64.63,True,60.49,52.38,48.27,66.31,52.78,Career guidance is helpful from the beginning.
TS146-SEM1-01,TS146,1,6,TS146-S01,77.49,70.25,True,56.99,59.35,65.6,68.78,52.11,"Campus has trees and nature, very peaceful."
TS146-SEM1-02,TS146,1,6,TS146-S02,86.68,66.17,True,51.94,54.34,63.49,51.39,49.94,Career guidance is helpful from the beginning.
TS146-SEM1-03,TS146,1,6,TS146-S03,74.01,61.5,False,57.02,44.95,51.94,55.62,51.54,Excellent labs and digital board infrastructure.
TS146-SEM1-04,TS146,1,6,TS146-S04,67.75,71.44,False,45.25,46.37,55.73,56.51,47.97,Excellent labs and digital board infrastructure.
TS146-SEM1-05,TS146,1,6,TS146-S05,65.52,43.3,False,47.25,54.0,54.63,52.89,46.34,Career guidance is helpful from the beginning.
TS146-SEM1-06,TS146,1,6,TS146-S06,73.85,52.06,False,53.06,53.0,50.6,54.06,37.79,Good focus on practical sessions and mentoring.
TS146-SEM1-07,TS146,1,6,TS146-S07,73.08,60.67,False,55.93,44.65,56.72,49.09,34.95,Good focus on practical sessions and mentoring.
TS146-SEM1-08,TS146,1,6,TS146-S08,70.65,63.97,False,49.28,47.56,49.84,49.49,40.75,Excellent labs and digital board infrastructure.
TS146-SEM1-09,TS146,1,6,TS146-S09,60.02,60.94,False,43.91,54.87,41.47,53.18,56.98,Good focus on practical sessions and mentoring.
TS146-SEM1-10,TS146,1,6,TS146-S10,70.9,61.97,False,50.93,50.27,50.33,45.39,49.64,"Campus has trees and nature, very peaceful."
TS146-SEM1-11,TS146,1,6,TS146-S11,60.55,70.32,False,46.03,46.26,49.75,60.02,47.62,Teaching incorporates both fundamentals and modern practical tools.
TS146-SEM1-12,TS146,1,6,TS146-S12,70.07,58.5,False,47.49,65.41,45.79,57.93,49.22,"Strictness is moderate, allowing good learning freedom."
TS146-SEM1-13,TS146,1,6,TS146-S13,81.24,68.29,True,68.5,58.07,63.15,67.01,64.84,Career guidance is helpful from the beginning.
TS146-SEM1-14,TS146,1,6,TS146-S14,69.45,55.56,False,51.08,39.21,50.63,45.63,48.92,"Campus has trees and nature, very peaceful."
TS147-SEM1-01,TS147,1,6,TS147-S01,68.66,72.2,False,51.24,47.76,54.81,60.03,55.74,Excellent labs and digital board infrastructure.
TS147-SEM1-02,TS147,1,6,TS147-S02,71.73,48.17,False,53.77,68.16,60.76,54.86,47.43,Teaching incorporates both fundamentals and modern practical tools.
TS147-SEM1-03,TS147,1,6,TS147-S03,71.82,61.81,False,53.06,51.12,50.2,67.19,43.16,"Strictness is moderate, allowing good learning freedom."
TS147-SEM1-04,TS147,1,6,TS147-S04,67.19,50.7,False,54.45,54.73,59.2,56.77,42.51,Excellent labs and digital board infrastructure.
TS147-SEM1-05,TS147,1,6,TS147-S05,69.34,60.18,False,52.03,40.42,57.17,56.11,45.54,Teaching incorporates both fundamentals and modern practical tools.
TS147-SEM1-06,TS147,1,6,TS147-S06,79.04,40.17,False,52.71,56.43,50.68,58.8,54.88,"Campus has trees and nature, very peaceful."
TS147-SEM1-07,TS147,1,6,TS147-S07,83.78,72.65,True,60.63,51.24,61.51,73.31,57.5,Teaching incorporates both fundamentals and modern practical tools.
TS147-SEM1-08,TS147,1,6,TS147-S08,66.44,53.85,False,52.92,55.7,50.9,62.56,43.05,Good focus on practical sessions and mentoring.
TS147-SEM1-09,TS147,1,6,TS147-S09,69.44,49.35,False,49.88,47.47,58.23,61.32,47.64,"Campus has trees and nature, very peaceful."
TS147-SEM1-10,TS147,1,6,TS147-S10,82.61,65.83,True,61.28,54.43,61.45,70.33,57.21,Career guidance is helpful from the beginning.
TS147-SEM1-11,TS147,1,6,TS147-S11,63.82,56.84,False,44.19,54.22,55.69,60.75,51.53,Excellent labs and digital board infrastructure.
TS147-SEM1-12,TS147,1,6,TS147-S12,68.49,61.54,False,44.76,56.15,55.16,54.29,48.0,Good focus on practical sessions and mentoring.
TS147-SEM1-13,TS147,1,6,TS147-S13,71.77,64.81,False,52.69,48.11,58.6,64.62,45.16,Career guidance is helpful from the beginning.
TS147-SEM1-14,TS147,1,6,TS147-S14,65.14,55.52,False,41.95,55.54,60.7,70.01,43.33,Teaching incorporates both fundamentals and modern practical tools.
TS148-SEM1-01,TS148,1,6,TS148-S01,71.01,61.4,False,65.15,78.27,64.46,59.95,58.6,Good focus on practical sessions and mentoring.
TS148-SEM1-02,TS148,1,6,TS148-S02,78.49,61.32,True,78.9,95.16,73.93,67.71,88.27,Career guidance is helpful from the beginning.
TS148-SEM1-03,TS148,1,6,TS148-S03,79.98,73.85,True,72.96,65.83,78.38,69.79,69.55,"Campus has trees and nature, very peaceful."
TS148-SEM1-04,TS148,1,6,TS148-S04,79.21,58.63,True,67.48,84.44,76.06,69.04,76.46,Teaching incorporates both fundamentals and modern practical tools.
TS148-SEM1-05,TS148,1,6,TS148-S05,87.76,49.97,False,58.23,76.17,61.48,55.8,66.21,Career guidance is helpful from the beginning.
TS148-SEM1-06,TS148,1,6,TS148-S06,75.63,66.84,True,72.4,78.48,73.16,74.4,80.69,Teaching incorporates both fundamentals and modern practical tools.
TS148-SEM1-07,TS148,1,6,TS148-S07,66.43,69.9,False,52.48,67.94,60.85,57.18,70.19,Career guidance is helpful from the beginning.
TS148-SEM1-08,TS148,1,6,TS148-S08,63.18,53.81,False,65.62,66.75,67.33,70.9,63.83,Excellent labs and digital board infrastructure.
TS148-SEM1-09,TS148,1,6,TS148-S09,69.19,60.66,False,65.74,75.59,66.66,64.49,62.36,"Campus has trees and nature, very peaceful."
TS148-SEM1-10,TS148,1,6,TS148-S10,71.45,55.95,False,67.01,72.84,56.15,57.37,58.15,Good focus on practical sessions and mentoring.
TS148-SEM1-11,TS148,1,6,TS148-S11,70.79,74.04,False,81.77,50.83,68.08,62.74,59.65,Career guidance is helpful from the beginning.
TS148-SEM1-12,TS148,1,6,TS148-S12,75.26,63.5,True,76.73,84.96,75.86,70.46,75.64,Teaching incorporates both fundamentals and modern practical tools.
TS148-SEM1-13,TS148,1,6,TS148-S13,88.91,65.6,True,73.51,82.02,74.46,57.86,74.97,"Campus has trees and nature, very peaceful."
TS148-SEM1-14,TS148,1,6,TS148-S14,67.59,56.0,False,56.14,70.86,73.54,63.11,54.65,Good focus on practical sessions and mentoring.
TS149-SEM1-01,TS149,1,6,TS149-S01,64.43,74.09,False,37.22,33.46,45.13,43.42,32.16,Teaching incorporates both fundamentals and modern practical tools.
TS149-SEM1-02,TS149,1,6,TS149-S02,82.74,40.06,False,36.72,40.24,49.23,43.75,49.5,"Campus has trees and nature, very peaceful."
TS149-SEM1-03,TS149,1,6,TS149-S03,76.55,38.33,False,29.47,40.62,36.47,49.43,33.92,Teaching incorporates both fundamentals and modern practical tools.
TS149-SEM1-04,TS149,1,6,TS149-S04,64.82,52.35,False,43.3,22.54,47.42,52.59,34.53,"Strictness is moderate, allowing good learning freedom."
TS149-SEM1-05,TS149,1,6,TS149-S05,63.57,67.56,False,35.27,26.6,51.74,40.83,28.83,"Strictness is moderate, allowing good learning freedom."
TS149-SEM1-06,TS149,1,6,TS149-S06,73.71,61.32,False,47.11,35.68,40.34,48.15,37.19,"Campus has trees and nature, very peaceful."
TS149-SEM1-07,TS149,1,6,TS149-S07,73.38,64.72,False,39.18,35.39,46.36,43.98,40.21,Good focus on practical sessions and mentoring.
TS149-SEM1-08,TS149,1,6,TS149-S08,80.33,55.22,True,47.92,43.08,51.89,55.79,54.55,Good focus on practical sessions and mentoring.
TS149-SEM1-09,TS149,1,6,TS149-S09,76.91,64.53,True,51.87,41.89,46.43,55.97,56.62,Teaching incorporates both fundamentals and modern practical tools.
TS149-SEM1-10,TS149,1,6,TS149-S10,73.24,53.5,False,44.84,54.22,42.34,57.0,40.52,"Campus has trees and nature, very peaceful."
TS149-SEM1-11,TS149,1,6,TS149-S11,85.31,66.73,True,57.25,45.26,51.23,61.12,58.29,Career guidance is helpful from the beginning.
TS149-SEM1-12,TS149,1,6,TS149-S12,71.81,64.0,False,42.74,44.52,45.94,48.18,32.07,"Strictness is moderate, allowing good learning freedom."
TS149-SEM1-13,TS149,1,6,TS149-S13,68.01,66.61,False,43.18,44.34,38.82,45.23,30.32,Good focus on practical sessions and mentoring.
TS149-SEM1-14,TS149,1,6,TS149-S14,63.65,62.81,False,46.34,39.52,51.73,45.16,36.35,"Strictness is moderate, allowing good learning freedom."
TS150-SEM1-01,TS150,1,6,TS150-S01,70.32,84.23,False,53.47,77.95,62.08,65.57,57.66,Career guidance is helpful from the beginning.
TS150-SEM1-02,TS150,1,6,TS150-S02,72.69,67.96,False,57.46,71.85,63.81,61.46,45.91,Career guidance is helpful from the beginning.
TS150-SEM1-03,TS150,1,6,TS150-S03,69.98,74.64,False,65.31,72.53,65.4,70.45,60.58,Excellent labs and digital board infrastructure.
TS150-SEM1-04,TS150,1,6,TS150-S04,68.04,70.55,False,66.67,70.48,63.12,62.08,66.1,Teaching incorporates both fundamentals and modern practical tools.
TS150-SEM1-05,TS150,1,6,TS150-S05,74.87,47.22,False,57.37,60.04,61.37,47.73,68.59,Teaching incorporates both fundamentals and modern practical tools.
TS150-SEM1-06,TS150,1,6,TS150-S06,66.74,53.96,False,49.49,72.37,64.68,58.29,57.65,Teaching incorporates both fundamentals and modern practical tools.
TS150-SEM1-07,TS150,1,6,TS150-S07,75.53,57.2,True,67.39,64.69,73.51,72.97,84.47,"Campus has trees and nature, very peaceful."
TS150-SEM1-08,TS150,1,6,TS150-S08,62.19,68.2,False,57.45,88.83,72.06,70.61,63.15,Good focus on practical sessions and mentoring.
TS150-SEM1-09,TS150,1,6,TS150-S09,74.29,57.97,False,57.54,59.04,68.23,69.76,57.35,Good focus on practical sessions and mentoring.
TS150-SEM1-10,TS150,1,6,TS150-S10,67.67,47.16,False,62.61,75.27,71.53,68.66,61.21,Excellent labs and digital board infrastructure.
TS150-SEM1-11,TS150,1,6,TS150-S11,72.54,74.82,False,54.48,61.91,73.69,53.95,58.97,"Strictness is moderate, allowing good learning freedom."
TS150-SEM1-12,TS150,1,6,TS150-S12,75.79,62.83,True,84.29,79.28,79.09,61.82,76.35,Excellent labs and digital board infrastructure.
TS150-SEM1-13,TS150,1,6,TS150-S13,86.43,81.43,True,75.06,76.53,74.22,75.04,86.33,Excellent labs and digital board infrastructure.
TS150-SEM1-14,TS150,1,6,TS150-S14,72.22,73.22,False,65.03,65.27,56.65,66.5,62.16,Career guidance is helpful from the beginning.
TS151-SEM1-01,TS151,1,6,TS151-S01,63.67,66.83,False,60.67,53.78,61.97,67.01,56.87,Teaching incorporates both fundamentals and modern practical tools.
TS151-SEM1-02,TS151,1,6,TS151-S02,82.55,82.9,True,77.03,77.13,70.02,81.98,84.37,"Campus has trees and nature, very peaceful."
TS151-SEM1-03,TS151,1,6,TS151-S03,63.77,63.34,False,71.84,49.59,63.52,66.72,63.36,Good focus on practical sessions and mentoring.
TS151-SEM1-04,TS151,1,6,TS151-S04,79.15,63.62,True,63.78,80.88,69.33,75.56,80.95,"Campus has trees and nature, very peaceful."
TS151-SEM1-05,TS151,1,6,TS151-S05,73.19,72.04,False,63.72,61.12,65.65,62.67,57.35,Teaching incorporates both fundamentals and modern practical tools.
TS151-SEM1-06,TS151,1,6,TS151-S06,78.5,53.01,True,68.82,70.72,78.11,79.69,65.21,Teaching incorporates both fundamentals and modern practical tools.
TS151-SEM1-07,TS151,1,6,TS151-S07,75.89,57.58,True,73.2,62.61,70.74,73.76,77.63,Good focus on practical sessions and mentoring.
TS151-SEM1-08,TS151,1,6,TS151-S08,66.68,50.75,False,64.49,68.36,67.0,65.52,54.4,Career guidance is helpful from the beginning.
TS151-SEM1-09,TS151,1,6,TS151-S09,67.91,70.9,False,55.15,66.57,67.28,76.84,63.41,"Strictness is moderate, allowing good learning freedom."
TS151-SEM1-10,TS151,1,6,TS151-S10,75.26,47.31,False,63.76,60.42,62.23,77.58,57.34,Excellent labs and digital board infrastructure.
TS151-SEM1-11,TS151,1,6,TS151-S11,68.82,73.24,False,57.67,54.86,58.46,64.49,54.42,Career guidance is helpful from the beginning.
TS151-SEM1-12,TS151,1,6,TS151-S12,75.73,51.81,True,75.92,64.42,71.01,84.1,76.45,Teaching incorporates both fundamentals and modern practical tools.
TS151-SEM1-13,TS151,1,6,TS151-S13,81.06,61.32,True,70.81,70.35,66.43,71.52,74.97,Teaching incorporates both fundamentals and modern practical tools.
TS151-SEM1-14,TS151,1,6,TS151-S14,64.03,63.59,False,58.28,61.37,57.53,73.62,66.58,Career guidance is helpful from the beginning.
TS152-SEM1-01,TS152,1,6,TS152-S01,72.41,59.19,False,74.7,75.62,60.71,60.91,73.59,Excellent labs and digital board infrastructure.
TS152-SEM1-02,TS152,1,6,TS152-S02,83.87,71.23,True,83.9,71.98,79.53,64.23,80.35,Excellent labs and digital board infrastructure.
TS152-SEM1-03,TS152,1,6,TS152-S03,68.16,58.37,False,65.64,56.51,77.77,55.41,54.49,Teaching incorporates both fundamentals and modern practical tools.
TS152-SEM1-04,TS152,1,6,TS152-S04,75.75,74.92,True,69.48,69.69,67.76,70.42,77.56,"Strictness is moderate, allowing good learning freedom."
TS152-SEM1-05,TS152,1,6,TS152-S05,74.55,65.65,False,66.85,63.79,62.22,62.51,59.63,Excellent labs and digital board infrastructure.
TS152-SEM1-06,TS152,1,6,TS152-S06,73.52,54.88,False,65.76,57.64,63.71,68.35,54.25,Excellent labs and digital board infrastructure.
TS152-SEM1-07,TS152,1,6,TS152-S07,78.3,47.91,False,52.4,55.11,66.49,65.95,66.37,Good focus on practical sessions and mentoring.
TS152-SEM1-08,TS152,1,6,TS152-S08,79.28,70.63,True,70.86,83.37,80.01,62.38,84.38,"Strictness is moderate, allowing good learning freedom."
TS152-SEM1-09,TS152,1,6,TS152-S09,60.48,65.9,False,61.28,65.43,66.06,56.45,62.14,Good focus on practical sessions and mentoring.
TS152-SEM1-10,TS152,1,6,TS152-S10,72.36,71.35,False,71.45,68.08,61.81,54.74,68.4,"Campus has trees and nature, very peaceful."
TS152-SEM1-11,TS152,1,6,TS152-S11,81.42,70.87,True,80.8,87.5,69.82,68.75,72.38,Career guidance is helpful from the beginning.
TS152-SEM1-12,TS152,1,6,TS152-S12,71.23,77.44,False,68.38,68.15,52.44,57.64,60.42,Teaching incorporates both fundamentals and modern practical tools.
TS152-SEM1-13,TS152,1,6,TS152-S13,70.7,62.33,False,63.36,62.8,65.87,60.67,56.39,Excellent labs and digital board infrastructure.
TS152-SEM1-14,TS152,1,6,TS152-S14,83.08,57.24,True,86.61,70.29,77.41,64.49,80.75,"Campus has trees and nature, very peaceful."
TS153-SEM1-01,TS153,1,6,TS153-S01,69.1,68.84,False,30.53,35.11,35.75,33.75,25.54,Good focus on practical sessions and mentoring.
TS153-SEM1-02,TS153,1,6,TS153-S02,75.01,86.98,True,46.21,47.13,45.39,27.23,56.51,Excellent labs and digital board infrastructure.
TS153-SEM1-03,TS153,1,6,TS153-S03,77.89,55.55,True,42.66,50.2,43.31,38.26,42.86,Career guidance is helpful from the beginning.
TS153-SEM1-04,TS153,1,6,TS153-S04,69.11,73.46,False,28.8,16.66,35.25,44.36,34.24,Good focus on practical sessions and mentoring.
TS153-SEM1-05,TS153,1,6,TS153-S05,68.5,61.49,False,36.08,23.76,31.72,32.28,37.97,"Strictness is moderate, allowing good learning freedom."
TS153-SEM1-06,TS153,1,6,TS153-S06,69.36,77.67,False,27.47,10.72,39.72,33.14,33.68,"Strictness is moderate, allowing good learning freedom."
TS153-SEM1-07,TS153,1,6,TS153-S07,76.18,63.92,True,44.68,44.12,41.0,26.03,41.93,Teaching incorporates both fundamentals and modern practical tools.
TS153-SEM1-08,TS153,1,6,TS153-S08,71.02,39.59,False,19.95,35.13,35.36,28.01,18.1,Excellent labs and digital board infrastructure.
TS153-SEM1-09,TS153,1,6,TS153-S09,81.31,47.64,False,27.09,27.71,42.5,32.42,27.63,"Campus has trees and nature, very peaceful."
TS153-SEM1-10,TS153,1,6,TS153-S10,68.74,63.8,False,24.52,40.85,33.26,33.01,32.43,Teaching incorporates both fundamentals and modern practical tools.
TS153-SEM1-11,TS153,1,6,TS153-S11,68.44,41.47,False,30.52,26.21,36.39,28.35,27.06,Excellent labs and digital board infrastructure.
TS153-SEM1-12,TS153,1,6,TS153-S12,64.23,73.87,False,29.28,56.63,36.17,32.0,30.2,Excellent labs and digital board infrastructure.
TS153-SEM1-13,TS153,1,6,TS153-S13,74.05,72.93,False,38.63,23.67,40.28,32.88,30.18,Excellent labs and digital board infrastructure.
TS153-SEM1-14,TS153,1,6,TS153-S14,82.28,79.53,True,42.74,38.27,46.77,45.05,37.86,Excellent labs and digital board infrastructure.
TS154-SEM1-01,TS154,1,6,TS154-S01,80.53,60.3,True,93.54,100.0,83.0,100.0,96.53,Excellent labs and digital board infrastructure.
TS154-SEM1-02,TS154,1,6,TS154-S02,79.29,69.13,True,94.27,100.0,96.42,92.48,94.49,Teaching incorporates both fundamentals and modern practical tools.
TS154-SEM1-03,TS154,1,6,TS154-S03,68.84,76.09,False,83.02,97.63,74.5,85.7,78.15,Career guidance is helpful from the beginning.
TS154-SEM1-04,TS154,1,6,TS154-S04,72.29,76.72,False,83.17,74.81,84.09,84.95,84.31,Career guidance is helpful from the beginning.
TS154-SEM1-05,TS154,1,6,TS154-S05,83.24,68.6,True,95.76,100.0,86.57,96.59,91.67,Teaching incorporates both fundamentals and modern practical tools.
TS154-SEM1-06,TS154,1,6,TS154-S06,91.33,55.91,True,91.17,94.49,88.73,100.0,91.78,"Strictness is moderate, allowing good learning freedom."
TS154-SEM1-07,TS154,1,6,TS154-S07,88.35,85.99,True,97.43,92.21,90.69,100.0,92.06,Career guidance is helpful from the beginning.
TS154-SEM1-08,TS154,1,6,TS154-S08,87.56,79.57,True,95.63,97.05,84.64,95.59,90.2,"Campus has trees and nature, very peaceful."
TS154-SEM1-09,TS154,1,6,TS154-S09,80.34,88.45,True,84.83,92.87,91.6,100.0,92.18,"Campus has trees and nature, very peaceful."
TS154-SEM1-10,TS154,1,6,TS154-S10,74.58,74.44,False,82.84,86.94,79.01,100.0,76.94,"Strictness is moderate, allowing good learning freedom."
TS154-SEM1-11,TS154,1,6,TS154-S11,83.16,68.38,True,96.86,97.58,84.67,100.0,99.21,Teaching incorporates both fundamentals and modern practical tools.
TS154-SEM1-12,TS154,1,6,TS154-S12,88.09,75.37,True,92.34,100.0,87.72,92.11,93.56,"Campus has trees and nature, very peaceful."
TS154-SEM1-13,TS154,1,6,TS154-S13,78.8,87.6,True,90.06,96.59,96.77,100.0,100.0,Teaching incorporates both fundamentals and modern practical tools.
TS154-SEM1-14,TS154,1,6,TS154-S14,84.07,72.96,True,85.23,81.38,95.31,100.0,100.0,"Campus has trees and nature, very peaceful."
TS155-SEM1-01,TS155,1,6,TS155-S01,70.72,45.09,False,57.76,62.35,60.9,43.45,58.04,Good focus on practical sessions and mentoring.
TS155-SEM1-02,TS155,1,6,TS155-S02,66.53,68.86,False,66.85,57.6,62.84,61.71,57.27,"Strictness is moderate, allowing good learning freedom."
TS155-SEM1-03,TS155,1,6,TS155-S03,72.62,56.83,False,51.21,72.34,62.84,66.5,56.64,"Strictness is moderate, allowing good learning freedom."
TS155-SEM1-04,TS155,1,6,TS155-S04,77.85,53.04,True,73.68,79.96,81.01,70.96,69.34,"Strictness is moderate, allowing good learning freedom."
TS155-SEM1-05,TS155,1,6,TS155-S05,64.83,52.95,False,52.0,36.41,57.27,65.82,55.02,Teaching incorporates both fundamentals and modern practical tools.
TS155-SEM1-06,TS155,1,6,TS155-S06,70.45,45.78,False,62.95,63.72,60.58,48.3,52.19,Excellent labs and digital board infrastructure.
TS155-SEM1-07,TS155,1,6,TS155-S07,74.6,61.71,False,57.8,65.1,61.42,65.42,50.43,"Strictness is moderate, allowing good learning freedom."
TS155-SEM1-08,TS155,1,6,TS155-S08,64.66,66.77,False,60.74,63.77,61.3,59.57,55.7,"Campus has trees and nature, very peaceful."
TS155-SEM1-09,TS155,1,6,TS155-S09,74.28,66.39,False,72.29,52.25,76.77,53.98,56.57,Good focus on practical sessions and mentoring.
TS155-SEM1-10,TS155,1,6,TS155-S10,64.83,65.06,False,62.54,59.88,65.51,58.98,44.39,Teaching incorporates both fundamentals and modern practical tools.
TS155-SEM1-11,TS155,1,6,TS155-S11,75.76,62.31,True,68.18,72.87,63.57,70.77,78.59,"Campus has trees and nature, very peaceful."
TS155-SEM1-12,TS155,1,6,TS155-S12,84.36,76.05,True,72.19,66.42,65.32,73.75,71.11,Excellent labs and digital board infrastructure.
TS155-SEM1-13,TS155,1,6,TS155-S13,74.2,52.37,False,64.87,57.04,66.08,57.3,50.86,"Campus has trees and nature, very peaceful."
TS155-SEM1-14,TS155,1,6,TS155-S14,79.97,55.74,True,64.4,76.47,71.45,63.94,69.49,"Strictness is moderate, allowing good learning freedom."
TS156-SEM1-01,TS156,1,6,TS156-S01,66.81,67.22,False,70.45,71.49,58.06,69.53,61.48,Good focus on practical sessions and mentoring.
TS156-SEM1-02,TS156,1,6,TS156-S02,77.52,67.92,True,76.73,76.67,65.57,85.35,80.19,"Strictness is moderate, allowing good learning freedom."
TS156-SEM1-03,TS156,1,6,TS156-S03,67.55,71.25,False,64.11,66.04,71.11,70.31,58.89,Career guidance is helpful from the beginning.
TS156-SEM1-04,TS156,1,6,TS156-S04,56.17,73.16,False,65.35,70.08,58.55,76.14,62.32,"Strictness is moderate, allowing good learning freedom."
TS156-SEM1-05,TS156,1,6,TS156-S05,68.09,72.56,False,62.01,45.65,66.15,65.77,48.85,Career guidance is helpful from the beginning.
TS156-SEM1-06,TS156,1,6,TS156-S06,74.2,61.35,False,67.65,60.69,67.12,73.42,62.34,"Strictness is moderate, allowing good learning freedom."
TS156-SEM1-07,TS156,1,6,TS156-S07,66.68,63.99,False,58.39,64.46,64.51,66.68,55.54,Good focus on practical sessions and mentoring.
TS156-SEM1-08,TS156,1,6,TS156-S08,81.89,45.06,False,63.49,69.16,66.13,82.19,61.92,Good focus on practical sessions and mentoring.
TS156-SEM1-09,TS156,1,6,TS156-S09,74.3,57.33,False,61.65,64.69,63.25,65.91,51.21,Teaching incorporates both fundamentals and modern practical tools.
TS156-SEM1-10,TS156,1,6,TS156-S10,73.11,47.2,False,56.4,39.78,67.4,77.29,57.63,"Strictness is moderate, allowing good learning freedom."
TS156-SEM1-11,TS156,1,6,TS156-S11,82.99,75.47,False,58.55,56.44,66.04,69.52,59.97,Career guidance is helpful from the beginning.
TS156-SEM1-12,TS156,1,6,TS156-S12,75.73,59.7,True,71.86,69.4,65.34,75.75,86.02,Teaching incorporates both fundamentals and modern practical tools.
TS156-SEM1-13,TS156,1,6,TS156-S13,66.6,66.38,False,56.5,41.52,66.03,67.03,58.83,"Campus has trees and nature, very peaceful."
TS156-SEM1-14,TS156,1,6,TS156-S14,77.94,64.35,True,68.02,74.89,69.28,65.38,79.37,Good focus on practical sessions and mentoring.
TS157-SEM1-01,TS157,1,6,TS157-S01,69.86,60.02,False,58.28,54.45,62.98,74.73,60.26,Teaching incorporates both fundamentals and modern practical tools.
TS157-SEM1-02,TS157,1,6,TS157-S02,77.72,61.75,True,71.89,59.7,70.91,84.6,81.74,Good focus on practical sessions and mentoring.
TS157-SEM1-03,TS157,1,6,TS157-S03,80.76,64.9,True,83.65,63.08,71.39,98.45,81.72,Teaching incorporates both fundamentals and modern practical tools.
TS157-SEM1-04,TS157,1,6,TS157-S04,75.06,70.94,True,71.56,61.22,74.53,79.61,77.92,"Campus has trees and nature, very peaceful."
TS157-SEM1-05,TS157,1,6,TS157-S05,70.13,45.74,False,66.75,45.22,61.8,66.93,55.04,"Campus has trees and nature, very peaceful."
TS157-SEM1-06,TS157,1,6,TS157-S06,73.21,74.35,False,52.07,54.86,56.69,71.19,59.8,Excellent labs and digital board infrastructure.
TS157-SEM1-07,TS157,1,6,TS157-S07,76.6,40.81,False,64.74,51.53,59.36,75.23,62.57,Career guidance is helpful from the beginning.
TS157-SEM1-08,TS157,1,6,TS157-S08,71.4,51.07,False,60.83,53.51,68.46,81.28,64.5,Excellent labs and digital board infrastructure.
TS157-SEM1-09,TS157,1,6,TS157-S09,71.88,73.23,False,55.31,73.58,60.31,62.64,66.27,Career guidance is helpful from the beginning.
TS157-SEM1-10,TS157,1,6,TS157-S10,67.74,63.17,False,55.25,78.22,74.55,84.1,59.88,"Campus has trees and nature, very peaceful."
TS157-SEM1-11,TS157,1,6,TS157-S11,77.88,61.47,True,72.97,81.99,70.13,79.74,75.11,Teaching incorporates both fundamentals and modern practical tools.
TS157-SEM1-12,TS157,1,6,TS157-S12,73.15,58.12,False,64.36,55.47,69.39,83.93,59.83,"Strictness is moderate, allowing good learning freedom."
TS157-SEM1-13,TS157,1,6,TS157-S13,85.31,73.28,True,75.07,56.02,68.91,78.2,72.67,Good focus on practical sessions and mentoring.
TS157-SEM1-14,TS157,1,6,TS157-S14,58.82,72.25,False,50.28,66.75,76.37,70.15,61.38,"Campus has trees and nature, very peaceful."
TS158-SEM1-01,TS158,1,6,TS158-S01,75.06,63.47,True,69.32,74.24,74.5,70.95,81.95,"Campus has trees and nature, very peaceful."
TS158-SEM1-02,TS158,1,6,TS158-S02,62.0,53.67,False,50.09,56.49,63.54,72.69,57.53,Teaching incorporates both fundamentals and modern practical tools.
TS158-SEM1-03,TS158,1,6,TS158-S03,68.43,46.51,False,53.03,64.86,68.72,65.19,64.37,"Strictness is moderate, allowing good learning freedom."
TS158-SEM1-04,TS158,1,6,TS158-S04,66.3,58.09,False,58.47,74.61,64.98,56.91,63.07,"Campus has trees and nature, very peaceful."
TS158-SEM1-05,TS158,1,6,TS158-S05,83.08,59.5,True,79.5,88.09,75.55,64.97,80.08,"Campus has trees and nature, very peaceful."
TS158-SEM1-06,TS158,1,6,TS158-S06,74.43,52.45,False,68.04,65.89,70.89,61.34,60.3,Teaching incorporates both fundamentals and modern practical tools.
TS158-SEM1-07,TS158,1,6,TS158-S07,66.63,64.48,False,69.17,50.97,57.47,73.44,58.24,"Campus has trees and nature, very peaceful."
TS158-SEM1-08,TS158,1,6,TS158-S08,79.03,53.93,True,78.44,74.06,62.37,91.64,77.37,Career guidance is helpful from the beginning.
TS158-SEM1-09,TS158,1,6,TS158-S09,63.96,65.14,False,62.89,70.33,68.95,66.42,49.7,Career guidance is helpful from the beginning.
TS158-SEM1-10,TS158,1,6,TS158-S10,74.77,45.58,False,67.6,56.52,67.49,63.77,55.85,"Strictness is moderate, allowing good learning freedom."
TS158-SEM1-11,TS158,1,6,TS158-S11,67.19,69.16,False,56.58,68.53,61.33,66.32,58.49,Career guidance is helpful from the beginning.
TS158-SEM1-12,TS158,1,6,TS158-S12,72.92,52.76,False,64.53,60.21,67.03,67.61,61.24,Career guidance is helpful from the beginning.
TS158-SEM1-13,TS158,1,6,TS158-S13,69.53,54.1,False,62.87,58.43,71.6,68.11,51.44,"Campus has trees and nature, very peaceful."
TS158-SEM1-14,TS158,1,6,TS158-S14,68.49,52.01,False,66.75,68.57,64.01,69.44,57.87,Good focus on practical sessions and mentoring.
TS159-SEM1-01,TS159,1,6,TS159-S01,69.7,65.24,False,49.64,53.72,60.03,61.76,52.64,Career guidance is helpful from the beginning.
TS159-SEM1-02,TS159,1,6,TS159-S02,63.13,61.27,False,65.2,56.15,64.39,42.93,49.89,"Strictness is moderate, allowing good learning freedom."
TS159-SEM1-03,TS159,1,6,TS159-S03,60.54,74.36,False,61.18,54.7,61.35,70.92,60.69,Career guidance is helpful from the beginning.
TS159-SEM1-04,TS159,1,6,TS159-S04,69.57,39.91,False,50.51,69.1,70.4,63.39,50.87,"Campus has trees and nature, very peaceful."
TS159-SEM1-05,TS159,1,6,TS159-S05,86.4,66.06,True,69.19,80.97,66.55,75.48,63.88,Excellent labs and digital board infrastructure.
TS159-SEM1-06,TS159,1,6,TS159-S06,63.39,54.65,False,54.21,65.64,63.09,78.51,50.21,"Campus has trees and nature, very peaceful."
TS159-SEM1-07,TS159,1,6,TS159-S07,70.12,54.89,False,62.38,72.04,57.66,76.11,50.36,Teaching incorporates both fundamentals and modern practical tools.
TS159-SEM1-08,TS159,1,6,TS159-S08,78.18,76.55,True,73.37,51.17,71.02,64.1,74.74,"Strictness is moderate, allowing good learning freedom."
TS159-SEM1-09,TS159,1,6,TS159-S09,76.53,73.2,True,70.24,69.93,66.53,64.02,70.84,Career guidance is helpful from the beginning.
TS159-SEM1-10,TS159,1,6,TS159-S10,70.26,54.12,False,45.46,52.75,44.15,61.87,55.71,Teaching incorporates both fundamentals and modern practical tools.
TS159-SEM1-11,TS159,1,6,TS159-S11,55.9,64.37,False,55.17,53.56,57.75,70.02,49.03,Career guidance is helpful from the beginning.
TS159-SEM1-12,TS159,1,6,TS159-S12,72.47,65.47,False,50.97,71.04,61.92,62.2,65.72,Excellent labs and digital board infrastructure.
TS159-SEM1-13,TS159,1,6,TS159-S13,78.08,45.14,False,53.57,82.7,54.99,64.11,60.06,Good focus on practical sessions and mentoring.
TS159-SEM1-14,TS159,1,6,TS159-S14,75.91,69.96,True,70.06,66.63,69.08,68.3,69.5,Excellent labs and digital board infrastructure.
TS160-SEM1-01,TS160,1,6,TS160-S01,65.36,80.59,False,58.28,60.52,64.53,67.87,58.7,"Campus has trees and nature, very peaceful."
TS160-SEM1-02,TS160,1,6,TS160-S02,73.48,71.02,False,56.01,54.26,55.83,62.44,52.18,"Campus has trees and nature, very peaceful."
TS160-SEM1-03,TS160,1,6,TS160-S03,69.27,66.36,False,55.27,58.51,57.97,61.4,49.45,Teaching incorporates both fundamentals and modern practical tools.
TS160-SEM1-04,TS160,1,6,TS160-S04,61.98,60.8,False,46.94,57.67,53.28,52.49,62.12,Teaching incorporates both fundamentals and modern practical tools.
TS160-SEM1-05,TS160,1,6,TS160-S05,70.61,76.47,False,49.69,70.45,51.1,65.85,45.39,"Campus has trees and nature, very peaceful."
TS160-SEM1-06,TS160,1,6,TS160-S06,87.6,59.51,True,69.56,66.66,66.44,79.95,72.2,"Strictness is moderate, allowing good learning freedom."
TS160-SEM1-07,TS160,1,6,TS160-S07,72.97,67.19,False,64.35,53.53,47.59,58.21,45.74,"Campus has trees and nature, very peaceful."
TS160-SEM1-08,TS160,1,6,TS160-S08,66.71,53.53,False,52.71,58.85,58.04,60.41,55.82,"Campus has trees and nature, very peaceful."
TS160-SEM1-09,TS160,1,6,TS160-S09,75.21,77.81,True,64.76,77.31,65.22,76.58,72.46,Career guidance is helpful from the beginning.
TS160-SEM1-10,TS160,1,6,TS160-S10,71.25,63.03,False,52.07,50.04,46.13,60.63,51.85,Excellent labs and digital board infrastructure.
TS160-SEM1-11,TS160,1,6,TS160-S11,78.51,69.96,True,62.77,65.43,58.98,59.1,61.13,"Strictness is moderate, allowing good learning freedom."
TS160-SEM1-12,TS160,1,6,TS160-S12,80.25,80.57,True,66.51,55.72,63.05,75.46,73.0,Career guidance is helpful from the beginning.
TS160-SEM1-13,TS160,1,6,TS160-S13,76.13,74.1,True,64.43,89.31,53.76,67.12,69.86,Good focus on practical sessions and mentoring.
TS160-SEM1-14,TS160,1,6,TS160-S14,75.29,60.18,True,80.07,62.52,58.76,81.94,73.1,"Strictness is moderate, allowing good learning freedom."
TS161-SEM1-01,TS161,1,6,TS161-S01,70.04,64.2,False,53.47,78.33,65.3,73.09,56.78,Career guidance is helpful from the beginning.
TS161-SEM1-02,TS161,1,6,TS161-S02,76.46,74.91,True,79.35,86.73,73.88,88.59,73.16,"Campus has trees and nature, very peaceful."
TS161-SEM1-03,TS161,1,6,TS161-S03,69.47,54.23,False,65.14,68.38,61.31,81.51,67.84,Career guidance is helpful from the beginning.
TS161-SEM1-04,TS161,1,6,TS161-S04,70.03,48.33,False,71.97,74.32,66.89,72.16,54.79,Teaching incorporates both fundamentals and modern practical tools.
TS161-SEM1-05,TS161,1,6,TS161-S05,69.52,68.78,False,58.1,74.02,64.86,65.19,66.89,"Strictness is moderate, allowing good learning freedom."
TS161-SEM1-06,TS161,1,6,TS161-S06,75.56,65.31,True,64.03,76.61,64.15,79.28,78.42,"Campus has trees and nature, very peaceful."
TS161-SEM1-07,TS161,1,6,TS161-S07,72.85,73.79,False,51.8,64.16,66.86,73.11,52.21,Excellent labs and digital board infrastructure.
TS161-SEM1-08,TS161,1,6,TS161-S08,79.18,77.43,True,65.73,81.84,73.49,76.9,83.52,Career guidance is helpful from the beginning.
TS161-SEM1-09,TS161,1,6,TS161-S09,71.3,83.05,False,65.49,72.77,69.39,80.71,63.28,"Campus has trees and nature, very peaceful."
TS161-SEM1-10,TS161,1,6,TS161-S10,71.54,55.4,False,54.06,51.03,65.66,69.2,57.12,"Strictness is moderate, allowing good learning freedom."
TS161-SEM1-11,TS161,1,6,TS161-S11,78.17,60.88,True,71.35,72.79,65.5,82.87,82.55,Teaching incorporates both fundamentals and modern practical tools.
TS161-SEM1-12,TS161,1,6,TS161-S12,68.43,51.36,False,69.97,58.95,69.84,68.1,60.77,Teaching incorporates both fundamentals and modern practical tools.
TS161-SEM1-13,TS161,1,6,TS161-S13,78.46,66.76,True,83.17,82.87,90.2,68.3,68.19,"Strictness is moderate, allowing good learning freedom."
TS161-SEM1-14,TS161,1,6,TS161-S14,77.97,61.68,True,68.2,80.99,74.08,75.27,77.95,"Strictness is moderate, allowing good learning freedom."
TS162-SEM1-01,TS162,1,6,TS162-S01,77.66,65.7,True,68.34,58.26,60.73,72.9,67.73,Career guidance is helpful from the beginning.
TS162-SEM1-02,TS162,1,6,TS162-S02,78.84,70.26,True,70.26,67.25,64.51,70.01,59.63,"Campus has trees and nature, very peaceful."
TS162-SEM1-03,TS162,1,6,TS162-S03,79.46,57.0,True,67.8,70.42,58.69,67.08,73.23,Excellent labs and digital board infrastructure.
TS162-SEM1-04,TS162,1,6,TS162-S04,59.73,48.99,False,59.64,66.42,59.76,55.08,55.84,"Strictness is moderate, allowing good learning freedom."
TS162-SEM1-05,TS162,1,6,TS162-S05,64.78,60.63,False,46.42,59.44,53.11,63.71,54.43,"Strictness is moderate, allowing good learning freedom."
TS162-SEM1-06,TS162,1,6,TS162-S06,68.58,72.9,False,48.52,60.46,55.19,63.63,55.48,Good focus on practical sessions and mentoring.
TS162-SEM1-07,TS162,1,6,TS162-S07,79.81,62.83,True,65.68,83.26,63.64,54.67,72.51,Teaching incorporates both fundamentals and modern practical tools.
TS162-SEM1-08,TS162,1,6,TS162-S08,75.14,54.73,True,73.42,68.77,61.03,69.31,70.54,Good focus on practical sessions and mentoring.
TS162-SEM1-09,TS162,1,6,TS162-S09,65.01,61.9,False,49.86,72.43,62.73,58.44,52.67,Excellent labs and digital board infrastructure.
TS162-SEM1-10,TS162,1,6,TS162-S10,78.08,60.26,True,77.13,66.81,73.49,74.3,71.5,"Strictness is moderate, allowing good learning freedom."
TS162-SEM1-11,TS162,1,6,TS162-S11,69.34,64.36,False,52.79,54.4,60.92,53.03,50.57,Career guidance is helpful from the beginning.
TS162-SEM1-12,TS162,1,6,TS162-S12,70.05,48.35,False,58.21,58.91,64.76,57.7,50.23,Teaching incorporates both fundamentals and modern practical tools.
TS162-SEM1-13,TS162,1,6,TS162-S13,66.57,62.39,False,54.53,66.67,58.6,71.74,54.54,Good focus on practical sessions and mentoring.
TS162-SEM1-14,TS162,1,6,TS162-S14,66.08,51.29,False,57.47,52.59,61.24,64.55,56.86,Teaching incorporates both fundamentals and modern practical tools.
TS163-SEM1-01,TS163,1,6,TS163-S01,61.84,52.23,False,36.22,32.75,44.46,60.12,37.35,Good focus on practical sessions and mentoring.
TS163-SEM1-02,TS163,1,6,TS163-S02,70.95,80.0,False,26.43,15.72,35.49,52.61,34.76,"Strictness is moderate, allowing good learning freedom."
TS163-SEM1-03,TS163,1,6,TS163-S03,65.23,54.73,False,28.47,22.42,47.68,46.88,42.77,"Campus has trees and nature, very peaceful."
TS163-SEM1-04,TS163,1,6,TS163-S04,66.66,66.91,False,37.28,39.39,41.19,53.65,36.69,"Campus has trees and nature, very peaceful."
TS163-SEM1-05,TS163,1,6,TS163-S05,65.45,69.33,False,35.3,26.14,43.39,53.27,31.5,Career guidance is helpful from the beginning.
TS163-SEM1-06,TS163,1,6,TS163-S06,69.9,48.13,False,25.09,30.41,43.88,44.3,41.06,Excellent labs and digital board infrastructure.
TS163-SEM1-07,TS163,1,6,TS163-S07,70.77,59.99,False,34.19,40.21,35.13,46.97,31.18,Teaching incorporates both fundamentals and modern practical tools.
TS163-SEM1-08,TS163,1,6,TS163-S08,68.63,62.35,False,35.24,40.77,39.87,51.07,34.78,Excellent labs and digital board infrastructure.
TS163-SEM1-09,TS163,1,6,TS163-S09,80.42,58.98,True,54.39,39.82,49.41,68.77,47.03,Good focus on practical sessions and mentoring.
TS163-SEM1-10,TS163,1,6,TS163-S10,81.19,57.08,True,54.04,47.15,46.17,53.24,48.31,"Strictness is moderate, allowing good learning freedom."
TS163-SEM1-11,TS163,1,6,TS163-S11,72.04,60.16,False,37.07,21.07,40.03,55.32,38.64,Career guidance is helpful from the beginning.
TS163-SEM1-12,TS163,1,6,TS163-S12,72.14,87.62,False,32.46,31.66,32.67,45.32,42.86,"Campus has trees and nature, very peaceful."
TS163-SEM1-13,TS163,1,6,TS163-S13,69.81,46.72,False,41.15,35.47,44.07,45.96,28.88,"Campus has trees and nature, very peaceful."
TS163-SEM1-14,TS163,1,6,TS163-S14,70.9,67.55,False,35.49,35.46,37.24,50.29,33.91,Career guidance is helpful from the beginning.
TS164-SEM1-01,TS164,1,6,TS164-S01,62.04,57.8,False,43.85,39.5,54.97,60.01,56.03,Teaching incorporates both fundamentals and modern practical tools.
TS164-SEM1-02,TS164,1,6,TS164-S02,68.81,68.67,False,50.81,58.34,61.77,53.85,55.38,Excellent labs and digital board infrastructure.
TS164-SEM1-03,TS164,1,6,TS164-S03,64.72,68.57,False,58.2,61.33,50.07,53.78,51.51,Good focus on practical sessions and mentoring.
TS164-SEM1-04,TS164,1,6,TS164-S04,74.66,63.16,False,60.57,43.52,54.8,44.89,53.1,Excellent labs and digital board infrastructure.
TS164-SEM1-05,TS164,1,6,TS164-S05,75.33,95.49,True,67.98,65.92,61.41,62.8,69.38,"Campus has trees and nature, very peaceful."
TS164-SEM1-06,TS164,1,6,TS164-S06,60.21,63.97,False,52.6,67.92,55.34,50.42,51.34,Career guidance is helpful from the beginning.
TS164-SEM1-07,TS164,1,6,TS164-S07,72.45,60.69,False,44.32,52.64,53.1,53.72,53.66,"Campus has trees and nature, very peaceful."
TS164-SEM1-08,TS164,1,6,TS164-S08,67.95,59.79,False,55.24,51.73,69.04,56.51,43.79,"Strictness is moderate, allowing good learning freedom."
TS164-SEM1-09,TS164,1,6,TS164-S09,66.96,52.6,False,47.05,58.18,50.46,53.03,55.71,"Campus has trees and nature, very peaceful."
TS164-SEM1-10,TS164,1,6,TS164-S10,68.88,68.71,False,41.9,50.92,51.57,56.81,44.82,Good focus on practical sessions and mentoring.
TS164-SEM1-11,TS164,1,6,TS164-S11,84.42,45.61,False,58.81,60.91,57.55,55.34,59.27,Teaching incorporates both fundamentals and modern practical tools.
TS164-SEM1-12,TS164,1,6,TS164-S12,86.83,59.93,False,48.68,44.53,58.31,56.51,41.95,Teaching incorporates both fundamentals and modern practical tools.
TS164-SEM1-13,TS164,1,6,TS164-S13,74.74,64.83,False,48.39,48.55,58.12,64.67,51.99,"Strictness is moderate, allowing good learning freedom."
TS164-SEM1-14,TS164,1,6,TS164-S14,76.68,53.68,True,69.64,53.02,64.03,64.98,67.8,Good focus on practical sessions and mentoring.
TS165-SEM1-01,TS165,1,6,TS165-S01,76.29,57.37,True,76.69,76.97,74.47,62.59,77.41,Career guidance is helpful from the beginning.
TS165-SEM1-02,TS165,1,6,TS165-S02,69.53,60.08,False,62.36,72.09,75.38,65.49,57.22,Excellent labs and digital board infrastructure.
TS165-SEM1-03,TS165,1,6,TS165-S03,61.64,56.89,False,55.37,79.35,67.29,74.21,69.1,Career guidance is helpful from the beginning.
TS165-SEM1-04,TS165,1,6,TS165-S04,66.81,58.53,False,71.76,73.18,70.38,74.77,66.26,Excellent labs and digital board infrastructure.
TS165-SEM1-05,TS165,1,6,TS165-S05,74.46,75.96,False,63.36,75.82,66.89,74.7,58.27,Teaching incorporates both fundamentals and modern practical tools.
TS165-SEM1-06,TS165,1,6,TS165-S06,61.9,68.55,False,57.65,62.72,74.1,74.37,60.06,"Campus has trees and nature, very peaceful."
TS165-SEM1-07,TS165,1,6,TS165-S07,53.73,67.33,False,67.75,75.8,70.13,67.49,59.72,"Campus has trees and nature, very peaceful."
TS165-SEM1-08,TS165,1,6,TS165-S08,65.36,55.03,False,65.7,74.37,71.72,60.14,53.48,"Strictness is moderate, allowing good learning freedom."
TS165-SEM1-09,TS165,1,6,TS165-S09,69.72,51.8,False,64.89,61.19,73.68,63.64,69.74,Career guidance is helpful from the beginning.
TS165-SEM1-10,TS165,1,6,TS165-S10,75.15,51.45,True,79.37,83.0,74.45,78.37,82.4,Good focus on practical sessions and mentoring.
TS165-SEM1-11,TS165,1,6,TS165-S11,66.81,59.86,False,64.47,76.33,70.77,69.56,59.02,Excellent labs and digital board infrastructure.
TS165-SEM1-12,TS165,1,6,TS165-S12,68.39,50.09,False,67.33,66.74,66.82,70.0,61.79,"Campus has trees and nature, very peaceful."
TS165-SEM1-13,TS165,1,6,TS165-S13,71.97,52.95,False,65.39,69.17,67.34,75.52,64.3,"Strictness is moderate, allowing good learning freedom."
TS165-SEM1-14,TS165,1,6,TS165-S14,68.58,60.51,False,73.37,69.21,67.97,72.56,62.85,Career guidance is helpful from the beginning.
TS166-SEM1-01,TS166,1,6,TS166-S01,78.95,59.29,True,85.34,91.89,68.76,66.37,76.92,Good focus on practical sessions and mentoring.
TS166-SEM1-02,TS166,1,6,TS166-S02,74.59,56.86,False,65.14,83.78,59.4,63.06,53.49,Teaching incorporates both fundamentals and modern practical tools.
TS166-SEM1-03,TS166,1,6,TS166-S03,66.98,59.05,False,58.06,72.34,67.18,67.53,58.89,Good focus on practical sessions and mentoring.
TS166-SEM1-04,TS166,1,6,TS166-S04,70.71,58.49,False,60.93,71.53,56.81,67.47,56.08,Teaching incorporates both fundamentals and modern practical tools.
TS166-SEM1-05,TS166,1,6,TS166-S05,69.97,46.38,False,60.27,70.4,68.71,58.62,62.47,Career guidance is helpful from the beginning.
TS166-SEM1-06,TS166,1,6,TS166-S06,78.84,57.06,True,64.01,71.0,74.78,78.47,75.43,Good focus on practical sessions and mentoring.
TS166-SEM1-07,TS166,1,6,TS166-S07,88.02,65.14,True,84.15,68.15,75.07,67.16,71.64,"Strictness is moderate, allowing good learning freedom."
TS166-SEM1-08,TS166,1,6,TS166-S08,77.77,59.4,True,70.32,65.7,71.03,90.08,82.6,Career guidance is helpful from the beginning.
TS166-SEM1-09,TS166,1,6,TS166-S09,75.32,67.87,True,92.8,81.84,75.25,78.65,72.06,Teaching incorporates both fundamentals and modern practical tools.
TS166-SEM1-10,TS166,1,6,TS166-S10,66.72,59.54,False,68.37,57.79,66.09,64.49,52.55,"Strictness is moderate, allowing good learning freedom."
TS166-SEM1-11,TS166,1,6,TS166-S11,68.95,67.42,False,53.53,79.47,68.77,67.81,60.47,"Campus has trees and nature, very peaceful."
TS166-SEM1-12,TS166,1,6,TS166-S12,65.45,55.5,False,64.6,62.96,67.37,60.34,62.68,"Strictness is moderate, allowing good learning freedom."
TS166-SEM1-13,TS166,1,6,TS166-S13,75.16,45.72,False,62.83,56.0,57.12,62.17,74.41,"Campus has trees and nature, very peaceful."
TS166-SEM1-14,TS166,1,6,TS166-S14,76.65,75.92,True,77.66,85.34,70.23,75.56,84.31,"Strictness is moderate, allowing good learning freedom."
TS167-SEM1-01,TS167,1,6,TS167-S01,72.82,75.49,False,37.44,54.01,41.32,41.42,47.21,Teaching incorporates both fundamentals and modern practical tools.
TS167-SEM1-02,TS167,1,6,TS167-S02,64.74,59.58,False,57.39,56.03,43.54,42.79,40.38,Excellent labs and digital board infrastructure.
TS167-SEM1-03,TS167,1,6,TS167-S03,79.87,51.98,True,61.51,44.38,49.67,52.68,59.06,Excellent labs and digital board infrastructure.
TS167-SEM1-04,TS167,1,6,TS167-S04,63.81,65.54,False,46.55,42.53,55.53,48.22,36.2,"Campus has trees and nature, very peaceful."
TS167-SEM1-05,TS167,1,6,TS167-S05,81.72,56.77,True,54.31,62.82,51.82,50.66,58.43,"Campus has trees and nature, very peaceful."
TS167-SEM1-06,TS167,1,6,TS167-S06,68.99,72.72,False,35.68,47.53,47.67,45.44,46.07,Good focus on practical sessions and mentoring.
TS167-SEM1-07,TS167,1,6,TS167-S07,62.98,67.68,False,35.76,43.76,40.49,44.19,38.34,"Strictness is moderate, allowing good learning freedom."
TS167-SEM1-08,TS167,1,6,TS167-S08,81.83,64.41,True,50.58,63.75,62.42,58.41,52.67,"Strictness is moderate, allowing good learning freedom."
TS167-SEM1-09,TS167,1,6,TS167-S09,69.22,63.08,False,39.76,68.09,44.82,45.93,38.23,"Strictness is moderate, allowing good learning freedom."
TS167-SEM1-10,TS167,1,6,TS167-S10,73.39,75.82,False,43.92,46.07,41.86,53.44,40.51,"Strictness is moderate, allowing good learning freedom."
TS167-SEM1-11,TS167,1,6,TS167-S11,70.88,38.61,False,42.46,44.62,38.1,52.12,38.55,Good focus on practical sessions and mentoring.
TS167-SEM1-12,TS167,1,6,TS167-S12,83.37,76.14,True,65.44,70.71,51.43,46.99,48.45,"Campus has trees and nature, very peaceful."
TS167-SEM1-13,TS167,1,6,TS167-S13,74.28,52.27,False,45.69,43.28,43.33,42.82,34.73,Excellent labs and digital board infrastructure.
TS167-SEM1-14,TS167,1,6,TS167-S14,68.63,54.63,False,43.14,48.66,41.87,52.79,40.43,Good focus on practical sessions and mentoring.
TS168-SEM1-01,TS168,1,6,TS168-S01,79.18,68.18,True,59.84,49.59,76.45,64.33,74.28,Teaching incorporates both fundamentals and modern practical tools.
TS168-SEM1-02,TS168,1,6,TS168-S02,68.81,51.2,False,52.56,51.24,60.44,67.39,47.48,Good focus on practical sessions and mentoring.
TS168-SEM1-03,TS168,1,6,TS168-S03,63.36,50.03,False,38.74,51.66,56.38,55.65,44.12,Good focus on practical sessions and mentoring.
TS168-SEM1-04,TS168,1,6,TS168-S04,71.9,55.68,False,51.16,50.92,57.68,59.11,47.99,Good focus on practical sessions and mentoring.
TS168-SEM1-05,TS168,1,6,TS168-S05,60.71,61.5,False,52.97,52.44,65.99,63.48,49.65,Career guidance is helpful from the beginning.
TS168-SEM1-06,TS168,1,6,TS168-S06,74.99,83.13,False,53.95,36.07,58.6,57.23,40.82,Teaching incorporates both fundamentals and modern practical tools.
TS168-SEM1-07,TS168,1,6,TS168-S07,82.19,76.81,True,61.04,65.14,59.01,68.69,64.87,"Campus has trees and nature, very peaceful."
TS168-SEM1-08,TS168,1,6,TS168-S08,69.6,47.96,False,57.4,63.49,55.93,62.29,53.58,Excellent labs and digital board infrastructure.
TS168-SEM1-09,TS168,1,6,TS168-S09,72.01,79.3,False,44.54,60.75,55.86,55.78,61.67,Excellent labs and digital board infrastructure.
TS168-SEM1-10,TS168,1,6,TS168-S10,86.31,59.92,True,63.61,61.38,57.77,61.82,77.66,"Campus has trees and nature, very peaceful."
TS168-SEM1-11,TS168,1,6,TS168-S11,71.77,62.51,False,47.57,55.38,48.92,57.86,44.44,Career guidance is helpful from the beginning.
TS168-SEM1-12,TS168,1,6,TS168-S12,79.76,45.48,False,45.36,37.48,51.99,59.75,55.32,Excellent labs and digital board infrastructure.
TS168-SEM1-13,TS168,1,6,TS168-S13,70.67,57.89,False,54.23,50.31,68.48,58.96,52.5,Good focus on practical sessions and mentoring.
TS168-SEM1-14,TS168,1,6,TS168-S14,76.96,55.8,True,63.43,66.05,63.94,68.66,62.66,Excellent labs and digital board infrastructure.
TS169-SEM1-01,TS169,1,6,TS169-S01,66.79,70.17,False,61.87,49.44,62.65,77.99,54.75,Teaching incorporates both fundamentals and modern practical tools.
TS169-SEM1-02,TS169,1,6,TS169-S02,77.54,77.77,True,71.7,75.79,63.28,68.8,69.99,Teaching incorporates both fundamentals and modern practical tools.
TS169-SEM1-03,TS169,1,6,TS169-S03,60.69,45.97,False,58.81,59.37,55.02,70.99,48.68,"Campus has trees and nature, very peaceful."
TS169-SEM1-04,TS169,1,6,TS169-S04,73.54,57.85,False,56.87,62.96,64.01,65.9,57.13,Career guidance is helpful from the beginning.
TS169-SEM1-05,TS169,1,6,TS169-S05,64.36,73.35,False,49.86,54.92,58.47,63.75,51.8,"Strictness is moderate, allowing good learning freedom."
TS169-SEM1-06,TS169,1,6,TS169-S06,71.05,78.19,False,48.45,55.75,54.66,65.69,50.59,"Strictness is moderate, allowing good learning freedom."
TS169-SEM1-07,TS169,1,6,TS169-S07,72.23,48.75,False,63.98,56.35,60.92,66.62,47.97,Career guidance is helpful from the beginning.
TS169-SEM1-08,TS169,1,6,TS169-S08,68.31,63.7,False,45.65,42.53,56.12,54.8,52.51,Excellent labs and digital board infrastructure.
TS169-SEM1-09,TS169,1,6,TS169-S09,75.13,69.5,True,70.09,67.0,67.1,70.57,74.22,Career guidance is helpful from the beginning.
TS169-SEM1-10,TS169,1,6,TS169-S10,77.53,71.18,True,79.29,65.98,64.17,65.96,71.7,Career guidance is helpful from the beginning.
TS169-SEM1-11,TS169,1,6,TS169-S11,65.5,55.87,False,49.39,58.52,62.0,51.04,50.96,Excellent labs and digital board infrastructure.
TS169-SEM1-12,TS169,1,6,TS169-S12,82.95,68.3,True,66.24,68.07,67.15,63.87,69.76,Teaching incorporates both fundamentals and modern practical tools.
TS169-SEM1-13,TS169,1,6,TS169-S13,69.17,47.11,False,48.29,54.17,55.99,59.84,46.2,Good focus on practical sessions and mentoring.
TS169-SEM1-14,TS169,1,6,TS169-S14,76.81,82.8,True,77.01,70.78,68.55,69.17,67.65,"Campus has trees and nature, very peaceful."
TS170-SEM1-01,TS170,1,6,TS170-S01,87.35,66.36,True,98.33,99.72,93.42,100.0,100.0,"Strictness is moderate, allowing good learning freedom."
TS170-SEM1-02,TS170,1,6,TS170-S02,76.58,60.6,False,79.53,100.0,91.23,93.71,84.34,Teaching incorporates both fundamentals and modern practical tools.
TS170-SEM1-03,TS170,1,6,TS170-S03,88.73,51.05,True,100.0,100.0,89.92,86.44,100.0,Career guidance is helpful from the beginning.
TS170-SEM1-04,TS170,1,6,TS170-S04,84.91,76.47,True,87.98,96.86,94.96,94.06,91.5,Career guidance is helpful from the beginning.
TS170-SEM1-05,TS170,1,6,TS170-S05,85.51,83.66,True,97.98,95.88,93.66,100.0,100.0,"Strictness is moderate, allowing good learning freedom."
TS170-SEM1-06,TS170,1,6,TS170-S06,88.45,85.54,True,100.0,100.0,92.8,98.11,91.16,Excellent labs and digital board infrastructure.
TS170-SEM1-07,TS170,1,6,TS170-S07,82.16,91.74,True,98.36,100.0,99.12,100.0,96.18,"Campus has trees and nature, very peaceful."
TS170-SEM1-08,TS170,1,6,TS170-S08,97.93,71.83,True,97.2,93.38,98.19,87.44,100.0,Good focus on practical sessions and mentoring.
TS170-SEM1-09,TS170,1,6,TS170-S09,85.98,89.83,True,100.0,95.01,98.06,83.98,100.0,Excellent labs and digital board infrastructure.
TS170-SEM1-10,TS170,1,6,TS170-S10,84.32,79.77,True,96.75,97.85,93.95,100.0,100.0,"Strictness is moderate, allowing good learning freedom."
TS170-SEM1-11,TS170,1,6,TS170-S11,82.6,70.1,True,100.0,97.39,100.0,92.75,100.0,Excellent labs and digital board infrastructure.
TS170-SEM1-12,TS170,1,6,TS170-S12,76.29,82.73,True,93.02,98.81,100.0,92.47,100.0,Good focus on practical sessions and mentoring.
TS170-SEM1-13,TS170,1,6,TS170-S13,84.01,74.58,True,100.0,99.95,100.0,98.74,100.0,Good focus on practical sessions and mentoring.
TS170-SEM1-14,TS170,1,6,TS170-S14,84.24,65.12,True,96.84,96.95,100.0,98.84,99.91,Career guidance is helpful from the beginning.
TS171-SEM1-01,TS171,1,6,TS171-S01,71.59,48.66,False,63.8,65.08,57.09,60.17,53.99,Excellent labs and digital board infrastructure.
TS171-SEM1-02,TS171,1,6,TS171-S02,71.81,64.57,False,60.88,60.03,69.87,64.83,49.59,Teaching incorporates both fundamentals and modern practical tools.
TS171-SEM1-03,TS171,1,6,TS171-S03,62.34,78.36,False,61.16,58.16,64.35,65.43,58.27,Teaching incorporates both fundamentals and modern practical tools.
TS171-SEM1-04,TS171,1,6,TS171-S04,69.76,72.55,False,54.95,49.29,53.65,63.04,62.44,Excellent labs and digital board infrastructure.
TS171-SEM1-05,TS171,1,6,TS171-S05,69.26,48.21,False,59.81,51.3,69.85,70.92,49.75,Good focus on practical sessions and mentoring.
TS171-SEM1-06,TS171,1,6,TS171-S06,70.96,54.45,False,51.14,56.06,66.2,63.98,53.52,"Campus has trees and nature, very peaceful."
TS171-SEM1-07,TS171,1,6,TS171-S07,58.76,55.34,False,61.41,45.78,68.52,60.97,57.07,Good focus on practical sessions and mentoring.
TS171-SEM1-08,TS171,1,6,TS171-S08,69.61,50.24,False,60.75,51.73,57.94,50.21,62.62,Good focus on practical sessions and mentoring.
TS171-SEM1-09,TS171,1,6,TS171-S09,72.04,73.07,False,61.83,65.36,59.28,56.24,59.92,"Campus has trees and nature, very peaceful."
TS171-SEM1-10,TS171,1,6,TS171-S10,72.78,57.34,False,62.56,58.98,65.3,58.34,60.99,"Strictness is moderate, allowing good learning freedom."
TS171-SEM1-11,TS171,1,6,TS171-S11,71.97,72.85,False,63.91,62.0,61.55,68.73,61.66,Good focus on practical sessions and mentoring.
TS171-SEM1-12,TS171,1,6,TS171-S12,75.64,64.03,True,68.95,78.62,60.69,71.68,72.07,"Campus has trees and nature, very peaceful."
TS171-SEM1-13,TS171,1,6,TS171-S13,68.15,65.05,False,51.35,73.73,55.34,58.76,50.88,Excellent labs and digital board infrastructure.
TS171-SEM1-14,TS171,1,6,TS171-S14,73.19,72.15,False,61.26,68.29,57.97,68.42,54.59,"Campus has trees and nature, very peaceful."
TS172-SEM1-01,TS172,1,6,TS172-S01,76.36,54.54,True,75.27,81.98,68.21,58.55,80.38,Teaching incorporates both fundamentals and modern practical tools.
TS172-SEM1-02,TS172,1,6,TS172-S02,80.61,67.36,False,70.11,63.15,72.0,58.23,61.38,"Campus has trees and nature, very peaceful."
TS172-SEM1-03,TS172,1,6,TS172-S03,70.86,56.54,False,64.55,64.29,65.41,60.87,63.73,Good focus on practical sessions and mentoring.
TS172-SEM1-04,TS172,1,6,TS172-S04,65.4,66.17,False,61.99,67.91,65.62,68.01,67.73,"Strictness is moderate, allowing good learning freedom."
TS172-SEM1-05,TS172,1,6,TS172-S05,65.7,67.25,False,73.63,58.74,64.6,66.12,56.41,Excellent labs and digital board infrastructure.
TS172-SEM1-06,TS172,1,6,TS172-S06,67.33,51.85,False,69.43,60.79,67.53,57.22,68.69,"Campus has trees and nature, very peaceful."
TS172-SEM1-07,TS172,1,6,TS172-S07,66.84,47.92,False,56.27,71.87,72.78,69.2,56.64,Good focus on practical sessions and mentoring.
TS172-SEM1-08,TS172,1,6,TS172-S08,70.61,86.27,False,63.14,61.82,68.84,64.89,65.52,"Strictness is moderate, allowing good learning freedom."
TS172-SEM1-09,TS172,1,6,TS172-S09,68.31,56.15,False,63.17,60.48,62.78,72.56,60.91,"Campus has trees and nature, very peaceful."
TS172-SEM1-10,TS172,1,6,TS172-S10,69.9,58.81,False,64.47,69.8,66.62,68.55,65.94,Excellent labs and digital board infrastructure.
TS172-SEM1-11,TS172,1,6,TS172-S11,70.85,55.34,False,71.46,65.03,62.74,67.84,59.32,Excellent labs and digital board infrastructure.
TS172-SEM1-12,TS172,1,6,TS172-S12,77.21,36.86,False,62.74,75.6,68.97,65.3,58.44,Teaching incorporates both fundamentals and modern practical tools.
TS172-SEM1-13,TS172,1,6,TS172-S13,74.09,62.04,False,66.41,82.64,75.47,66.46,66.97,Excellent labs and digital board infrastructure.
TS172-SEM1-14,TS172,1,6,TS172-S14,66.55,57.29,False,55.75,56.17,64.52,61.54,56.82,"Strictness is moderate, allowing good learning freedom."
TS173-SEM1-01,TS173,1,6,TS173-S01,76.82,74.81,True,75.24,85.48,71.85,77.68,86.73,Good focus on practical sessions and mentoring.
TS173-SEM1-02,TS173,1,6,TS173-S02,72.52,70.55,False,71.16,76.93,75.11,67.3,68.87,Excellent labs and digital board infrastructure.
TS173-SEM1-03,TS173,1,6,TS173-S03,78.4,82.14,True,81.68,86.67,87.17,80.67,86.36,Excellent labs and digital board infrastructure.
TS173-SEM1-04,TS173,1,6,TS173-S04,84.25,87.53,True,75.0,73.12,83.74,81.49,84.14,Good focus on practical sessions and mentoring.
TS173-SEM1-05,TS173,1,6,TS173-S05,78.48,76.81,True,86.3,77.01,71.6,74.67,78.66,Good focus on practical sessions and mentoring.
TS173-SEM1-06,TS173,1,6,TS173-S06,73.58,90.7,False,55.82,79.63,77.95,79.07,68.81,"Strictness is moderate, allowing good learning freedom."
TS173-SEM1-07,TS173,1,6,TS173-S07,89.92,92.83,True,86.1,96.08,76.11,78.68,82.29,Excellent labs and digital board infrastructure.
TS173-SEM1-08,TS173,1,6,TS173-S08,84.77,56.02,True,86.62,90.6,68.6,73.91,92.87,"Strictness is moderate, allowing good learning freedom."
TS173-SEM1-09,TS173,1,6,TS173-S09,80.94,57.76,True,87.49,90.13,79.67,86.96,81.91,Excellent labs and digital board infrastructure.
TS173-SEM1-10,TS173,1,6,TS173-S10,85.24,76.35,True,81.15,83.13,80.58,78.39,89.08,"Campus has trees and nature, very peaceful."
TS173-SEM1-11,TS173,1,6,TS173-S11,78.78,90.68,True,88.94,93.58,81.25,80.61,81.77,Excellent labs and digital board infrastructure.
TS173-SEM1-12,TS173,1,6,TS173-S12,78.9,77.2,True,90.52,82.24,78.45,70.16,88.64,Teaching incorporates both fundamentals and modern practical tools.
TS173-SEM1-13,TS173,1,6,TS173-S13,85.32,84.77,True,88.15,92.52,83.47,84.73,76.21,Teaching incorporates both fundamentals and modern practical tools.
TS173-SEM1-14,TS173,1,6,TS173-S14,75.4,62.37,True,78.72,80.89,80.45,72.69,87.32,Teaching incorporates both fundamentals and modern practical tools.
TS174-SEM1-01,TS174,1,6,TS174-S01,76.07,49.84,False,50.1,60.99,42.83,58.08,40.81,Teaching incorporates both fundamentals and modern practical tools.
TS174-SEM1-02,TS174,1,6,TS174-S02,73.27,79.88,False,54.78,44.5,52.16,58.47,42.97,"Strictness is moderate, allowing good learning freedom."
TS174-SEM1-03,TS174,1,6,TS174-S03,69.84,58.12,False,52.47,44.12,56.18,47.33,47.0,Excellent labs and digital board infrastructure.
TS174-SEM1-04,TS174,1,6,TS174-S04,70.65,68.0,False,48.93,67.94,58.0,46.3,53.88,"Campus has trees and nature, very peaceful."
TS174-SEM1-05,TS174,1,6,TS174-S05,73.92,63.7,False,54.14,48.09,46.16,51.22,44.02,"Strictness is moderate, allowing good learning freedom."
TS174-SEM1-06,TS174,1,6,TS174-S06,84.44,54.36,False,50.21,66.27,48.08,41.4,54.03,Good focus on practical sessions and mentoring.
TS174-SEM1-07,TS174,1,6,TS174-S07,72.48,70.1,False,54.19,64.65,51.16,47.18,37.07,Excellent labs and digital board infrastructure.
TS174-SEM1-08,TS174,1,6,TS174-S08,66.03,62.62,False,44.85,47.29,53.31,59.13,46.77,Career guidance is helpful from the beginning.
TS174-SEM1-09,TS174,1,6,TS174-S09,65.2,74.72,False,44.41,68.25,51.74,51.69,54.86,Excellent labs and digital board infrastructure.
TS174-SEM1-10,TS174,1,6,TS174-S10,63.89,51.5,False,47.09,55.3,66.26,45.74,40.53,"Strictness is moderate, allowing good learning freedom."
TS174-SEM1-11,TS174,1,6,TS174-S11,66.38,64.32,False,52.01,50.76,53.16,62.74,47.23,Teaching incorporates both fundamentals and modern practical tools.
TS174-SEM1-12,TS174,1,6,TS174-S12,73.93,80.89,False,44.87,50.31,50.71,47.9,37.95,Career guidance is helpful from the beginning.
TS174-SEM1-13,TS174,1,6,TS174-S13,72.83,64.17,False,47.94,58.39,54.34,43.17,48.5,"Strictness is moderate, allowing good learning freedom."
TS174-SEM1-14,TS174,1,6,TS174-S14,75.35,46.03,False,57.83,46.53,47.36,52.28,49.73,Excellent labs and digital board infrastructure.
TS175-SEM1-01,TS175,1,6,TS175-S01,74.34,60.53,False,49.15,69.26,63.14,54.37,55.5,"Campus has trees and nature, very peaceful."
TS175-SEM1-02,TS175,1,6,TS175-S02,72.97,73.78,False,56.13,74.66,61.83,63.53,54.84,"Strictness is moderate, allowing good learning freedom."
TS175-SEM1-03,TS175,1,6,TS175-S03,68.0,51.02,False,57.82,60.21,69.04,50.53,52.57,"Campus has trees and nature, very peaceful."
TS175-SEM1-04,TS175,1,6,TS175-S04,75.49,73.86,True,78.37,75.91,68.69,74.83,82.47,Career guidance is helpful from the beginning.
TS175-SEM1-05,TS175,1,6,TS175-S05,76.29,73.07,True,64.78,76.24,76.5,67.08,73.7,Good focus on practical sessions and mentoring.
TS175-SEM1-06,TS175,1,6,TS175-S06,81.05,65.69,True,74.27,80.88,72.08,70.56,81.17,"Strictness is moderate, allowing good learning freedom."
TS175-SEM1-07,TS175,1,6,TS175-S07,69.29,65.56,False,65.65,65.5,55.48,50.31,51.82,Career guidance is helpful from the beginning.
TS175-SEM1-08,TS175,1,6,TS175-S08,69.25,54.54,False,64.19,64.34,68.33,48.98,54.25,"Campus has trees and nature, very peaceful."
TS175-SEM1-09,TS175,1,6,TS175-S09,72.63,70.11,False,64.88,62.25,66.99,45.67,60.38,Career guidance is helpful from the beginning.
TS175-SEM1-10,TS175,1,6,TS175-S10,63.95,66.47,False,64.8,73.65,53.82,53.08,59.6,Teaching incorporates both fundamentals and modern practical tools.
TS175-SEM1-11,TS175,1,6,TS175-S11,76.13,64.76,True,79.21,87.57,69.84,64.13,76.54,"Strictness is moderate, allowing good learning freedom."
TS175-SEM1-12,TS175,1,6,TS175-S12,80.76,64.51,True,74.31,76.47,69.02,52.16,76.63,Teaching incorporates both fundamentals and modern practical tools.
TS175-SEM1-13,TS175,1,6,TS175-S13,79.03,72.2,True,71.7,77.72,74.98,67.96,81.45,Good focus on practical sessions and mentoring.
TS175-SEM1-14,TS175,1,6,TS175-S14,67.96,55.21,False,56.02,59.01,55.41,58.57,58.02,Career guidance is helpful from the beginning.
TS176-SEM1-01,TS176,1,6,TS176-S01,82.96,68.17,False,56.97,54.27,45.31,71.78,46.72,Career guidance is helpful from the beginning.
TS176-SEM1-02,TS176,1,6,TS176-S02,58.46,46.0,False,56.27,40.1,60.25,62.28,51.07,Career guidance is helpful from the beginning.
TS176-SEM1-03,TS176,1,6,TS176-S03,70.46,67.23,False,51.4,52.46,48.17,63.94,38.42,Career guidance is helpful from the beginning.
TS176-SEM1-04,TS176,1,6,TS176-S04,77.59,63.97,True,47.8,53.76,57.97,72.84,60.79,Good focus on practical sessions and mentoring.
TS176-SEM1-05,TS176,1,6,TS176-S05,87.29,59.37,True,62.38,55.16,54.58,74.86,68.07,"Campus has trees and nature, very peaceful."
TS176-SEM1-06,TS176,1,6,TS176-S06,75.1,74.77,True,57.1,68.43,54.87,65.93,65.27,Excellent labs and digital board infrastructure.
TS176-SEM1-07,TS176,1,6,TS176-S07,71.12,44.09,False,43.7,52.59,50.45,68.55,53.99,Good focus on practical sessions and mentoring.
TS176-SEM1-08,TS176,1,6,TS176-S08,65.28,62.6,False,59.0,51.69,51.47,66.95,46.13,"Campus has trees and nature, very peaceful."
TS176-SEM1-09,TS176,1,6,TS176-S09,79.63,56.05,True,68.24,63.57,61.04,57.34,63.73,"Strictness is moderate, allowing good learning freedom."
TS176-SEM1-10,TS176,1,6,TS176-S10,77.18,54.16,True,65.11,61.17,67.29,66.75,64.15,"Campus has trees and nature, very peaceful."
TS176-SEM1-11,TS176,1,6,TS176-S11,70.73,62.81,False,54.1,40.98,57.84,62.2,50.27,"Strictness is moderate, allowing good learning freedom."
TS176-SEM1-12,TS176,1,6,TS176-S12,86.35,56.88,True,64.66,65.58,64.86,65.56,61.35,"Campus has trees and nature, very peaceful."
TS176-SEM1-13,TS176,1,6,TS176-S13,62.8,48.33,False,47.01,51.83,63.83,51.64,49.18,Career guidance is helpful from the beginning.
TS176-SEM1-14,TS176,1,6,TS176-S14,67.64,64.23,False,46.18,61.05,58.65,61.11,54.7,Good focus on practical sessions and mentoring.
TS177-SEM1-01,TS177,1,6,TS177-S01,84.22,43.93,False,39.22,51.51,39.78,45.1,30.73,"Campus has trees and nature, very peaceful."
TS177-SEM1-02,TS177,1,6,TS177-S02,80.68,74.1,True,41.1,40.96,35.3,44.1,54.4,Excellent labs and digital board infrastructure.
TS177-SEM1-03,TS177,1,6,TS177-S03,72.48,60.77,False,44.17,41.36,37.25,34.42,44.26,Excellent labs and digital board infrastructure.
TS177-SEM1-04,TS177,1,6,TS177-S04,75.73,58.1,True,52.81,45.6,44.48,40.47,59.62,Teaching incorporates both fundamentals and modern practical tools.
TS177-SEM1-05,TS177,1,6,TS177-S05,76.75,57.9,True,50.08,51.73,48.29,27.87,36.79,"Campus has trees and nature, very peaceful."
TS177-SEM1-06,TS177,1,6,TS177-S06,73.36,53.47,False,26.19,32.4,44.65,35.68,37.88,Good focus on practical sessions and mentoring.
TS177-SEM1-07,TS177,1,6,TS177-S07,74.72,52.81,False,40.68,43.66,39.44,33.89,37.99,Career guidance is helpful from the beginning.
TS177-SEM1-08,TS177,1,6,TS177-S08,67.5,72.88,False,39.42,38.99,47.68,25.77,31.72,Teaching incorporates both fundamentals and modern practical tools.
TS177-SEM1-09,TS177,1,6,TS177-S09,67.91,65.58,False,43.12,31.11,56.55,29.56,35.83,"Campus has trees and nature, very peaceful."
TS177-SEM1-10,TS177,1,6,TS177-S10,72.02,62.46,False,31.27,47.51,35.76,22.92,28.42,Career guidance is helpful from the beginning.
TS177-SEM1-11,TS177,1,6,TS177-S11,80.67,74.5,True,54.91,33.12,46.89,33.29,56.48,Good focus on practical sessions and mentoring.
TS177-SEM1-12,TS177,1,6,TS177-S12,75.33,71.8,True,48.88,36.98,41.87,46.23,53.86,Good focus on practical sessions and mentoring.
TS177-SEM1-13,TS177,1,6,TS177-S13,72.63,74.62,False,28.22,44.73,34.13,42.4,36.75,Teaching incorporates both fundamentals and modern practical tools.
TS177-SEM1-14,TS177,1,6,TS177-S14,77.79,54.98,True,62.02,52.42,52.9,38.72,45.68,Teaching incorporates both fundamentals and modern practical tools.
TS178-SEM1-01,TS178,1,6,TS178-S01,80.32,68.34,True,74.87,86.21,69.87,55.59,70.22,"Campus has trees and nature, very peaceful."
TS178-SEM1-02,TS178,1,6,TS178-S02,78.11,71.99,True,82.2,68.56,70.68,66.41,66.72,Career guidance is helpful from the beginning.
TS178-SEM1-03,TS178,1,6,TS178-S03,71.34,85.8,False,51.84,66.39,55.6,51.2,48.3,Excellent labs and digital board infrastructure.
TS178-SEM1-04,TS178,1,6,TS178-S04,77.65,53.29,True,68.18,72.41,70.43,54.1,74.39,Career guidance is helpful from the beginning.
TS178-SEM1-05,TS178,1,6,TS178-S05,74.1,73.4,False,51.62,54.85,64.67,65.27,52.41,Good focus on practical sessions and mentoring.
TS178-SEM1-06,TS178,1,6,TS178-S06,64.59,58.83,False,51.29,64.57,55.97,62.64,56.44,Good focus on practical sessions and mentoring.
TS178-SEM1-07,TS178,1,6,TS178-S07,78.02,37.77,False,46.82,71.73,57.77,48.0,54.36,"Campus has trees and nature, very peaceful."
TS178-SEM1-08,TS178,1,6,TS178-S08,73.45,60.42,False,60.18,64.05,62.77,64.89,55.3,Excellent labs and digital board infrastructure.
TS178-SEM1-09,TS178,1,6,TS178-S09,71.74,70.03,False,60.69,54.16,60.91,59.43,52.44,"Strictness is moderate, allowing good learning freedom."
TS178-SEM1-10,TS178,1,6,TS178-S10,68.76,48.09,False,40.08,58.39,62.01,50.23,62.26,"Campus has trees and nature, very peaceful."
TS178-SEM1-11,TS178,1,6,TS178-S11,65.72,71.13,False,59.88,78.8,64.07,48.12,60.64,Good focus on practical sessions and mentoring.
TS178-SEM1-12,TS178,1,6,TS178-S12,82.19,44.28,False,61.21,68.27,60.31,42.27,53.89,Good focus on practical sessions and mentoring.
TS178-SEM1-13,TS178,1,6,TS178-S13,68.51,77.3,False,56.84,58.09,58.44,58.75,55.66,Career guidance is helpful from the beginning.
TS178-SEM1-14,TS178,1,6,TS178-S14,67.26,64.64,False,54.03,40.65,64.71,60.24,56.37,Excellent labs and digital board infrastructure.
TS179-SEM1-01,TS179,1,6,TS179-S01,60.61,84.56,False,54.66,68.25,59.07,56.92,53.96,Career guidance is helpful from the beginning.
TS179-SEM1-02,TS179,1,6,TS179-S02,64.53,37.2,False,64.1,67.4,56.57,62.26,59.26,Career guidance is helpful from the beginning.
TS179-SEM1-03,TS179,1,6,TS179-S03,67.84,66.12,False,63.19,51.53,63.81,61.74,64.55,"Campus has trees and nature, very peaceful."
TS179-SEM1-04,TS179,1,6,TS179-S04,75.34,57.89,False,69.29,60.2,64.08,58.12,60.55,Career guidance is helpful from the beginning.
TS179-SEM1-05,TS179,1,6,TS179-S05,78.78,61.77,True,68.56,59.22,68.65,67.03,69.06,Teaching incorporates both fundamentals and modern practical tools.
TS179-SEM1-06,TS179,1,6,TS179-S06,60.99,64.06,False,59.14,66.19,56.2,61.93,54.25,Teaching incorporates both fundamentals and modern practical tools.
TS179-SEM1-07,TS179,1,6,TS179-S07,77.19,52.25,True,80.21,73.97,70.16,71.25,68.02,Career guidance is helpful from the beginning.
TS179-SEM1-08,TS179,1,6,TS179-S08,69.08,63.84,False,69.31,53.47,69.33,58.39,54.97,Excellent labs and digital board infrastructure.
TS179-SEM1-09,TS179,1,6,TS179-S09,79.31,82.21,True,78.13,65.68,65.5,58.44,70.57,Career guidance is helpful from the beginning.
TS179-SEM1-10,TS179,1,6,TS179-S10,75.39,64.12,True,83.47,71.95,64.75,73.51,79.47,Good focus on practical sessions and mentoring.
TS179-SEM1-11,TS179,1,6,TS179-S11,74.65,69.06,False,60.44,55.13,55.05,59.25,54.14,Good focus on practical sessions and mentoring.
TS179-SEM1-12,TS179,1,6,TS179-S12,73.66,60.69,False,46.93,46.14,64.83,55.57,53.98,Excellent labs and digital board infrastructure.
TS179-SEM1-13,TS179,1,6,TS179-S13,68.65,52.87,False,51.51,71.2,59.95,63.36,58.99,"Campus has trees and nature, very peaceful."
TS179-SEM1-14,TS179,1,6,TS179-S14,73.9,70.02,False,57.23,73.95,65.26,65.29,50.45,Teaching incorporates both fundamentals and modern practical tools.
TS180-SEM1-01,TS180,1,6,TS180-S01,70.94,53.79,False,54.19,62.31,63.89,59.79,62.45,Teaching incorporates both fundamentals and modern practical tools.
TS180-SEM1-02,TS180,1,6,TS180-S02,72.11,51.35,False,69.43,66.85,57.05,80.45,64.5,"Campus has trees and nature, very peaceful."
TS180-SEM1-03,TS180,1,6,TS180-S03,66.55,58.77,False,56.98,51.4,65.35,76.09,61.01,Career guidance is helpful from the beginning.
TS180-SEM1-04,TS180,1,6,TS180-S04,72.2,71.42,False,52.91,81.06,59.87,67.06,54.85,Excellent labs and digital board infrastructure.
TS180-SEM1-05,TS180,1,6,TS180-S05,68.11,60.07,False,58.34,67.55,59.63,72.02,52.27,"Strictness is moderate, allowing good learning freedom."
TS180-SEM1-06,TS180,1,6,TS180-S06,76.39,69.2,True,71.5,71.32,72.28,72.7,75.9,"Strictness is moderate, allowing good learning freedom."
TS180-SEM1-07,TS180,1,6,TS180-S07,71.09,88.3,False,52.36,45.18,60.54,60.73,54.09,Career guidance is helpful from the beginning.
TS180-SEM1-08,TS180,1,6,TS180-S08,64.21,52.95,False,53.34,74.22,63.48,77.48,57.93,"Campus has trees and nature, very peaceful."
TS180-SEM1-09,TS180,1,6,TS180-S09,77.57,58.98,True,76.55,70.28,73.82,78.19,74.71,Excellent labs and digital board infrastructure.
TS180-SEM1-10,TS180,1,6,TS180-S10,72.58,69.51,False,47.02,63.71,67.14,72.51,52.09,Teaching incorporates both fundamentals and modern practical tools.
TS180-SEM1-11,TS180,1,6,TS180-S11,57.79,79.01,False,58.6,78.63,67.7,66.26,45.22,Teaching incorporates both fundamentals and modern practical tools.
TS180-SEM1-12,TS180,1,6,TS180-S12,69.23,61.63,False,62.43,57.63,64.62,72.09,62.66,Career guidance is helpful from the beginning.
TS180-SEM1-13,TS180,1,6,TS180-S13,70.16,66.43,False,61.46,73.52,59.63,52.6,56.54,Good focus on practical sessions and mentoring.
TS180-SEM1-14,TS180,1,6,TS180-S14,70.61,50.42,False,50.68,61.92,63.15,71.6,46.3,"Campus has trees and nature, very peaceful."
TS181-SEM1-01,TS181,1,6,TS181-S01,71.98,60.2,False,47.29,48.8,37.78,39.0,36.79,"Strictness is moderate, allowing good learning freedom."
TS181-SEM1-02,TS181,1,6,TS181-S02,76.43,65.75,True,57.69,46.91,64.07,55.93,62.75,"Campus has trees and nature, very peaceful."
TS181-SEM1-03,TS181,1,6,TS181-S03,80.26,72.16,False,41.71,55.68,46.96,40.99,50.66,Career guidance is helpful from the beginning.
TS181-SEM1-04,TS181,1,6,TS181-S04,66.38,44.65,False,48.78,39.52,49.0,56.38,33.95,"Campus has trees and nature, very peaceful."
TS181-SEM1-05,TS181,1,6,TS181-S05,71.75,76.83,False,46.91,43.93,58.77,44.91,42.81,Teaching incorporates both fundamentals and modern practical tools.
TS181-SEM1-06,TS181,1,6,TS181-S06,81.9,71.81,True,51.43,65.2,54.67,48.01,59.93,Career guidance is helpful from the beginning.
TS181-SEM1-07,TS181,1,6,TS181-S07,73.14,80.68,False,45.11,39.12,41.77,45.2,34.09,Teaching incorporates both fundamentals and modern practical tools.
TS181-SEM1-08,TS181,1,6,TS181-S08,67.71,59.56,False,40.29,51.19,43.13,30.66,32.39,Excellent labs and digital board infrastructure.
TS181-SEM1-09,TS181,1,6,TS181-S09,71.89,56.13,False,35.4,61.04,50.97,45.13,41.99,Excellent labs and digital board infrastructure.
TS181-SEM1-10,TS181,1,6,TS181-S10,70.41,49.46,False,49.01,52.18,36.94,46.84,42.51,Good focus on practical sessions and mentoring.
TS181-SEM1-11,TS181,1,6,TS181-S11,70.07,82.97,False,54.76,42.35,45.71,43.44,37.77,"Campus has trees and nature, very peaceful."
TS181-SEM1-12,TS181,1,6,TS181-S12,66.48,67.07,False,54.59,57.77,50.77,31.04,31.5,Excellent labs and digital board infrastructure.
TS181-SEM1-13,TS181,1,6,TS181-S13,78.38,78.19,True,54.99,66.19,57.59,59.31,49.54,"Campus has trees and nature, very peaceful."
TS181-SEM1-14,TS181,1,6,TS181-S14,74.06,79.75,False,45.99,52.96,47.01,46.12,47.84,Teaching incorporates both fundamentals and modern practical tools.
TS182-SEM1-01,TS182,1,6,TS182-S01,79.07,80.06,True,90.77,73.35,94.41,90.96,95.37,Career guidance is helpful from the beginning.
TS182-SEM1-02,TS182,1,6,TS182-S02,83.13,79.02,True,84.45,81.66,86.14,100.0,93.18,Excellent labs and digital board infrastructure.
TS182-SEM1-03,TS182,1,6,TS182-S03,76.6,75.87,True,86.91,87.44,89.84,88.99,89.29,Career guidance is helpful from the beginning.
TS182-SEM1-04,TS182,1,6,TS182-S04,87.89,79.69,True,97.63,76.68,87.46,90.26,85.02,Excellent labs and digital board infrastructure.
TS182-SEM1-05,TS182,1,6,TS182-S05,77.26,71.99,True,85.38,87.45,98.25,82.95,96.7,"Campus has trees and nature, very peaceful."
TS182-SEM1-06,TS182,1,6,TS182-S06,81.89,70.62,True,93.59,76.04,90.16,100.0,84.6,Excellent labs and digital board infrastructure.
TS182-SEM1-07,TS182,1,6,TS182-S07,89.01,75.25,True,81.79,88.99,88.02,83.82,91.18,"Strictness is moderate, allowing good learning freedom."
TS182-SEM1-08,TS182,1,6,TS182-S08,86.94,84.99,True,91.65,96.14,90.28,98.65,91.58,Excellent labs and digital board infrastructure.
TS182-SEM1-09,TS182,1,6,TS182-S09,81.43,77.72,True,95.69,75.32,83.5,93.09,93.37,Teaching incorporates both fundamentals and modern practical tools.
TS182-SEM1-10,TS182,1,6,TS182-S10,85.95,89.89,True,84.71,86.4,84.42,96.42,85.68,Good focus on practical sessions and mentoring.
TS182-SEM1-11,TS182,1,6,TS182-S11,80.95,91.23,False,68.7,74.84,67.85,85.95,81.26,Teaching incorporates both fundamentals and modern practical tools.
TS182-SEM1-12,TS182,1,6,TS182-S12,74.88,60.44,False,71.1,84.93,87.54,88.99,66.59,Career guidance is helpful from the beginning.
TS182-SEM1-13,TS182,1,6,TS182-S13,81.87,92.89,True,89.86,89.49,78.29,99.29,95.29,"Campus has trees and nature, very peaceful."
TS182-SEM1-14,TS182,1,6,TS182-S14,70.04,61.69,False,69.2,83.55,75.26,88.71,72.11,"Campus has trees and nature, very peaceful."
TS183-SEM1-01,TS183,1,6,TS183-S01,76.39,57.4,True,79.59,59.96,74.39,66.92,73.29,Excellent labs and digital board infrastructure.
TS183-SEM1-02,TS183,1,6,TS183-S02,67.15,48.76,False,54.48,67.53,56.64,70.61,51.29,"Campus has trees and nature, very peaceful."
TS183-SEM1-03,TS183,1,6,TS183-S03,65.59,64.54,False,60.23,58.61,60.91,70.56,54.63,Good focus on practical sessions and mentoring.
TS183-SEM1-04,TS183,1,6,TS183-S04,69.18,50.67,False,63.79,53.7,58.51,67.25,64.42,Good focus on practical sessions and mentoring.
TS183-SEM1-05,TS183,1,6,TS183-S05,73.51,60.63,False,56.12,53.46,58.37,58.84,58.71,Excellent labs and digital board infrastructure.
TS183-SEM1-06,TS183,1,6,TS183-S06,71.47,75.59,False,55.45,54.17,66.54,61.07,53.52,Excellent labs and digital board infrastructure.
TS183-SEM1-07,TS183,1,6,TS183-S07,72.2,76.67,False,57.99,67.1,58.98,67.47,55.34,Career guidance is helpful from the beginning.
TS183-SEM1-08,TS183,1,6,TS183-S08,77.3,71.67,True,70.58,74.76,72.73,75.46,72.68,Excellent labs and digital board infrastructure.
TS183-SEM1-09,TS183,1,6,TS183-S09,81.24,55.43,True,68.49,76.67,61.72,59.12,63.55,Teaching incorporates both fundamentals and modern practical tools.
TS183-SEM1-10,TS183,1,6,TS183-S10,76.42,47.52,False,59.45,54.48,56.3,54.95,55.18,Teaching incorporates both fundamentals and modern practical tools.
TS183-SEM1-11,TS183,1,6,TS183-S11,67.48,61.95,False,58.56,62.0,64.82,61.93,48.9,Teaching incorporates both fundamentals and modern practical tools.
TS183-SEM1-12,TS183,1,6,TS183-S12,74.79,68.56,False,55.06,54.8,72.53,53.18,56.62,Good focus on practical sessions and mentoring.
TS183-SEM1-13,TS183,1,6,TS183-S13,78.28,58.59,True,67.74,67.11,71.65,66.75,87.7,"Strictness is moderate, allowing good learning freedom."
TS183-SEM1-14,TS183,1,6,TS183-S14,69.28,75.78,False,59.42,57.97,67.51,51.34,56.28,"Campus has trees and nature, very peaceful."
TS184-SEM1-01,TS184,1,6,TS184-S01,77.8,76.95,True,64.8,53.48,59.74,67.64,61.82,Career guidance is helpful from the beginning.
TS184-SEM1-02,TS184,1,6,TS184-S02,74.05,63.68,False,46.3,64.14,51.83,59.05,39.66,Excellent labs and digital board infrastructure.
TS184-SEM1-03,TS184,1,6,TS184-S03,75.12,57.23,True,55.13,66.4,49.09,68.95,64.12,Career guidance is helpful from the beginning.
TS184-SEM1-04,TS184,1,6,TS184-S04,74.4,56.0,False,43.3,49.48,53.96,61.72,48.52,Good focus on practical sessions and mentoring.
TS184-SEM1-05,TS184,1,6,TS184-S05,66.38,80.38,False,50.99,47.98,55.12,59.79,46.12,Excellent labs and digital board infrastructure.
TS184-SEM1-06,TS184,1,6,TS184-S06,70.24,71.85,False,59.36,36.67,59.15,58.38,48.18,Excellent labs and digital board infrastructure.
TS184-SEM1-07,TS184,1,6,TS184-S07,80.11,35.45,False,53.89,63.22,49.55,49.89,55.2,Good focus on practical sessions and mentoring.
TS184-SEM1-08,TS184,1,6,TS184-S08,61.46,66.19,False,55.14,56.13,55.82,56.67,49.31,"Campus has trees and nature, very peaceful."
TS184-SEM1-09,TS184,1,6,TS184-S09,67.75,56.21,False,49.21,40.64,55.88,43.37,48.81,Excellent labs and digital board infrastructure.
TS184-SEM1-10,TS184,1,6,TS184-S10,74.74,54.05,False,41.59,49.69,56.2,60.33,41.44,"Campus has trees and nature, very peaceful."
TS184-SEM1-11,TS184,1,6,TS184-S11,72.63,64.62,False,50.32,45.06,53.78,63.76,49.68,Good focus on practical sessions and mentoring.
TS184-SEM1-12,TS184,1,6,TS184-S12,74.47,78.43,False,50.0,46.22,48.8,59.31,39.81,Career guidance is helpful from the beginning.
TS184-SEM1-13,TS184,1,6,TS184-S13,70.13,66.64,False,56.02,40.6,53.49,57.85,47.19,Excellent labs and digital board infrastructure.
TS184-SEM1-14,TS184,1,6,TS184-S14,72.85,61.68,False,57.35,62.91,63.71,58.19,44.94,"Strictness is moderate, allowing good learning freedom."
TS185-SEM1-01,TS185,1,6,TS185-S01,71.94,67.0,False,56.25,67.62,56.58,60.92,53.36,"Campus has trees and nature, very peaceful."
TS185-SEM1-02,TS185,1,6,TS185-S02,65.84,54.71,False,62.56,76.08,65.3,75.42,53.89,Excellent labs and digital board infrastructure.
TS185-SEM1-03,TS185,1,6,TS185-S03,78.09,65.56,True,64.08,79.0,60.27,80.74,62.99,"Campus has trees and nature, very peaceful."
TS185-SEM1-04,TS185,1,6,TS185-S04,64.72,49.17,False,57.1,66.46,71.84,69.13,57.45,Excellent labs and digital board infrastructure.
TS185-SEM1-05,TS185,1,6,TS185-S05,72.97,68.89,False,56.45,72.42,54.33,54.99,55.68,Excellent labs and digital board infrastructure.
TS185-SEM1-06,TS185,1,6,TS185-S06,61.17,75.12,False,52.3,55.31,73.09,69.56,52.54,Excellent labs and digital board infrastructure.
TS185-SEM1-07,TS185,1,6,TS185-S07,76.49,70.15,True,61.59,77.91,65.12,71.15,71.83,Career guidance is helpful from the beginning.
TS185-SEM1-08,TS185,1,6,TS185-S08,61.13,71.23,False,53.85,59.8,58.9,68.67,59.29,"Strictness is moderate, allowing good learning freedom."
TS185-SEM1-09,TS185,1,6,TS185-S09,65.43,58.18,False,54.29,55.1,60.39,65.33,46.57,Excellent labs and digital board infrastructure.
TS185-SEM1-10,TS185,1,6,TS185-S10,75.16,77.47,True,68.97,72.62,64.01,83.69,72.06,"Campus has trees and nature, very peaceful."
TS185-SEM1-11,TS185,1,6,TS185-S11,58.93,73.99,False,61.31,68.43,45.81,69.66,58.06,Career guidance is helpful from the beginning.
TS185-SEM1-12,TS185,1,6,TS185-S12,74.28,64.05,False,60.96,64.73,65.61,70.64,54.0,Teaching incorporates both fundamentals and modern practical tools.
TS185-SEM1-13,TS185,1,6,TS185-S13,77.35,58.01,True,69.61,78.34,71.22,82.26,71.25,"Campus has trees and nature, very peaceful."
TS185-SEM1-14,TS185,1,6,TS185-S14,70.97,56.08,False,57.09,50.49,59.7,86.77,46.07,"Campus has trees and nature, very peaceful."
TS186-SEM1-01,TS186,1,6,TS186-S01,58.4,72.32,False,49.25,43.25,49.22,50.09,43.22,"Strictness is moderate, allowing good learning freedom."
TS186-SEM1-02,TS186,1,6,TS186-S02,66.38,54.92,False,41.49,58.27,52.01,63.42,47.59,Teaching incorporates both fundamentals and modern practical tools.
TS186-SEM1-03,TS186,1,6,TS186-S03,75.53,51.38,True,74.25,58.08,55.55,54.11,65.84,Career guidance is helpful from the beginning.
TS186-SEM1-04,TS186,1,6,TS186-S04,74.64,48.63,False,49.44,51.93,48.78,45.75,47.94,Excellent labs and digital board infrastructure.
TS186-SEM1-05,TS186,1,6,TS186-S05,56.56,62.02,False,57.54,26.73,55.85,53.17,38.54,"Campus has trees and nature, very peaceful."
TS186-SEM1-06,TS186,1,6,TS186-S06,75.12,72.01,True,57.49,57.71,63.62,53.66,63.52,"Strictness is moderate, allowing good learning freedom."
TS186-SEM1-07,TS186,1,6,TS186-S07,68.01,62.25,False,54.01,48.35,49.95,49.71,41.73,"Strictness is moderate, allowing good learning freedom."
TS186-SEM1-08,TS186,1,6,TS186-S08,66.03,74.03,False,57.56,33.17,54.65,55.06,39.68,"Strictness is moderate, allowing good learning freedom."
TS186-SEM1-09,TS186,1,6,TS186-S09,69.17,56.23,False,59.14,60.72,47.13,41.15,49.6,Teaching incorporates both fundamentals and modern practical tools.
TS186-SEM1-10,TS186,1,6,TS186-S10,75.26,74.44,True,66.08,51.65,61.85,56.68,73.24,Excellent labs and digital board infrastructure.
TS186-SEM1-11,TS186,1,6,TS186-S11,74.68,58.86,False,48.56,46.7,45.96,61.45,53.73,Career guidance is helpful from the beginning.
TS186-SEM1-12,TS186,1,6,TS186-S12,70.94,69.0,False,60.04,57.4,50.2,49.37,37.15,"Campus has trees and nature, very peaceful."
TS186-SEM1-13,TS186,1,6,TS186-S13,76.65,74.43,True,65.94,60.32,53.75,58.82,60.58,"Strictness is moderate, allowing good learning freedom."
TS186-SEM1-14,TS186,1,6,TS186-S14,75.15,54.36,False,55.67,50.52,53.38,55.38,54.59,Excellent labs and digital board infrastructure.
TS187-SEM1-01,TS187,1,6,TS187-S01,65.54,65.34,False,48.95,46.59,50.26,60.27,44.05,Excellent labs and digital board infrastructure.
TS187-SEM1-02,TS187,1,6,TS187-S02,78.09,80.03,True,68.62,57.71,58.16,78.32,65.26,Good focus on practical sessions and mentoring.
TS187-SEM1-03,TS187,1,6,TS187-S03,74.47,81.3,False,51.8,69.87,48.86,69.47,50.06,"Strictness is moderate, allowing good learning freedom."
TS187-SEM1-04,TS187,1,6,TS187-S04,66.1,70.02,False,59.68,69.27,56.55,55.38,50.88,Teaching incorporates both fundamentals and modern practical tools.
TS187-SEM1-05,TS187,1,6,TS187-S05,76.45,59.65,True,61.59,60.58,66.58,82.12,60.14,Excellent labs and digital board infrastructure.
TS187-SEM1-06,TS187,1,6,TS187-S06,68.93,46.12,False,61.52,58.61,44.49,66.4,47.08,Career guidance is helpful from the beginning.
TS187-SEM1-07,TS187,1,6,TS187-S07,67.46,72.36,False,56.57,53.8,51.29,62.98,48.71,Good focus on practical sessions and mentoring.
TS187-SEM1-08,TS187,1,6,TS187-S08,69.26,61.94,False,53.84,39.38,50.7,66.58,56.32,Excellent labs and digital board infrastructure.
TS187-SEM1-09,TS187,1,6,TS187-S09,77.07,61.96,True,63.89,70.26,63.66,81.46,59.72,"Strictness is moderate, allowing good learning freedom."
TS187-SEM1-10,TS187,1,6,TS187-S10,67.16,64.75,False,53.46,70.85,45.46,66.59,48.1,"Strictness is moderate, allowing good learning freedom."
TS187-SEM1-11,TS187,1,6,TS187-S11,73.43,79.33,False,55.75,38.81,62.16,75.82,49.81,Excellent labs and digital board infrastructure.
TS187-SEM1-12,TS187,1,6,TS187-S12,62.29,60.48,False,53.31,59.62,45.64,62.17,53.98,Career guidance is helpful from the beginning.
TS187-SEM1-13,TS187,1,6,TS187-S13,81.01,66.31,True,67.23,69.35,62.22,76.66,60.39,Good focus on practical sessions and mentoring.
TS187-SEM1-14,TS187,1,6,TS187-S14,76.33,49.48,False,54.82,48.13,56.34,61.07,45.98,"Strictness is moderate, allowing good learning freedom."
TS188-SEM1-01,TS188,1,6,TS188-S01,68.85,63.24,False,54.5,47.32,53.51,51.26,50.7,Good focus on practical sessions and mentoring.
TS188-SEM1-02,TS188,1,6,TS188-S02,68.6,72.98,False,56.72,44.27,64.62,59.84,46.35,Teaching incorporates both fundamentals and modern practical tools.
TS188-SEM1-03,TS188,1,6,TS188-S03,52.55,48.74,False,58.71,55.67,50.84,61.11,56.24,Excellent labs and digital board infrastructure.
TS188-SEM1-04,TS188,1,6,TS188-S04,80.37,71.5,True,72.07,62.17,64.45,69.08,64.48,"Strictness is moderate, allowing good learning freedom."
TS188-SEM1-05,TS188,1,6,TS188-S05,71.17,67.4,False,63.59,44.71,63.97,55.97,58.08,Teaching incorporates both fundamentals and modern practical tools.
TS188-SEM1-06,TS188,1,6,TS188-S06,67.19,69.26,False,54.57,39.05,58.37,65.09,48.04,Good focus on practical sessions and mentoring.
TS188-SEM1-07,TS188,1,6,TS188-S07,63.09,65.99,False,45.07,61.04,66.83,63.39,53.08,Teaching incorporates both fundamentals and modern practical tools.
TS188-SEM1-08,TS188,1,6,TS188-S08,81.99,75.45,True,77.77,51.24,65.16,53.4,71.87,Career guidance is helpful from the beginning.
TS188-SEM1-09,TS188,1,6,TS188-S09,70.23,57.48,False,54.15,43.9,59.35,64.86,47.83,"Campus has trees and nature, very peaceful."
TS188-SEM1-10,TS188,1,6,TS188-S10,77.18,64.15,True,68.96,52.79,68.36,67.27,67.14,Career guidance is helpful from the beginning.
TS188-SEM1-11,TS188,1,6,TS188-S11,63.97,62.85,False,59.67,56.57,65.16,59.39,51.82,Good focus on practical sessions and mentoring.
TS188-SEM1-12,TS188,1,6,TS188-S12,71.99,49.57,False,51.04,48.11,57.81,57.71,46.27,Career guidance is helpful from the beginning.
TS188-SEM1-13,TS188,1,6,TS188-S13,65.09,69.76,False,50.14,43.12,59.62,51.57,58.67,"Strictness is moderate, allowing good learning freedom."
TS188-SEM1-14,TS188,1,6,TS188-S14,64.46,62.02,False,50.65,49.78,56.65,57.02,59.25,Good focus on practical sessions and mentoring.
TS189-SEM1-01,TS189,1,6,TS189-S01,77.66,84.74,True,80.77,83.14,90.78,88.43,87.23,Career guidance is helpful from the beginning.
TS189-SEM1-02,TS189,1,6,TS189-S02,84.8,56.47,True,86.98,89.38,92.28,83.81,90.97,Excellent labs and digital board infrastructure.
TS189-SEM1-03,TS189,1,6,TS189-S03,86.84,76.43,True,82.51,73.63,83.0,89.59,89.18,Excellent labs and digital board infrastructure.
TS189-SEM1-04,TS189,1,6,TS189-S04,82.38,84.7,True,93.06,81.51,80.71,91.11,83.67,Career guidance is helpful from the beginning.
TS189-SEM1-05,TS189,1,6,TS189-S05,86.49,71.57,True,83.16,84.8,92.5,81.98,74.82,"Strictness is moderate, allowing good learning freedom."
TS189-SEM1-06,TS189,1,6,TS189-S06,77.18,76.31,True,90.36,97.27,79.66,76.93,79.83,"Strictness is moderate, allowing good learning freedom."
TS189-SEM1-07,TS189,1,6,TS189-S07,81.81,59.35,True,92.78,92.15,81.48,80.78,87.16,Teaching incorporates both fundamentals and modern practical tools.
TS189-SEM1-08,TS189,1,6,TS189-S08,80.45,77.39,True,89.64,90.44,83.81,83.95,91.91,"Strictness is moderate, allowing good learning freedom."
TS189-SEM1-09,TS189,1,6,TS189-S09,76.68,72.93,True,81.36,78.69,79.2,95.37,74.9,Good focus on practical sessions and mentoring.
TS189-SEM1-10,TS189,1,6,TS189-S10,82.61,68.66,True,82.16,97.1,81.52,93.09,92.67,Excellent labs and digital board infrastructure.
TS189-SEM1-11,TS189,1,6,TS189-S11,82.18,71.41,False,73.67,70.19,75.43,78.5,66.15,Good focus on practical sessions and mentoring.
TS189-SEM1-12,TS189,1,6,TS189-S12,77.85,68.74,True,82.07,98.56,81.9,80.23,87.2,Excellent labs and digital board infrastructure.
TS189-SEM1-13,TS189,1,6,TS189-S13,74.87,81.07,False,69.0,86.25,81.42,69.61,65.94,"Campus has trees and nature, very peaceful."
TS189-SEM1-14,TS189,1,6,TS189-S14,74.74,96.58,False,67.61,68.89,85.45,75.67,60.14,"Strictness is moderate, allowing good learning freedom."
TS190-SEM1-01,TS190,1,6,TS190-S01,65.61,74.2,False,54.44,42.61,51.82,61.64,41.41,Career guidance is helpful from the beginning.
TS190-SEM1-02,TS190,1,6,TS190-S02,67.48,88.62,False,49.25,66.16,62.74,51.64,50.57,Excellent labs and digital board infrastructure.
TS190-SEM1-03,TS190,1,6,TS190-S03,84.35,66.6,True,61.41,81.88,62.32,62.13,70.43,Career guidance is helpful from the beginning.
TS190-SEM1-04,TS190,1,6,TS190-S04,71.33,61.15,False,54.14,43.04,51.24,61.43,54.19,"Campus has trees and nature, very peaceful."
TS190-SEM1-05,TS190,1,6,TS190-S05,74.14,64.76,False,53.65,65.16,48.1,54.03,48.86,Good focus on practical sessions and mentoring.
TS190-SEM1-06,TS190,1,6,TS190-S06,73.17,40.9,False,43.69,57.36,60.3,54.58,45.9,Career guidance is helpful from the beginning.
TS190-SEM1-07,TS190,1,6,TS190-S07,75.17,58.72,True,63.91,58.58,69.34,71.51,62.46,Excellent labs and digital board infrastructure.
TS190-SEM1-08,TS190,1,6,TS190-S08,74.37,58.73,False,54.95,50.49,59.59,64.26,44.5,"Campus has trees and nature, very peaceful."
TS190-SEM1-09,TS190,1,6,TS190-S09,72.41,74.16,False,45.23,52.15,58.54,56.13,41.36,Excellent labs and digital board infrastructure.
TS190-SEM1-10,TS190,1,6,TS190-S10,70.08,79.46,False,63.61,52.4,50.67,54.34,58.24,"Campus has trees and nature, very peaceful."
TS190-SEM1-11,TS190,1,6,TS190-S11,77.05,76.64,True,57.32,59.91,58.75,60.96,63.84,"Strictness is moderate, allowing good learning freedom."
TS190-SEM1-12,TS190,1,6,TS190-S12,68.63,68.4,False,52.05,67.26,56.49,53.03,50.18,"Strictness is moderate, allowing good learning freedom."
TS190-SEM1-13,TS190,1,6,TS190-S13,62.93,38.88,False,55.09,65.64,55.59,54.74,42.52,"Strictness is moderate, allowing good learning freedom."
TS190-SEM1-14,TS190,1,6,TS190-S14,79.0,66.93,True,65.2,63.74,56.67,65.61,64.54,"Strictness is moderate, allowing good learning freedom."
TS191-SEM1-01,TS191,1,6,TS191-S01,75.02,62.61,True,53.35,54.62,37.47,46.97,45.36,"Strictness is moderate, allowing good learning freedom."
TS191-SEM1-02,TS191,1,6,TS191-S02,72.84,30.48,False,35.33,45.16,37.6,32.68,41.93,"Campus has trees and nature, very peaceful."
TS191-SEM1-03,TS191,1,6,TS191-S03,78.94,56.69,True,36.27,53.25,38.31,50.67,55.28,Excellent labs and digital board infrastructure.
TS191-SEM1-04,TS191,1,6,TS191-S04,71.58,51.36,False,41.65,39.48,38.62,34.08,33.12,Career guidance is helpful from the beginning.
TS191-SEM1-05,TS191,1,6,TS191-S05,70.78,48.72,False,42.19,53.53,43.24,44.88,40.98,Good focus on practical sessions and mentoring.
TS191-SEM1-06,TS191,1,6,TS191-S06,65.72,51.4,False,31.67,41.84,36.69,33.55,32.18,Good focus on practical sessions and mentoring.
TS191-SEM1-07,TS191,1,6,TS191-S07,71.43,70.41,False,34.42,24.22,40.08,49.16,32.3,"Campus has trees and nature, very peaceful."
TS191-SEM1-08,TS191,1,6,TS191-S08,77.92,56.95,True,43.68,47.49,43.96,49.53,46.03,Excellent labs and digital board infrastructure.
TS191-SEM1-09,TS191,1,6,TS191-S09,63.21,66.7,False,36.75,40.36,42.82,38.46,33.56,"Campus has trees and nature, very peaceful."
TS191-SEM1-10,TS191,1,6,TS191-S10,69.9,59.41,False,36.19,57.59,41.86,42.96,36.02,Good focus on practical sessions and mentoring.
TS191-SEM1-11,TS191,1,6,TS191-S11,57.91,65.19,False,39.61,40.14,37.94,34.03,29.98,"Campus has trees and nature, very peaceful."
TS191-SEM1-12,TS191,1,6,TS191-S12,67.0,72.0,False,43.16,54.94,33.9,35.66,28.4,"Campus has trees and nature, very peaceful."
TS191-SEM1-13,TS191,1,6,TS191-S13,65.89,51.98,False,31.06,46.46,34.56,45.99,38.99,"Strictness is moderate, allowing good learning freedom."
TS191-SEM1-14,TS191,1,6,TS191-S14,73.71,74.29,False,25.98,34.99,39.1,41.01,39.3,Good focus on practical sessions and mentoring.
TS192-SEM1-01,TS192,1,6,TS192-S01,78.03,76.58,True,77.99,100.0,87.6,100.0,88.02,"Strictness is moderate, allowing good learning freedom."
TS192-SEM1-02,TS192,1,6,TS192-S02,85.87,73.45,True,89.0,100.0,84.7,82.81,87.73,"Strictness is moderate, allowing good learning freedom."
TS192-SEM1-03,TS192,1,6,TS192-S03,77.38,71.76,True,76.57,100.0,83.52,85.05,86.11,Career guidance is helpful from the beginning.
TS192-SEM1-04,TS192,1,6,TS192-S04,77.89,69.53,False,67.8,73.04,72.66,72.96,61.41,"Campus has trees and nature, very peaceful."
TS192-SEM1-05,TS192,1,6,TS192-S05,74.31,91.71,False,72.2,85.27,73.83,83.88,73.65,Career guidance is helpful from the beginning.
TS192-SEM1-06,TS192,1,6,TS192-S06,84.45,91.4,True,87.36,96.14,76.11,88.1,76.56,"Campus has trees and nature, very peaceful."
TS192-SEM1-07,TS192,1,6,TS192-S07,81.22,72.21,True,81.32,94.6,76.34,99.01,88.61,Excellent labs and digital board infrastructure.
TS192-SEM1-08,TS192,1,6,TS192-S08,77.18,81.47,True,85.98,82.46,91.96,91.68,79.53,"Strictness is moderate, allowing good learning freedom."
TS192-SEM1-09,TS192,1,6,TS192-S09,83.25,72.8,True,71.46,80.95,81.04,82.86,84.02,"Campus has trees and nature, very peaceful."
TS192-SEM1-10,TS192,1,6,TS192-S10,84.32,70.23,True,88.69,83.4,77.53,80.32,81.66,"Campus has trees and nature, very peaceful."
TS192-SEM1-11,TS192,1,6,TS192-S11,82.77,81.39,True,87.43,91.35,73.86,88.89,91.74,Teaching incorporates both fundamentals and modern practical tools.
TS192-SEM1-12,TS192,1,6,TS192-S12,70.65,95.05,False,66.11,67.31,74.46,85.83,66.37,Excellent labs and digital board infrastructure.
TS192-SEM1-13,TS192,1,6,TS192-S13,83.87,96.2,True,100.0,100.0,81.03,89.59,84.17,"Strictness is moderate, allowing good learning freedom."
TS192-SEM1-14,TS192,1,6,TS192-S14,83.5,80.62,True,75.49,100.0,85.64,79.34,86.62,Excellent labs and digital board infrastructure.
TS193-SEM1-01,TS193,1,6,TS193-S01,66.22,40.43,False,32.67,36.29,42.18,51.92,41.13,Career guidance is helpful from the beginning.
TS193-SEM1-02,TS193,1,6,TS193-S02,69.3,46.14,False,41.34,36.61,41.63,55.93,39.18,Career guidance is helpful from the beginning.
TS193-SEM1-03,TS193,1,6,TS193-S03,72.74,63.64,False,44.02,31.17,38.52,47.2,31.03,"Campus has trees and nature, very peaceful."
TS193-SEM1-04,TS193,1,6,TS193-S04,71.73,62.97,False,38.51,33.79,51.19,54.25,36.44,Good focus on practical sessions and mentoring.
TS193-SEM1-05,TS193,1,6,TS193-S05,72.56,75.76,False,35.42,28.96,44.06,51.09,39.37,"Campus has trees and nature, very peaceful."
TS193-SEM1-06,TS193,1,6,TS193-S06,76.97,54.67,True,49.42,51.34,45.31,44.0,55.64,Teaching incorporates both fundamentals and modern practical tools.
TS193-SEM1-07,TS193,1,6,TS193-S07,68.6,44.73,False,39.37,33.6,51.3,49.14,39.85,"Campus has trees and nature, very peaceful."
TS193-SEM1-08,TS193,1,6,TS193-S08,71.9,56.02,False,36.0,45.33,46.66,39.67,30.68,"Strictness is moderate, allowing good learning freedom."
TS193-SEM1-09,TS193,1,6,TS193-S09,64.84,72.6,False,28.53,42.98,44.91,49.49,34.56,Teaching incorporates both fundamentals and modern practical tools.
TS193-SEM1-10,TS193,1,6,TS193-S10,79.13,63.13,True,45.66,33.53,55.92,64.15,60.35,"Campus has trees and nature, very peaceful."
TS193-SEM1-11,TS193,1,6,TS193-S11,71.14,47.74,False,32.6,28.77,42.69,56.93,43.84,Career guidance is helpful from the beginning.
TS193-SEM1-12,TS193,1,6,TS193-S12,69.07,39.63,False,31.92,46.19,44.08,46.47,34.8,"Strictness is moderate, allowing good learning freedom."
TS193-SEM1-13,TS193,1,6,TS193-S13,67.49,49.96,False,51.36,50.43,38.81,38.08,37.77,"Campus has trees and nature, very peaceful."
TS193-SEM1-14,TS193,1,6,TS193-S14,71.12,68.28,False,44.05,27.33,49.32,46.49,39.96,"Strictness is moderate, allowing good learning freedom."
TS194-SEM1-01,TS194,1,6,TS194-S01,73.0,51.7,False,52.73,58.47,53.99,55.54,43.38,Career guidance is helpful from the beginning.
TS194-SEM1-02,TS194,1,6,TS194-S02,72.58,49.86,False,49.21,49.21,59.63,65.15,42.99,Good focus on practical sessions and mentoring.
TS194-SEM1-03,TS194,1,6,TS194-S03,71.97,58.9,False,53.5,55.33,52.78,56.42,47.64,Good focus on practical sessions and mentoring.
TS194-SEM1-04,TS194,1,6,TS194-S04,81.53,54.06,True,67.77,68.07,60.23,71.06,56.27,Excellent labs and digital board infrastructure.
TS194-SEM1-05,TS194,1,6,TS194-S05,65.44,68.64,False,45.43,47.05,52.38,51.14,51.9,"Campus has trees and nature, very peaceful."
TS194-SEM1-06,TS194,1,6,TS194-S06,77.43,62.88,True,56.4,65.17,68.45,68.72,73.9,Excellent labs and digital board infrastructure.
TS194-SEM1-07,TS194,1,6,TS194-S07,68.46,71.17,False,48.15,59.32,61.27,51.09,39.44,"Strictness is moderate, allowing good learning freedom."
TS194-SEM1-08,TS194,1,6,TS194-S08,83.09,66.88,True,63.74,47.79,62.76,59.67,66.98,"Campus has trees and nature, very peaceful."
TS194-SEM1-09,TS194,1,6,TS194-S09,72.18,30.0,False,53.65,56.07,56.33,54.75,48.96,Good focus on practical sessions and mentoring.
TS194-SEM1-10,TS194,1,6,TS194-S10,73.04,64.74,False,53.57,56.82,63.96,51.5,46.84,Teaching incorporates both fundamentals and modern practical tools.
TS194-SEM1-11,TS194,1,6,TS194-S11,82.16,60.45,True,65.53,62.74,66.65,65.97,59.05,Excellent labs and digital board infrastructure.
TS194-SEM1-12,TS194,1,6,TS194-S12,73.04,52.05,False,58.34,68.59,64.09,58.0,46.41,"Strictness is moderate, allowing good learning freedom."
TS194-SEM1-13,TS194,1,6,TS194-S13,73.93,52.6,False,64.79,64.12,56.24,61.84,46.26,Excellent labs and digital board infrastructure.
TS194-SEM1-14,TS194,1,6,TS194-S14,65.35,39.87,False,51.21,52.9,57.31,55.93,51.08,Good focus on practical sessions and mentoring.
TS195-SEM1-01,TS195,1,6,TS195-S01,64.26,69.51,False,56.37,68.62,77.98,90.59,54.86,Good focus on practical sessions and mentoring.
TS195-SEM1-02,TS195,1,6,TS195-S02,67.77,56.77,False,78.49,68.21,74.33,78.22,56.96,Teaching incorporates both fundamentals and modern practical tools.
TS195-SEM1-03,TS195,1,6,TS195-S03,60.84,55.87,False,78.86,70.82,74.23,67.91,61.33,"Strictness is moderate, allowing good learning freedom."
TS195-SEM1-04,TS195,1,6,TS195-S04,76.67,51.09,True,73.68,85.37,77.95,87.52,85.31,Excellent labs and digital board infrastructure.
TS195-SEM1-05,TS195,1,6,TS195-S05,70.63,72.03,False,61.42,73.77,59.1,71.94,74.54,Good focus on practical sessions and mentoring.
TS195-SEM1-06,TS195,1,6,TS195-S06,75.67,68.11,True,72.39,76.64,75.62,94.9,86.05,"Strictness is moderate, allowing good learning freedom."
TS195-SEM1-07,TS195,1,6,TS195-S07,72.65,62.66,False,69.51,58.21,59.35,80.88,63.32,Good focus on practical sessions and mentoring.
TS195-SEM1-08,TS195,1,6,TS195-S08,64.13,41.05,False,70.32,64.59,70.96,74.83,62.79,Teaching incorporates both fundamentals and modern practical tools.
TS195-SEM1-09,TS195,1,6,TS195-S09,68.45,61.23,False,68.42,66.55,67.29,80.06,66.33,Teaching incorporates both fundamentals and modern practical tools.
TS195-SEM1-10,TS195,1,6,TS195-S10,65.18,61.71,False,61.82,68.87,76.13,78.57,73.78,Career guidance is helpful from the beginning.
TS195-SEM1-11,TS195,1,6,TS195-S11,73.32,60.34,False,64.84,69.9,70.57,70.47,61.79,"Campus has trees and nature, very peaceful."
TS195-SEM1-12,TS195,1,6,TS195-S12,67.65,72.3,False,53.4,70.01,61.37,79.01,60.96,"Strictness is moderate, allowing good learning freedom."
TS195-SEM1-13,TS195,1,6,TS195-S13,61.1,71.42,False,49.86,68.51,72.41,84.68,54.91,Career guidance is helpful from the beginning.
TS195-SEM1-14,TS195,1,6,TS195-S14,68.9,72.84,False,71.87,79.01,81.77,73.37,64.82,Teaching incorporates both fundamentals and modern practical tools.
TS196-SEM1-01,TS196,1,6,TS196-S01,75.03,96.97,False,74.14,62.75,80.05,76.46,78.76,"Strictness is moderate, allowing good learning freedom."
TS196-SEM1-02,TS196,1,6,TS196-S02,92.78,80.66,True,85.25,84.49,85.42,91.24,93.28,Good focus on practical sessions and mentoring.
TS196-SEM1-03,TS196,1,6,TS196-S03,76.49,90.28,True,81.89,87.77,85.5,80.28,85.96,Teaching incorporates both fundamentals and modern practical tools.
TS196-SEM1-04,TS196,1,6,TS196-S04,68.97,68.24,False,68.57,77.25,72.43,80.39,76.89,Excellent labs and digital board infrastructure.
TS196-SEM1-05,TS196,1,6,TS196-S05,94.39,65.79,True,88.7,70.96,79.41,72.53,89.99,Good focus on practical sessions and mentoring.
TS196-SEM1-06,TS196,1,6,TS196-S06,75.54,76.34,True,95.93,78.73,78.33,98.46,83.35,Career guidance is helpful from the beginning.
TS196-SEM1-07,TS196,1,6,TS196-S07,87.95,100.0,True,93.47,93.41,80.58,92.44,83.59,"Strictness is moderate, allowing good learning freedom."
TS196-SEM1-08,TS196,1,6,TS196-S08,89.74,64.15,True,93.16,80.94,79.76,89.68,83.91,Career guidance is helpful from the beginning.
TS196-SEM1-09,TS196,1,6,TS196-S09,82.94,65.83,True,89.65,89.81,81.9,80.82,94.22,Career guidance is helpful from the beginning.
TS196-SEM1-10,TS196,1,6,TS196-S10,79.31,95.62,True,87.18,81.42,84.59,100.0,86.62,"Strictness is moderate, allowing good learning freedom."
TS196-SEM1-11,TS196,1,6,TS196-S11,89.66,75.91,True,74.78,100.0,85.07,89.09,92.89,Good focus on practical sessions and mentoring.
TS196-SEM1-12,TS196,1,6,TS196-S12,82.86,63.52,True,97.33,83.09,80.31,87.49,95.69,"Campus has trees and nature, very peaceful."
TS196-SEM1-13,TS196,1,6,TS196-S13,79.06,81.44,True,78.84,92.08,88.88,86.62,88.18,"Campus has trees and nature, very peaceful."
TS196-SEM1-14,TS196,1,6,TS196-S14,82.58,79.45,True,84.43,82.23,82.49,85.04,79.76,"Campus has trees and nature, very peaceful."
TS197-SEM1-01,TS197,1,6,TS197-S01,83.54,79.88,True,84.77,97.69,90.92,86.97,88.79,"Strictness is moderate, allowing good learning freedom."
TS197-SEM1-02,TS197,1,6,TS197-S02,86.63,87.83,True,80.92,88.52,78.58,77.5,85.1,Teaching incorporates both fundamentals and modern practical tools.
TS197-SEM1-03,TS197,1,6,TS197-S03,84.5,90.54,True,86.46,87.57,80.96,84.81,90.88,Teaching incorporates both fundamentals and modern practical tools.
TS197-SEM1-04,TS197,1,6,TS197-S04,74.82,67.33,False,71.99,78.91,69.62,81.38,64.75,"Strictness is moderate, allowing good learning freedom."
TS197-SEM1-05,TS197,1,6,TS197-S05,77.89,82.89,False,83.22,75.75,82.04,86.94,71.13,Excellent labs and digital board infrastructure.
TS197-SEM1-06,TS197,1,6,TS197-S06,74.11,73.95,False,70.0,71.76,77.98,73.47,66.83,Good focus on practical sessions and mentoring.
TS197-SEM1-07,TS197,1,6,TS197-S07,75.93,72.46,True,82.99,87.41,81.97,89.2,83.62,Excellent labs and digital board infrastructure.
TS197-SEM1-08,TS197,1,6,TS197-S08,77.03,95.41,True,74.56,89.07,80.66,90.63,88.75,"Strictness is moderate, allowing good learning freedom."
TS197-SEM1-09,TS197,1,6,TS197-S09,85.3,74.0,True,94.09,68.58,77.57,84.22,80.74,"Strictness is moderate, allowing good learning freedom."
TS197-SEM1-10,TS197,1,6,TS197-S10,79.12,69.22,True,86.67,84.62,82.3,82.86,93.65,Teaching incorporates both fundamentals and modern practical tools.
TS197-SEM1-11,TS197,1,6,TS197-S11,89.26,62.88,True,83.17,80.31,86.56,92.54,88.84,Good focus on practical sessions and mentoring.
TS197-SEM1-12,TS197,1,6,TS197-S12,79.92,86.72,True,86.79,99.88,77.52,86.42,94.33,Career guidance is helpful from the beginning.
TS197-SEM1-13,TS197,1,6,TS197-S13,85.17,83.94,True,89.13,84.05,95.56,94.03,89.09,Good focus on practical sessions and mentoring.
TS197-SEM1-14,TS197,1,6,TS197-S14,83.72,75.54,True,82.06,97.25,77.58,90.4,85.08,Teaching incorporates both fundamentals and modern practical tools.
TS198-SEM1-01,TS198,1,6,TS198-S01,80.04,71.04,True,73.29,76.18,68.16,74.22,72.69,Career guidance is helpful from the beginning.
TS198-SEM1-02,TS198,1,6,TS198-S02,87.26,59.29,True,68.29,87.03,68.61,77.56,66.34,Career guidance is helpful from the beginning.
TS198-SEM1-03,TS198,1,6,TS198-S03,78.7,75.33,True,80.55,62.71,73.66,75.51,82.19,Good focus on practical sessions and mentoring.
TS198-SEM1-04,TS198,1,6,TS198-S04,73.5,71.31,False,66.93,61.08,63.36,63.57,56.0,"Strictness is moderate, allowing good learning freedom."
TS198-SEM1-05,TS198,1,6,TS198-S05,83.56,69.56,True,83.29,76.52,74.66,80.18,77.6,"Campus has trees and nature, very peaceful."
TS198-SEM1-06,TS198,1,6,TS198-S06,60.01,73.07,False,45.98,71.54,64.0,75.25,58.3,Teaching incorporates both fundamentals and modern practical tools.
TS198-SEM1-07,TS198,1,6,TS198-S07,78.26,62.16,True,75.93,88.44,73.51,69.34,72.68,Teaching incorporates both fundamentals and modern practical tools.
TS198-SEM1-08,TS198,1,6,TS198-S08,75.59,74.6,True,86.94,74.82,72.61,69.72,81.08,"Campus has trees and nature, very peaceful."
TS198-SEM1-09,TS198,1,6,TS198-S09,69.33,54.54,False,57.6,74.47,65.83,64.91,54.85,Excellent labs and digital board infrastructure.
TS198-SEM1-10,TS198,1,6,TS198-S10,80.46,59.64,True,78.34,46.06,76.83,72.13,73.7,Excellent labs and digital board infrastructure.
TS198-SEM1-11,TS198,1,6,TS198-S11,81.24,76.47,True,77.88,81.24,77.66,86.58,76.04,Teaching incorporates both fundamentals and modern practical tools.
TS198-SEM1-12,TS198,1,6,TS198-S12,67.58,59.45,False,60.27,62.99,58.44,72.86,49.67,"Campus has trees and nature, very peaceful."
TS198-SEM1-13,TS198,1,6,TS198-S13,72.51,63.5,False,60.2,70.22,67.1,83.58,54.92,"Campus has trees and nature, very peaceful."
TS198-SEM1-14,TS198,1,6,TS198-S14,73.68,64.15,False,60.51,53.29,57.59,70.28,49.62,Career guidance is helpful from the beginning.
TS199-SEM1-01,TS199,1,6,TS199-S01,77.46,75.86,True,68.71,67.79,62.76,56.25,74.91,"Strictness is moderate, allowing good learning freedom."
TS199-SEM1-02,TS199,1,6,TS199-S02,69.7,57.59,False,49.8,47.36,56.63,61.78,47.53,Excellent labs and digital board infrastructure.
TS199-SEM1-03,TS199,1,6,TS199-S03,78.23,58.32,True,75.3,69.67,68.37,71.0,64.32,Excellent labs and digital board infrastructure.
TS199-SEM1-04,TS199,1,6,TS199-S04,68.87,72.34,False,64.07,58.59,53.92,68.78,47.92,Career guidance is helpful from the beginning.
TS199-SEM1-05,TS199,1,6,TS199-S05,73.97,57.72,False,54.67,50.52,55.18,54.92,54.37,Good focus on practical sessions and mentoring.
TS199-SEM1-06,TS199,1,6,TS199-S06,72.98,70.8,False,48.1,56.42,60.18,63.84,43.83,Excellent labs and digital board infrastructure.
TS199-SEM1-07,TS199,1,6,TS199-S07,73.91,53.87,False,58.51,72.97,43.99,54.75,52.37,Career guidance is helpful from the beginning.
TS199-SEM1-08,TS199,1,6,TS199-S08,71.98,71.4,False,53.53,53.85,51.95,51.55,47.34,"Campus has trees and nature, very peaceful."
TS199-SEM1-09,TS199,1,6,TS199-S09,68.61,65.84,False,52.11,52.88,52.01,54.47,48.23,Good focus on practical sessions and mentoring.
TS199-SEM1-10,TS199,1,6,TS199-S10,67.51,68.73,False,61.26,48.68,62.65,62.84,51.95,Teaching incorporates both fundamentals and modern practical tools.
TS199-SEM1-11,TS199,1,6,TS199-S11,81.16,60.3,True,67.8,68.48,66.35,65.96,71.38,"Campus has trees and nature, very peaceful."
TS199-SEM1-12,TS199,1,6,TS199-S12,67.98,55.61,False,49.01,55.17,62.12,55.91,54.32,Good focus on practical sessions and mentoring.
TS199-SEM1-13,TS199,1,6,TS199-S13,73.59,57.59,False,60.91,63.97,57.06,58.2,51.52,"Strictness is moderate, allowing good learning freedom."
TS199-SEM1-14,TS199,1,6,TS199-S14,62.82,53.75,False,55.83,45.42,53.32,56.33,65.57,Career guidance is helpful from the beginning.
TS200-SEM1-01,TS200,1,6,TS200-S01,73.36,67.43,False,57.72,66.12,60.39,61.36,57.23,"Strictness is moderate, allowing good learning freedom."
TS200-SEM1-02,TS200,1,6,TS200-S02,78.15,50.09,True,75.14,70.5,66.26,85.1,78.23,"Campus has trees and nature, very peaceful."
TS200-SEM1-03,TS200,1,6,TS200-S03,78.84,59.49,True,73.63,72.59,69.08,80.58,81.53,"Strictness is moderate, allowing good learning freedom."
TS200-SEM1-04,TS200,1,6,TS200-S04,70.49,48.87,False,67.4,77.24,63.54,77.67,57.17,Good focus on practical sessions and mentoring.
TS200-SEM1-05,TS200,1,6,TS200-S05,66.55,48.88,False,49.6,64.03,59.2,63.44,55.0,Teaching incorporates both fundamentals and modern practical tools.
TS200-SEM1-06,TS200,1,6,TS200-S06,77.15,56.53,True,68.65,81.36,68.18,75.59,81.3,"Strictness is moderate, allowing good learning freedom."
TS200-SEM1-07,TS200,1,6,TS200-S07,89.06,68.4,True,64.43,76.94,68.84,79.27,71.58,"Campus has trees and nature, very peaceful."
TS200-SEM1-08,TS200,1,6,TS200-S08,73.2,68.05,False,68.93,76.5,67.87,71.28,53.38,"Campus has trees and nature, very peaceful."
TS200-SEM1-09,TS200,1,6,TS200-S09,76.36,54.28,True,82.21,78.3,69.67,76.05,73.07,Excellent labs and digital board infrastructure.
TS200-SEM1-10,TS200,1,6,TS200-S10,59.07,49.36,False,61.24,56.63,61.0,59.55,51.94,"Strictness is moderate, allowing good learning freedom."
TS200-SEM1-11,TS200,1,6,TS200-S11,71.97,71.24,False,64.28,58.11,63.07,58.36,55.82,Good focus on practical sessions and mentoring.
TS200-SEM1-12,TS200,1,6,TS200-S12,77.72,61.33,True,76.56,75.92,67.29,70.71,66.24,Good focus on practical sessions and mentoring.
TS200-SEM1-13,TS200,1,6,TS200-S13,64.23,71.95,False,66.62,55.34,61.88,57.47,50.65,Excellent labs and digital board infrastructure.
TS200-SEM1-14,TS200,1,6,TS200-S14,73.56,56.81,False,46.04,77.74,61.29,60.29,56.17,"Strictness is moderate, allowing good learning freedom."
TS201-SEM1-01,TS201,1,6,TS201-S01,80.02,68.11,True,73.41,77.36,77.55,87.15,85.32,Career guidance is helpful from the beginning.
TS201-SEM1-02,TS201,1,6,TS201-S02,100.0,71.68,True,81.47,79.26,88.14,88.91,76.56,Career guidance is helpful from the beginning.
TS201-SEM1-03,TS201,1,6,TS201-S03,75.86,73.64,True,74.28,82.87,70.94,83.68,88.98,Excellent labs and digital board infrastructure.
TS201-SEM1-04,TS201,1,6,TS201-S04,87.24,73.56,True,85.32,88.71,76.65,92.05,85.31,"Campus has trees and nature, very peaceful."
TS201-SEM1-05,TS201,1,6,TS201-S05,91.46,88.58,False,71.76,70.5,69.23,79.49,70.05,Teaching incorporates both fundamentals and modern practical tools.
TS201-SEM1-06,TS201,1,6,TS201-S06,72.29,74.17,False,74.54,83.66,76.96,66.82,62.06,Career guidance is helpful from the beginning.
TS201-SEM1-07,TS201,1,6,TS201-S07,79.92,88.99,True,89.68,76.95,82.99,77.28,84.36,"Strictness is moderate, allowing good learning freedom."
TS201-SEM1-08,TS201,1,6,TS201-S08,75.21,89.43,True,74.05,68.93,79.9,80.17,88.57,Teaching incorporates both fundamentals and modern practical tools.
TS201-SEM1-09,TS201,1,6,TS201-S09,80.59,86.66,True,89.49,74.32,72.81,77.98,79.69,Good focus on practical sessions and mentoring.
TS201-SEM1-10,TS201,1,6,TS201-S10,74.56,79.14,False,67.74,73.07,75.97,65.81,70.18,Good focus on practical sessions and mentoring.
TS201-SEM1-11,TS201,1,6,TS201-S11,74.77,69.23,False,57.98,77.18,64.88,68.72,61.69,Career guidance is helpful from the beginning.
TS201-SEM1-12,TS201,1,6,TS201-S12,81.23,73.41,True,82.7,89.67,82.23,77.25,81.99,"Campus has trees and nature, very peaceful."
TS201-SEM1-13,TS201,1,6,TS201-S13,91.06,87.27,True,89.06,85.66,82.0,83.22,93.82,Good focus on practical sessions and mentoring.
TS201-SEM1-14,TS201,1,6,TS201-S14,79.21,77.4,True,74.74,96.46,83.41,81.64,85.72,Teaching incorporates both fundamentals and modern practical tools.
TS202-SEM1-01,TS202,1,6,TS202-S01,74.17,94.11,False,75.43,71.71,84.37,89.24,70.11,"Campus has trees and nature, very peaceful."
TS202-SEM1-02,TS202,1,6,TS202-S02,94.41,61.69,True,85.82,84.86,79.04,99.47,86.99,Career guidance is helpful from the beginning.
TS202-SEM1-03,TS202,1,6,TS202-S03,85.55,74.53,True,84.15,100.0,90.04,95.03,84.57,Good focus on practical sessions and mentoring.
TS202-SEM1-04,TS202,1,6,TS202-S04,70.67,86.37,False,80.82,89.24,78.76,96.95,78.5,Career guidance is helpful from the beginning.
TS202-SEM1-05,TS202,1,6,TS202-S05,81.58,71.42,True,91.92,95.34,84.33,97.38,90.28,"Campus has trees and nature, very peaceful."
TS202-SEM1-06,TS202,1,6,TS202-S06,86.75,61.26,True,82.85,89.68,87.94,92.7,95.91,"Campus has trees and nature, very peaceful."
TS202-SEM1-07,TS202,1,6,TS202-S07,90.78,79.14,True,83.87,83.74,88.94,98.89,86.9,"Campus has trees and nature, very peaceful."
TS202-SEM1-08,TS202,1,6,TS202-S08,90.55,77.99,True,85.32,100.0,85.58,100.0,88.45,Excellent labs and digital board infrastructure.
TS202-SEM1-09,TS202,1,6,TS202-S09,83.01,80.58,True,86.72,92.49,89.32,90.63,80.49,"Strictness is moderate, allowing good learning freedom."
TS202-SEM1-10,TS202,1,6,TS202-S10,76.02,84.67,True,83.82,81.13,94.04,95.72,89.5,Excellent labs and digital board infrastructure.
TS202-SEM1-11,TS202,1,6,TS202-S11,90.75,87.95,True,79.09,80.8,91.96,100.0,87.47,Teaching incorporates both fundamentals and modern practical tools.
TS202-SEM1-12,TS202,1,6,TS202-S12,79.93,86.11,True,89.33,85.37,84.98,100.0,97.98,"Campus has trees and nature, very peaceful."
TS202-SEM1-13,TS202,1,6,TS202-S13,83.17,69.71,True,99.1,79.24,85.2,100.0,91.73,"Strictness is moderate, allowing good learning freedom."
TS202-SEM1-14,TS202,1,6,TS202-S14,79.07,76.85,False,68.6,81.59,81.2,89.17,69.46,"Campus has trees and nature, very peaceful."
TS203-SEM1-01,TS203,1,6,TS203-S01,75.1,48.11,False,52.8,72.31,62.54,62.06,59.71,"Strictness is moderate, allowing good learning freedom."
TS203-SEM1-02,TS203,1,6,TS203-S02,75.67,59.34,True,60.64,66.35,67.29,70.72,71.15,Good focus on practical sessions and mentoring.
TS203-SEM1-03,TS203,1,6,TS203-S03,61.3,42.76,False,56.37,57.87,56.23,53.97,55.45,Teaching incorporates both fundamentals and modern practical tools.
TS203-SEM1-04,TS203,1,6,TS203-S04,79.81,63.34,True,68.53,75.24,74.54,66.48,72.91,"Strictness is moderate, allowing good learning freedom."
TS203-SEM1-05,TS203,1,6,TS203-S05,69.75,67.93,False,62.19,64.5,59.63,51.43,54.54,Teaching incorporates both fundamentals and modern practical tools.
TS203-SEM1-06,TS203,1,6,TS203-S06,70.85,64.36,False,57.48,74.27,57.3,50.98,49.06,Career guidance is helpful from the beginning.
TS203-SEM1-07,TS203,1,6,TS203-S07,68.2,72.82,False,48.99,52.38,62.85,65.53,47.03,"Campus has trees and nature, very peaceful."
TS203-SEM1-08,TS203,1,6,TS203-S08,61.37,54.13,False,60.72,62.84,57.03,64.87,55.4,Good focus on practical sessions and mentoring.
TS203-SEM1-09,TS203,1,6,TS203-S09,71.35,45.86,False,52.15,77.35,59.1,54.69,52.87,Career guidance is helpful from the beginning.
TS203-SEM1-10,TS203,1,6,TS203-S10,72.71,70.83,False,60.5,56.28,67.14,65.32,52.55,"Strictness is moderate, allowing good learning freedom."
TS203-SEM1-11,TS203,1,6,TS203-S11,71.23,68.01,False,63.23,49.54,61.13,60.24,51.92,Excellent labs and digital board infrastructure.
TS203-SEM1-12,TS203,1,6,TS203-S12,68.55,72.54,False,59.99,78.55,57.93,61.25,56.33,"Strictness is moderate, allowing good learning freedom."
TS203-SEM1-13,TS203,1,6,TS203-S13,77.38,75.58,True,64.21,66.01,68.49,74.17,65.55,"Campus has trees and nature, very peaceful."
TS203-SEM1-14,TS203,1,6,TS203-S14,64.98,69.57,False,49.02,52.69,66.46,59.1,53.29,"Strictness is moderate, allowing good learning freedom."
TS204-SEM1-01,TS204,1,6,TS204-S01,72.24,63.11,False,36.4,37.51,50.68,55.21,44.17,Teaching incorporates both fundamentals and modern practical tools.
TS204-SEM1-02,TS204,1,6,TS204-S02,68.76,55.18,False,35.73,54.32,42.22,43.55,38.04,"Strictness is moderate, allowing good learning freedom."
TS204-SEM1-03,TS204,1,6,TS204-S03,67.58,48.45,False,39.0,41.6,42.15,30.7,31.76,"Campus has trees and nature, very peaceful."
TS204-SEM1-04,TS204,1,6,TS204-S04,71.73,46.84,False,29.33,46.04,45.73,41.46,34.91,"Campus has trees and nature, very peaceful."
TS204-SEM1-05,TS204,1,6,TS204-S05,70.57,46.38,False,45.32,44.26,41.36,49.05,28.42,Excellent labs and digital board infrastructure.
TS204-SEM1-06,TS204,1,6,TS204-S06,77.52,72.51,True,54.99,53.12,53.54,48.87,54.06,Good focus on practical sessions and mentoring.
TS204-SEM1-07,TS204,1,6,TS204-S07,72.16,61.61,False,44.63,63.23,41.67,49.63,32.21,Good focus on practical sessions and mentoring.
TS204-SEM1-08,TS204,1,6,TS204-S08,78.19,56.83,True,42.2,72.91,54.18,47.08,65.82,Good focus on practical sessions and mentoring.
TS204-SEM1-09,TS204,1,6,TS204-S09,66.43,58.86,False,30.44,44.55,41.96,51.79,48.41,Career guidance is helpful from the beginning.
TS204-SEM1-10,TS204,1,6,TS204-S10,68.92,34.47,False,42.11,41.32,51.31,46.6,32.42,Good focus on practical sessions and mentoring.
TS204-SEM1-11,TS204,1,6,TS204-S11,65.92,68.23,False,36.57,57.47,41.17,55.3,29.32,Career guidance is helpful from the beginning.
TS204-SEM1-12,TS204,1,6,TS204-S12,61.57,70.29,False,35.43,43.62,37.16,40.3,39.4,"Strictness is moderate, allowing good learning freedom."
TS204-SEM1-13,TS204,1,6,TS204-S13,71.89,51.4,False,42.96,55.13,41.68,52.83,31.21,Excellent labs and digital board infrastructure.
TS204-SEM1-14,TS204,1,6,TS204-S14,75.46,63.62,True,64.54,57.59,46.27,53.93,49.87,"Campus has trees and nature, very peaceful."
TS205-SEM1-01,TS205,1,6,TS205-S01,71.33,62.01,False,78.99,65.34,54.98,74.53,60.99,Career guidance is helpful from the beginning.
TS205-SEM1-02,TS205,1,6,TS205-S02,70.55,54.81,False,55.65,84.0,69.17,74.56,72.22,"Strictness is moderate, allowing good learning freedom."
TS205-SEM1-03,TS205,1,6,TS205-S03,66.79,68.02,False,56.08,72.73,61.91,78.54,71.35,Excellent labs and digital board infrastructure.
TS205-SEM1-04,TS205,1,6,TS205-S04,72.56,40.07,False,63.79,70.57,72.08,84.56,69.2,Career guidance is helpful from the beginning.
TS205-SEM1-05,TS205,1,6,TS205-S05,71.21,55.41,False,56.87,62.4,69.96,67.62,56.94,Excellent labs and digital board infrastructure.
TS205-SEM1-06,TS205,1,6,TS205-S06,75.37,55.54,True,72.69,79.03,70.72,71.3,84.36,"Strictness is moderate, allowing good learning freedom."
TS205-SEM1-07,TS205,1,6,TS205-S07,67.82,59.51,False,59.43,71.08,69.24,78.97,58.83,Good focus on practical sessions and mentoring.
TS205-SEM1-08,TS205,1,6,TS205-S08,71.7,66.17,False,72.85,69.18,62.56,77.32,60.75,Good focus on practical sessions and mentoring.
TS205-SEM1-09,TS205,1,6,TS205-S09,60.01,43.55,False,63.18,66.87,66.11,81.02,56.9,"Strictness is moderate, allowing good learning freedom."
TS205-SEM1-10,TS205,1,6,TS205-S10,63.68,53.74,False,59.92,66.26,63.59,62.87,48.73,Excellent labs and digital board infrastructure.
TS205-SEM1-11,TS205,1,6,TS205-S11,72.74,50.71,False,51.55,71.72,75.3,75.15,62.92,Teaching incorporates both fundamentals and modern practical tools.
TS205-SEM1-12,TS205,1,6,TS205-S12,73.66,38.87,False,68.91,76.64,76.76,73.09,55.9,Excellent labs and digital board infrastructure.
TS205-SEM1-13,TS205,1,6,TS205-S13,80.15,66.99,True,73.7,78.9,69.31,82.68,77.84,Career guidance is helpful from the beginning.
TS205-SEM1-14,TS205,1,6,TS205-S14,86.06,67.49,True,77.57,79.67,72.21,76.1,82.88,Excellent labs and digital board infrastructure.
TS206-SEM1-01,TS206,1,6,TS206-S01,74.67,62.64,False,77.57,89.11,88.96,85.07,79.0,"Strictness is moderate, allowing good learning freedom."
TS206-SEM1-02,TS206,1,6,TS206-S02,94.52,69.61,True,90.56,80.87,97.02,88.31,99.57,"Campus has trees and nature, very peaceful."
TS206-SEM1-03,TS206,1,6,TS206-S03,80.52,87.47,True,100.0,98.32,82.13,87.04,100.0,Teaching incorporates both fundamentals and modern practical tools.
TS206-SEM1-04,TS206,1,6,TS206-S04,91.82,82.15,True,88.29,95.7,88.97,87.84,94.98,Excellent labs and digital board infrastructure.
TS206-SEM1-05,TS206,1,6,TS206-S05,87.29,93.06,True,94.16,83.98,94.44,100.0,100.0,Teaching incorporates both fundamentals and modern practical tools.
TS206-SEM1-06,TS206,1,6,TS206-S06,83.25,70.11,True,100.0,93.03,90.58,86.02,100.0,Teaching incorporates both fundamentals and modern practical tools.
TS206-SEM1-07,TS206,1,6,TS206-S07,76.65,65.17,True,92.89,99.36,96.38,82.85,92.32,Excellent labs and digital board infrastructure.
TS206-SEM1-08,TS206,1,6,TS206-S08,76.75,82.85,True,91.87,92.9,85.47,85.69,89.6,Excellent labs and digital board infrastructure.
TS206-SEM1-09,TS206,1,6,TS206-S09,82.87,76.42,True,96.63,99.63,85.95,88.18,98.67,Good focus on practical sessions and mentoring.
TS206-SEM1-10,TS206,1,6,TS206-S10,81.96,61.28,True,91.25,89.81,90.46,99.54,95.06,Excellent labs and digital board infrastructure.
TS206-SEM1-11,TS206,1,6,TS206-S11,71.69,75.91,False,90.58,79.83,81.91,81.31,81.02,Excellent labs and digital board infrastructure.
TS206-SEM1-12,TS206,1,6,TS206-S12,80.14,59.84,True,93.71,95.45,88.18,88.36,96.32,Good focus on practical sessions and mentoring.
TS206-SEM1-13,TS206,1,6,TS206-S13,77.34,74.08,True,86.98,93.62,85.65,83.72,92.78,Good focus on practical sessions and mentoring.
TS206-SEM1-14,TS206,1,6,TS206-S14,90.19,57.85,True,93.94,100.0,100.0,87.61,98.8,"Campus has trees and nature, very peaceful."
TS207-SEM1-01,TS207,1,6,TS207-S01,70.21,66.51,False,38.75,55.13,47.12,62.22,45.7,Excellent labs and digital board infrastructure.
TS207-SEM1-02,TS207,1,6,TS207-S02,76.24,71.2,True,66.34,67.01,54.86,51.26,58.07,Career guidance is helpful from the beginning.
TS207-SEM1-03,TS207,1,6,TS207-S03,61.4,59.52,False,40.62,52.55,41.15,55.77,45.04,Teaching incorporates both fundamentals and modern practical tools.
TS207-SEM1-04,TS207,1,6,TS207-S04,82.14,78.61,False,50.22,57.82,45.94,49.88,45.28,"Strictness is moderate, allowing good learning freedom."
TS207-SEM1-05,TS207,1,6,TS207-S05,96.53,73.67,True,60.98,69.53,54.63,63.09,59.3,Good focus on practical sessions and mentoring.
TS207-SEM1-06,TS207,1,6,TS207-S06,65.93,66.82,False,47.77,54.57,49.63,57.31,41.82,"Strictness is moderate, allowing good learning freedom."
TS207-SEM1-07,TS207,1,6,TS207-S07,69.32,54.91,False,42.56,68.01,47.09,53.71,40.46,Excellent labs and digital board infrastructure.
TS207-SEM1-08,TS207,1,6,TS207-S08,69.54,53.21,False,44.68,51.6,54.45,50.9,41.86,Career guidance is helpful from the beginning.
TS207-SEM1-09,TS207,1,6,TS207-S09,70.92,65.71,False,53.03,47.41,49.47,42.14,48.2,Teaching incorporates both fundamentals and modern practical tools.
TS207-SEM1-10,TS207,1,6,TS207-S10,71.35,47.05,False,36.43,62.24,39.76,53.22,39.94,Excellent labs and digital board infrastructure.
TS207-SEM1-11,TS207,1,6,TS207-S11,70.83,55.26,False,38.36,51.83,50.94,49.79,44.19,Career guidance is helpful from the beginning.
TS207-SEM1-12,TS207,1,6,TS207-S12,70.55,68.11,False,46.57,51.41,43.31,57.28,38.01,Teaching incorporates both fundamentals and modern practical tools.
TS207-SEM1-13,TS207,1,6,TS207-S13,75.0,62.31,True,60.66,76.68,58.21,59.32,68.19,Career guidance is helpful from the beginning.
TS207-SEM1-14,TS207,1,6,TS207-S14,61.95,50.88,False,41.29,67.09,52.8,41.25,39.9,Good focus on practical sessions and mentoring.
TS208-SEM1-01,TS208,1,6,TS208-S01,67.72,64.38,False,52.92,54.05,55.62,47.05,54.58,Excellent labs and digital board infrastructure.
TS208-SEM1-02,TS208,1,6,TS208-S02,75.29,76.15,True,66.8,58.45,62.24,52.05,63.89,Career guidance is helpful from the beginning.
TS208-SEM1-03,TS208,1,6,TS208-S03,73.62,57.0,False,48.26,61.73,69.09,53.96,43.71,Career guidance is helpful from the beginning.
TS208-SEM1-04,TS208,1,6,TS208-S04,74.38,41.15,False,45.12,53.6,50.3,52.52,43.8,Excellent labs and digital board infrastructure.
TS208-SEM1-05,TS208,1,6,TS208-S05,72.34,73.23,False,49.54,50.13,53.14,49.82,47.07,Teaching incorporates both fundamentals and modern practical tools.
TS208-SEM1-06,TS208,1,6,TS208-S06,76.72,47.86,False,51.23,53.57,61.77,56.94,50.86,Excellent labs and digital board infrastructure.
TS208-SEM1-07,TS208,1,6,TS208-S07,68.59,71.25,False,48.02,43.47,63.98,56.46,53.2,Career guidance is helpful from the beginning.
TS208-SEM1-08,TS208,1,6,TS208-S08,75.59,61.05,True,68.73,60.14,59.93,54.76,68.99,"Strictness is moderate, allowing good learning freedom."
TS208-SEM1-09,TS208,1,6,TS208-S09,63.85,60.57,False,51.64,49.34,59.24,58.03,47.66,"Campus has trees and nature, very peaceful."
TS208-SEM1-10,TS208,1,6,TS208-S10,77.22,59.81,True,63.71,47.4,68.39,63.85,75.23,"Strictness is moderate, allowing good learning freedom."
TS208-SEM1-11,TS208,1,6,TS208-S11,73.86,85.4,False,52.09,58.66,54.59,57.25,54.61,Teaching incorporates both fundamentals and modern practical tools.
TS208-SEM1-12,TS208,1,6,TS208-S12,77.0,69.76,True,66.81,55.69,62.33,59.6,74.11,Career guidance is helpful from the beginning.
TS208-SEM1-13,TS208,1,6,TS208-S13,73.22,56.92,False,44.41,62.55,53.99,53.51,61.92,"Campus has trees and nature, very peaceful."
TS208-SEM1-14,TS208,1,6,TS208-S14,68.28,59.24,False,54.62,37.44,48.61,51.41,48.99,Teaching incorporates both fundamentals and modern practical tools.
TS209-SEM1-01,TS209,1,6,TS209-S01,74.87,88.8,False,81.9,72.49,78.22,85.07,63.5,"Strictness is moderate, allowing good learning freedom."
TS209-SEM1-02,TS209,1,6,TS209-S02,69.05,90.17,False,70.22,73.97,74.52,74.11,83.08,Good focus on practical sessions and mentoring.
TS209-SEM1-03,TS209,1,6,TS209-S03,78.82,78.27,True,92.01,96.89,79.16,82.41,75.41,Excellent labs and digital board infrastructure.
TS209-SEM1-04,TS209,1,6,TS209-S04,81.55,75.33,True,95.06,93.82,86.64,83.22,92.71,Teaching incorporates both fundamentals and modern practical tools.
TS209-SEM1-05,TS209,1,6,TS209-S05,82.07,86.41,True,86.64,75.8,86.75,85.6,89.8,Teaching incorporates both fundamentals and modern practical tools.
TS209-SEM1-06,TS209,1,6,TS209-S06,83.88,79.86,True,81.44,91.87,77.4,86.79,87.54,Career guidance is helpful from the beginning.
TS209-SEM1-07,TS209,1,6,TS209-S07,78.21,75.94,True,82.02,90.96,82.63,71.8,88.14,"Campus has trees and nature, very peaceful."
TS209-SEM1-08,TS209,1,6,TS209-S08,80.18,70.86,True,84.01,83.94,87.65,72.83,81.47,"Strictness is moderate, allowing good learning freedom."
TS209-SEM1-09,TS209,1,6,TS209-S09,75.81,77.59,True,87.31,79.37,79.14,78.47,88.82,Teaching incorporates both fundamentals and modern practical tools.
TS209-SEM1-10,TS209,1,6,TS209-S10,79.3,60.87,True,91.87,86.7,81.89,74.29,75.99,Excellent labs and digital board infrastructure.
TS209-SEM1-11,TS209,1,6,TS209-S11,70.91,74.55,False,68.44,82.49,73.3,82.25,72.65,Teaching incorporates both fundamentals and modern practical tools.
TS209-SEM1-12,TS209,1,6,TS209-S12,80.07,64.97,True,92.89,80.58,73.8,84.11,78.85,Teaching incorporates both fundamentals and modern practical tools.
TS209-SEM1-13,TS209,1,6,TS209-S13,82.77,71.64,True,89.31,96.95,82.32,78.18,81.1,Career guidance is helpful from the beginning.
TS209-SEM1-14,TS209,1,6,TS209-S14,78.82,94.94,True,85.25,100.0,82.56,78.84,89.94,Teaching incorporates both fundamentals and modern practical tools.
TS210-SEM1-01,TS210,1,6,TS210-S01,65.82,50.26,False,67.28,78.18,70.99,67.83,51.98,"Campus has trees and nature, very peaceful."
TS210-SEM1-02,TS210,1,6,TS210-S02,83.87,59.46,True,81.14,75.89,74.49,70.23,75.01,Career guidance is helpful from the beginning.
TS210-SEM1-03,TS210,1,6,TS210-S03,77.69,55.6,True,66.74,74.45,79.87,76.75,78.0,Good focus on practical sessions and mentoring.
TS210-SEM1-04,TS210,1,6,TS210-S04,75.51,62.91,True,69.39,76.93,71.13,75.04,82.14,Good focus on practical sessions and mentoring.
TS210-SEM1-05,TS210,1,6,TS210-S05,66.54,47.9,False,57.07,58.21,63.35,69.2,60.89,"Strictness is moderate, allowing good learning freedom."
TS210-SEM1-06,TS210,1,6,TS210-S06,80.29,63.06,True,69.17,77.12,61.81,76.26,68.41,"Strictness is moderate, allowing good learning freedom."
TS210-SEM1-07,TS210,1,6,TS210-S07,72.69,83.62,False,53.08,71.89,61.83,68.73,66.47,"Strictness is moderate, allowing good learning freedom."
TS210-SEM1-08,TS210,1,6,TS210-S08,84.96,66.12,True,75.02,74.17,73.35,87.71,84.96,Career guidance is helpful from the beginning.
TS210-SEM1-09,TS210,1,6,TS210-S09,68.86,63.27,False,60.11,73.55,76.65,83.01,62.64,"Campus has trees and nature, very peaceful."
TS210-SEM1-10,TS210,1,6,TS210-S10,77.45,74.67,True,64.53,80.15,58.74,89.36,79.4,Career guidance is helpful from the beginning.
TS210-SEM1-11,TS210,1,6,TS210-S11,68.72,35.3,False,60.56,67.14,64.33,72.93,54.16,Career guidance is helpful from the beginning.
TS210-SEM1-12,TS210,1,6,TS210-S12,71.69,53.98,False,65.5,64.72,56.02,77.72,60.72,Career guidance is helpful from the beginning.
TS210-SEM1-13,TS210,1,6,TS210-S13,81.71,71.28,True,83.2,64.27,71.79,88.18,83.94,Career guidance is helpful from the beginning.
TS210-SEM1-14,TS210,1,6,TS210-S14,83.33,74.75,True,78.12,77.15,68.1,82.96,85.63,Teaching incorporates both fundamentals and modern practical tools.
TS211-SEM1-01,TS211,1,6,TS211-S01,82.43,58.55,True,82.93,55.12,58.11,69.15,69.57,"Strictness is moderate, allowing good learning freedom."
TS211-SEM1-02,TS211,1,6,TS211-S02,73.7,84.32,False,45.41,49.25,51.64,55.9,49.06,"Strictness is moderate, allowing good learning freedom."
TS211-SEM1-03,TS211,1,6,TS211-S03,64.96,69.32,False,53.89,40.8,51.87,55.13,43.47,Excellent labs and digital board infrastructure.
TS211-SEM1-04,TS211,1,6,TS211-S04,73.36,75.4,False,57.83,45.83,59.2,46.38,52.51,Good focus on practical sessions and mentoring.
TS211-SEM1-05,TS211,1,6,TS211-S05,70.04,51.61,False,57.57,35.0,51.9,47.49,49.3,"Strictness is moderate, allowing good learning freedom."
TS211-SEM1-06,TS211,1,6,TS211-S06,79.8,69.54,True,68.17,60.72,71.68,49.99,73.68,"Campus has trees and nature, very peaceful."
TS211-SEM1-07,TS211,1,6,TS211-S07,68.95,67.03,False,56.87,56.68,65.74,45.66,56.85,Teaching incorporates both fundamentals and modern practical tools.
TS211-SEM1-08,TS211,1,6,TS211-S08,71.62,57.39,False,66.03,56.43,55.74,59.63,51.6,Good focus on practical sessions and mentoring.
TS211-SEM1-09,TS211,1,6,TS211-S09,69.4,55.94,False,55.65,45.91,58.6,59.21,52.38,Excellent labs and digital board infrastructure.
TS211-SEM1-10,TS211,1,6,TS211-S10,83.86,62.13,True,73.68,73.02,74.69,50.32,71.15,Career guidance is helpful from the beginning.
TS211-SEM1-11,TS211,1,6,TS211-S11,71.33,63.11,False,51.44,46.47,52.33,54.47,56.5,Excellent labs and digital board infrastructure.
TS211-SEM1-12,TS211,1,6,TS211-S12,69.04,58.71,False,49.64,42.86,56.64,55.95,58.11,Good focus on practical sessions and mentoring.
TS211-SEM1-13,TS211,1,6,TS211-S13,64.85,61.7,False,60.89,41.39,64.16,51.25,55.38,"Strictness is moderate, allowing good learning freedom."
TS211-SEM1-14,TS211,1,6,TS211-S14,70.69,66.59,False,63.48,49.85,62.81,55.53,47.9,Good focus on practical sessions and mentoring.
TS212-SEM1-01,TS212,1,6,TS212-S01,72.15,53.35,False,49.9,40.84,51.84,48.69,48.05,Teaching incorporates both fundamentals and modern practical tools.
TS212-SEM1-02,TS212,1,6,TS212-S02,64.38,62.83,False,57.08,61.68,48.05,51.33,52.54,Teaching incorporates both fundamentals and modern practical tools.
TS212-SEM1-03,TS212,1,6,TS212-S03,76.22,55.85,True,64.77,47.44,63.91,68.83,64.34,"Campus has trees and nature, very peaceful."
TS212-SEM1-04,TS212,1,6,TS212-S04,63.48,76.13,False,51.6,57.78,47.68,47.42,50.35,Career guidance is helpful from the beginning.
TS212-SEM1-05,TS212,1,6,TS212-S05,78.17,50.71,True,54.76,56.5,60.0,65.26,55.75,"Strictness is moderate, allowing good learning freedom."
TS212-SEM1-06,TS212,1,6,TS212-S06,79.92,60.29,True,68.47,68.93,71.38,57.64,66.96,"Strictness is moderate, allowing good learning freedom."
TS212-SEM1-07,TS212,1,6,TS212-S07,66.06,60.98,False,54.6,61.13,52.37,48.1,48.65,Excellent labs and digital board infrastructure.
TS212-SEM1-08,TS212,1,6,TS212-S08,66.89,56.22,False,54.31,56.0,58.45,53.31,53.33,Career guidance is helpful from the beginning.
TS212-SEM1-09,TS212,1,6,TS212-S09,72.09,59.16,False,43.69,35.39,46.46,56.62,43.74,Excellent labs and digital board infrastructure.
TS212-SEM1-10,TS212,1,6,TS212-S10,62.13,57.81,False,51.96,55.43,54.14,54.96,45.59,Career guidance is helpful from the beginning.
TS212-SEM1-11,TS212,1,6,TS212-S11,75.8,60.23,True,70.51,68.45,60.36,60.37,64.61,Good focus on practical sessions and mentoring.
TS212-SEM1-12,TS212,1,6,TS212-S12,59.87,72.97,False,46.17,58.95,54.49,63.68,50.93,Good focus on practical sessions and mentoring.
TS212-SEM1-13,TS212,1,6,TS212-S13,77.47,56.08,True,65.17,46.77,58.94,55.19,62.08,Career guidance is helpful from the beginning.
TS212-SEM1-14,TS212,1,6,TS212-S14,75.57,67.3,True,66.2,57.79,73.41,64.13,63.33,"Campus has trees and nature, very peaceful."
TS213-SEM1-01,TS213,1,6,TS213-S01,74.82,59.89,False,60.98,47.06,55.72,63.32,53.75,Good focus on practical sessions and mentoring.
TS213-SEM1-02,TS213,1,6,TS213-S02,75.82,73.93,True,69.41,78.74,63.19,63.85,59.97,"Campus has trees and nature, very peaceful."
TS213-SEM1-03,TS213,1,6,TS213-S03,72.61,67.81,False,58.65,45.24,59.13,62.46,53.44,Good focus on practical sessions and mentoring.
TS213-SEM1-04,TS213,1,6,TS213-S04,65.43,62.77,False,50.29,38.56,62.58,61.98,56.13,"Strictness is moderate, allowing good learning freedom."
TS213-SEM1-05,TS213,1,6,TS213-S05,68.79,68.27,False,61.31,67.57,63.24,63.44,46.28,Teaching incorporates both fundamentals and modern practical tools.
TS213-SEM1-06,TS213,1,6,TS213-S06,71.36,47.77,False,50.26,69.18,54.06,47.08,57.24,Teaching incorporates both fundamentals and modern practical tools.
TS213-SEM1-07,TS213,1,6,TS213-S07,67.96,69.68,False,48.15,50.13,65.15,53.2,52.33,"Strictness is moderate, allowing good learning freedom."
TS213-SEM1-08,TS213,1,6,TS213-S08,73.75,54.81,False,56.63,53.66,61.85,72.19,66.55,Career guidance is helpful from the beginning.
TS213-SEM1-09,TS213,1,6,TS213-S09,74.78,60.9,False,57.82,51.68,51.24,60.86,58.59,Excellent labs and digital board infrastructure.
TS213-SEM1-10,TS213,1,6,TS213-S10,63.21,52.15,False,51.68,56.51,71.06,56.28,53.63,Teaching incorporates both fundamentals and modern practical tools.
TS213-SEM1-11,TS213,1,6,TS213-S11,72.03,58.99,False,54.89,49.82,72.89,65.63,50.89,Good focus on practical sessions and mentoring.
TS213-SEM1-12,TS213,1,6,TS213-S12,79.1,64.57,True,68.08,61.54,60.08,58.09,73.03,Good focus on practical sessions and mentoring.
TS213-SEM1-13,TS213,1,6,TS213-S13,70.85,70.77,False,49.84,44.75,63.06,59.36,57.45,Teaching incorporates both fundamentals and modern practical tools.
TS213-SEM1-14,TS213,1,6,TS213-S14,72.2,80.78,False,59.71,56.81,63.17,59.5,44.96,Teaching incorporates both fundamentals and modern practical tools.
TS214-SEM1-01,TS214,1,6,TS214-S01,74.64,61.99,False,68.37,65.34,66.27,68.49,58.36,Excellent labs and digital board infrastructure.
TS214-SEM1-02,TS214,1,6,TS214-S02,72.02,63.74,False,53.83,66.46,68.75,86.26,57.72,Teaching incorporates both fundamentals and modern practical tools.
TS214-SEM1-03,TS214,1,6,TS214-S03,74.94,56.38,False,61.27,63.53,62.73,74.97,67.19,Career guidance is helpful from the beginning.
TS214-SEM1-04,TS214,1,6,TS214-S04,67.47,52.89,False,65.2,70.6,67.61,79.34,56.9,Excellent labs and digital board infrastructure.
TS214-SEM1-05,TS214,1,6,TS214-S05,66.61,71.86,False,63.07,75.33,74.07,82.89,55.1,"Strictness is moderate, allowing good learning freedom."
TS214-SEM1-06,TS214,1,6,TS214-S06,71.3,72.41,False,67.08,72.03,59.75,74.12,62.29,"Strictness is moderate, allowing good learning freedom."
TS214-SEM1-07,TS214,1,6,TS214-S07,63.44,69.94,False,63.24,54.72,65.11,76.1,61.3,Teaching incorporates both fundamentals and modern practical tools.
TS214-SEM1-08,TS214,1,6,TS214-S08,80.52,67.78,True,69.01,78.42,75.58,90.77,88.6,Good focus on practical sessions and mentoring.
TS214-SEM1-09,TS214,1,6,TS214-S09,82.71,57.58,True,80.5,71.83,65.51,85.68,72.47,"Strictness is moderate, allowing good learning freedom."
TS214-SEM1-10,TS214,1,6,TS214-S10,66.89,55.15,False,65.26,80.8,68.01,74.58,51.6,Teaching incorporates both fundamentals and modern practical tools.
TS214-SEM1-11,TS214,1,6,TS214-S11,74.75,62.29,False,60.65,79.88,61.99,73.71,60.72,Career guidance is helpful from the beginning.
TS214-SEM1-12,TS214,1,6,TS214-S12,68.63,67.51,False,66.73,78.96,70.46,77.12,60.25,Career guidance is helpful from the beginning.
TS214-SEM1-13,TS214,1,6,TS214-S13,74.73,60.1,False,64.23,74.63,68.64,79.67,57.99,Good focus on practical sessions and mentoring.
TS214-SEM1-14,TS214,1,6,TS214-S14,80.1,50.93,True,75.03,89.21,79.37,84.8,87.72,Excellent labs and digital board infrastructure.
TS215-SEM1-01,TS215,1,6,TS215-S01,67.75,56.49,False,30.5,47.85,48.63,67.49,42.4,Good focus on practical sessions and mentoring.
TS215-SEM1-02,TS215,1,6,TS215-S02,68.91,67.51,False,46.27,32.98,46.84,76.17,37.86,Teaching incorporates both fundamentals and modern practical tools.
TS215-SEM1-03,TS215,1,6,TS215-S03,56.87,53.87,False,30.43,45.72,39.2,69.27,43.21,Good focus on practical sessions and mentoring.
TS215-SEM1-04,TS215,1,6,TS215-S04,74.06,74.26,False,37.93,51.38,56.29,67.2,42.23,Excellent labs and digital board infrastructure.
TS215-SEM1-05,TS215,1,6,TS215-S05,67.39,57.83,False,35.3,64.24,37.53,69.17,42.23,"Campus has trees and nature, very peaceful."
TS215-SEM1-06,TS215,1,6,TS215-S06,62.38,73.42,False,39.77,40.23,47.14,58.75,38.3,Good focus on practical sessions and mentoring.
TS215-SEM1-07,TS215,1,6,TS215-S07,68.97,53.21,False,34.19,57.17,46.95,65.25,37.5,"Strictness is moderate, allowing good learning freedom."
TS215-SEM1-08,TS215,1,6,TS215-S08,72.31,54.64,False,36.8,64.47,49.74,60.32,31.84,Excellent labs and digital board infrastructure.
TS215-SEM1-09,TS215,1,6,TS215-S09,61.79,55.66,False,41.97,51.74,46.06,65.69,34.13,"Campus has trees and nature, very peaceful."
TS215-SEM1-10,TS215,1,6,TS215-S10,81.05,60.03,True,51.38,63.28,62.71,64.75,51.74,Excellent labs and digital board infrastructure.
TS215-SEM1-11,TS215,1,6,TS215-S11,66.81,58.67,False,38.19,42.47,45.07,73.05,38.57,Excellent labs and digital board infrastructure.
TS215-SEM1-12,TS215,1,6,TS215-S12,71.42,65.43,False,45.21,61.78,46.52,63.67,34.36,"Strictness is moderate, allowing good learning freedom."
TS215-SEM1-13,TS215,1,6,TS215-S13,76.44,53.55,True,56.48,73.12,55.95,70.46,52.41,"Campus has trees and nature, very peaceful."
TS215-SEM1-14,TS215,1,6,TS215-S14,81.13,61.43,True,58.65,57.21,48.56,66.74,54.02,Good focus on practical sessions and mentoring.
TS216-SEM1-01,TS216,1,6,TS216-S01,68.59,44.32,False,54.71,53.58,64.92,62.33,56.56,"Campus has trees and nature, very peaceful."
TS216-SEM1-02,TS216,1,6,TS216-S02,69.1,55.25,False,58.46,62.61,60.44,62.97,56.77,Good focus on practical sessions and mentoring.
TS216-SEM1-03,TS216,1,6,TS216-S03,75.87,40.23,False,53.28,68.51,53.73,53.38,52.13,"Strictness is moderate, allowing good learning freedom."
TS216-SEM1-04,TS216,1,6,TS216-S04,75.12,57.4,True,79.89,54.99,63.91,56.84,74.13,Excellent labs and digital board infrastructure.
TS216-SEM1-05,TS216,1,6,TS216-S05,67.92,57.24,False,61.72,49.76,50.93,49.87,59.18,Good focus on practical sessions and mentoring.
TS216-SEM1-06,TS216,1,6,TS216-S06,78.23,59.06,True,73.83,92.43,64.65,63.32,77.04,Career guidance is helpful from the beginning.
TS216-SEM1-07,TS216,1,6,TS216-S07,65.21,58.33,False,39.0,57.96,52.44,71.09,47.95,"Campus has trees and nature, very peaceful."
TS216-SEM1-08,TS216,1,6,TS216-S08,76.68,60.95,False,57.96,59.96,55.59,58.66,55.37,"Campus has trees and nature, very peaceful."
TS216-SEM1-09,TS216,1,6,TS216-S09,60.59,78.78,False,55.62,57.69,60.16,59.97,51.94,Teaching incorporates both fundamentals and modern practical tools.
TS216-SEM1-10,TS216,1,6,TS216-S10,65.21,65.75,False,54.36,61.89,66.24,58.71,52.18,Excellent labs and digital board infrastructure.
TS216-SEM1-11,TS216,1,6,TS216-S11,62.09,67.5,False,54.72,60.53,58.04,60.07,65.31,Excellent labs and digital board infrastructure.
TS216-SEM1-12,TS216,1,6,TS216-S12,72.23,64.97,False,47.99,67.47,58.21,66.21,57.34,"Strictness is moderate, allowing good learning freedom."
TS216-SEM1-13,TS216,1,6,TS216-S13,71.38,55.23,False,40.86,57.29,55.42,56.68,60.09,Good focus on practical sessions and mentoring.
TS216-SEM1-14,TS216,1,6,TS216-S14,77.9,43.7,False,55.75,53.85,60.66,58.74,50.13,"Strictness is moderate, allowing good learning freedom."
TS217-SEM1-01,TS217,1,6,TS217-S01,84.8,48.43,False,68.2,71.67,69.72,63.12,67.99,"Strictness is moderate, allowing good learning freedom."
TS217-SEM1-02,TS217,1,6,TS217-S02,76.23,87.23,True,69.72,99.63,76.95,72.12,83.15,Career guidance is helpful from the beginning.
TS217-SEM1-03,TS217,1,6,TS217-S03,63.63,65.76,False,65.73,81.78,74.5,73.5,65.17,Excellent labs and digital board infrastructure.
TS217-SEM1-04,TS217,1,6,TS217-S04,81.63,67.76,True,75.36,77.62,80.16,66.87,82.99,Career guidance is helpful from the beginning.
TS217-SEM1-05,TS217,1,6,TS217-S05,67.0,49.47,False,59.66,73.0,74.03,63.8,53.83,Teaching incorporates both fundamentals and modern practical tools.
TS217-SEM1-06,TS217,1,6,TS217-S06,90.93,73.18,True,89.98,83.93,76.54,82.99,88.96,"Campus has trees and nature, very peaceful."
TS217-SEM1-07,TS217,1,6,TS217-S07,75.69,70.82,True,78.67,96.82,81.23,66.09,79.56,"Strictness is moderate, allowing good learning freedom."
TS217-SEM1-08,TS217,1,6,TS217-S08,81.25,66.55,True,81.48,82.53,74.59,69.86,87.26,"Strictness is moderate, allowing good learning freedom."
TS217-SEM1-09,TS217,1,6,TS217-S09,73.43,69.07,False,69.49,84.46,72.48,72.8,65.05,Career guidance is helpful from the beginning.
TS217-SEM1-10,TS217,1,6,TS217-S10,66.32,59.74,False,69.75,78.61,77.47,65.1,65.34,Excellent labs and digital board infrastructure.
TS217-SEM1-11,TS217,1,6,TS217-S11,71.23,78.24,False,68.47,76.36,70.03,66.51,56.97,"Campus has trees and nature, very peaceful."
TS217-SEM1-12,TS217,1,6,TS217-S12,64.43,63.79,False,66.54,74.67,74.92,68.42,62.47,"Strictness is moderate, allowing good learning freedom."
TS217-SEM1-13,TS217,1,6,TS217-S13,70.74,64.44,False,63.93,81.71,70.16,69.37,60.13,Career guidance is helpful from the beginning.
TS217-SEM1-14,TS217,1,6,TS217-S14,78.39,76.39,True,82.62,82.33,78.63,77.57,71.04,Career guidance is helpful from the beginning.
TS218-SEM1-01,TS218,1,6,TS218-S01,64.76,68.69,False,56.31,33.26,57.37,66.41,51.07,Good focus on practical sessions and mentoring.
TS218-SEM1-02,TS218,1,6,TS218-S02,69.94,64.44,False,56.43,40.4,60.28,63.11,62.79,"Campus has trees and nature, very peaceful."
TS218-SEM1-03,TS218,1,6,TS218-S03,71.38,63.35,False,57.72,45.76,56.57,67.6,56.51,Career guidance is helpful from the beginning.
TS218-SEM1-04,TS218,1,6,TS218-S04,84.5,69.42,True,74.47,52.82,60.88,65.82,75.61,Good focus on practical sessions and mentoring.
TS218-SEM1-05,TS218,1,6,TS218-S05,80.53,69.34,True,80.23,54.79,61.42,73.36,78.62,Excellent labs and digital board infrastructure.
TS218-SEM1-06,TS218,1,6,TS218-S06,66.94,44.95,False,56.39,54.51,45.34,70.7,47.33,Career guidance is helpful from the beginning.
TS218-SEM1-07,TS218,1,6,TS218-S07,76.35,42.03,False,47.32,53.29,66.24,64.78,66.14,Good focus on practical sessions and mentoring.
TS218-SEM1-08,TS218,1,6,TS218-S08,65.86,51.65,False,54.35,45.54,61.58,60.38,57.0,Good focus on practical sessions and mentoring.
TS218-SEM1-09,TS218,1,6,TS218-S09,75.26,78.13,True,72.19,63.19,67.13,70.57,61.85,"Campus has trees and nature, very peaceful."
TS218-SEM1-10,TS218,1,6,TS218-S10,72.5,67.95,False,55.82,42.08,51.77,67.56,54.33,"Strictness is moderate, allowing good learning freedom."
TS218-SEM1-11,TS218,1,6,TS218-S11,80.34,47.51,False,53.34,37.77,65.29,72.27,63.78,Good focus on practical sessions and mentoring.
TS218-SEM1-12,TS218,1,6,TS218-S12,75.13,69.89,True,73.6,58.74,70.26,84.68,73.26,Career guidance is helpful from the beginning.
TS218-SEM1-13,TS218,1,6,TS218-S13,72.14,63.98,False,55.27,50.31,59.25,71.7,59.39,Teaching incorporates both fundamentals and modern practical tools.
TS218-SEM1-14,TS218,1,6,TS218-S14,85.0,61.76,True,71.65,59.94,72.82,62.09,74.47,Excellent labs and digital board infrastructure.
TS219-SEM1-01,TS219,1,6,TS219-S01,67.88,57.64,False,31.69,49.29,47.67,48.45,44.39,Career guidance is helpful from the beginning.
TS219-SEM1-02,TS219,1,6,TS219-S02,80.74,55.35,True,63.77,59.74,53.41,69.32,60.46,Career guidance is helpful from the beginning.
TS219-SEM1-03,TS219,1,6,TS219-S03,80.57,61.83,True,63.68,36.93,59.76,61.4,61.59,Excellent labs and digital board infrastructure.
TS219-SEM1-04,TS219,1,6,TS219-S04,81.98,58.94,True,56.76,44.9,65.09,64.18,67.32,Excellent labs and digital board infrastructure.
TS219-SEM1-05,TS219,1,6,TS219-S05,70.0,62.34,False,48.76,37.7,46.58,62.88,40.03,Good focus on practical sessions and mentoring.
TS219-SEM1-06,TS219,1,6,TS219-S06,69.1,73.15,False,51.5,59.0,43.72,53.96,38.74,Career guidance is helpful from the beginning.
TS219-SEM1-07,TS219,1,6,TS219-S07,76.31,50.03,True,68.27,50.8,49.4,69.74,63.18,Good focus on practical sessions and mentoring.
TS219-SEM1-08,TS219,1,6,TS219-S08,69.11,60.06,False,27.85,42.86,53.31,54.36,35.63,"Campus has trees and nature, very peaceful."
TS219-SEM1-09,TS219,1,6,TS219-S09,80.26,50.86,True,74.42,55.64,60.31,54.42,50.53,Good focus on practical sessions and mentoring.
TS219-SEM1-10,TS219,1,6,TS219-S10,67.22,70.22,False,43.1,45.03,40.64,56.67,37.88,"Campus has trees and nature, very peaceful."
TS219-SEM1-11,TS219,1,6,TS219-S11,66.47,51.93,False,44.24,40.75,47.06,46.82,43.61,"Strictness is moderate, allowing good learning freedom."
TS219-SEM1-12,TS219,1,6,TS219-S12,73.44,59.69,False,44.06,53.99,39.85,57.84,34.57,Teaching incorporates both fundamentals and modern practical tools.
TS219-SEM1-13,TS219,1,6,TS219-S13,72.53,59.41,False,42.94,53.3,51.19,63.96,39.11,Career guidance is helpful from the beginning.
TS219-SEM1-14,TS219,1,6,TS219-S14,76.22,67.07,True,57.8,55.46,61.07,69.3,57.41,"Campus has trees and nature, very peaceful."
TS220-SEM1-01,TS220,1,6,TS220-S01,78.34,70.2,True,67.39,56.78,59.21,63.81,73.55,Teaching incorporates both fundamentals and modern practical tools.
TS220-SEM1-02,TS220,1,6,TS220-S02,70.47,58.68,False,56.13,57.55,55.54,52.59,56.48,Excellent labs and digital board infrastructure.
TS220-SEM1-03,TS220,1,6,TS220-S03,78.29,51.42,True,71.75,58.22,66.57,63.64,63.66,"Strictness is moderate, allowing good learning freedom."
TS220-SEM1-04,TS220,1,6,TS220-S04,82.66,58.59,True,61.02,79.74,74.48,56.59,68.92,Good focus on practical sessions and mentoring.
TS220-SEM1-05,TS220,1,6,TS220-S05,79.97,57.32,True,57.66,61.02,66.27,62.06,67.94,Teaching incorporates both fundamentals and modern practical tools.
TS220-SEM1-06,TS220,1,6,TS220-S06,62.91,68.54,False,45.71,69.65,54.33,63.4,55.26,"Campus has trees and nature, very peaceful."
TS220-SEM1-07,TS220,1,6,TS220-S07,66.09,56.24,False,51.0,54.21,51.26,61.8,48.3,Career guidance is helpful from the beginning.
TS220-SEM1-08,TS220,1,6,TS220-S08,71.31,72.06,False,57.18,52.35,62.95,62.59,48.22,"Strictness is moderate, allowing good learning freedom."
TS220-SEM1-09,TS220,1,6,TS220-S09,68.92,72.01,False,58.42,45.3,52.72,62.77,45.87,Excellent labs and digital board infrastructure.
TS220-SEM1-10,TS220,1,6,TS220-S10,76.83,81.36,True,62.21,68.74,69.92,66.19,72.16,Excellent labs and digital board infrastructure.
TS220-SEM1-11,TS220,1,6,TS220-S11,67.2,54.76,False,59.18,51.63,44.81,56.76,53.32,Teaching incorporates both fundamentals and modern practical tools.
TS220-SEM1-12,TS220,1,6,TS220-S12,78.35,78.46,True,71.7,68.29,66.51,64.48,71.68,Teaching incorporates both fundamentals and modern practical tools.
TS220-SEM1-13,TS220,1,6,TS220-S13,67.62,81.8,False,39.4,61.89,59.34,60.83,45.83,Good focus on practical sessions and mentoring.
TS220-SEM1-14,TS220,1,6,TS220-S14,61.93,68.06,False,61.79,59.09,61.77,55.85,53.4,Excellent labs and digital board infrastructure.
TS221-SEM1-01,TS221,1,6,TS221-S01,69.02,50.44,False,60.68,65.23,61.38,73.39,63.54,"Strictness is moderate, allowing good learning freedom."
TS221-SEM1-02,TS221,1,6,TS221-S02,85.16,74.53,True,62.08,78.35,72.26,85.94,68.2,"Strictness is moderate, allowing good learning freedom."
TS221-SEM1-03,TS221,1,6,TS221-S03,77.1,77.62,True,76.02,66.84,68.39,75.62,72.15,Excellent labs and digital board infrastructure.
TS221-SEM1-04,TS221,1,6,TS221-S04,69.94,66.12,False,63.25,73.07,58.65,76.47,50.42,Good focus on practical sessions and mentoring.
TS221-SEM1-05,TS221,1,6,TS221-S05,71.34,62.43,False,52.37,67.81,61.13,75.23,62.03,Career guidance is helpful from the beginning.
TS221-SEM1-06,TS221,1,6,TS221-S06,69.43,70.5,False,66.56,74.39,60.97,68.47,52.36,Good focus on practical sessions and mentoring.
TS221-SEM1-07,TS221,1,6,TS221-S07,62.48,68.86,False,62.4,64.28,55.03,72.12,62.81,"Campus has trees and nature, very peaceful."
TS221-SEM1-08,TS221,1,6,TS221-S08,75.66,69.83,True,73.88,56.07,63.4,83.14,74.0,"Campus has trees and nature, very peaceful."
TS221-SEM1-09,TS221,1,6,TS221-S09,70.97,60.46,False,53.2,66.33,68.88,84.7,64.43,Teaching incorporates both fundamentals and modern practical tools.
TS221-SEM1-10,TS221,1,6,TS221-S10,66.26,61.8,False,56.02,68.07,61.49,72.95,63.18,Good focus on practical sessions and mentoring.
TS221-SEM1-11,TS221,1,6,TS221-S11,72.59,63.24,False,60.39,68.75,65.32,83.62,49.48,Good focus on practical sessions and mentoring.
TS221-SEM1-12,TS221,1,6,TS221-S12,73.95,60.98,False,56.1,69.4,68.39,70.76,64.34,"Strictness is moderate, allowing good learning freedom."
TS221-SEM1-13,TS221,1,6,TS221-S13,63.41,67.9,False,52.56,58.2,62.21,71.91,41.59,Teaching incorporates both fundamentals and modern practical tools.
TS221-SEM1-14,TS221,1,6,TS221-S14,75.67,69.8,False,56.47,60.35,53.35,63.4,59.93,"Strictness is moderate, allowing good learning freedom."
TS222-SEM1-01,TS222,1,6,TS222-S01,74.59,60.75,False,45.88,55.84,57.39,77.19,60.26,Career guidance is helpful from the beginning.
TS222-SEM1-02,TS222,1,6,TS222-S02,58.3,70.01,False,59.74,44.09,65.79,62.42,61.13,Good focus on practical sessions and mentoring.
TS222-SEM1-03,TS222,1,6,TS222-S03,68.12,46.82,False,70.13,43.59,57.37,66.44,53.12,"Strictness is moderate, allowing good learning freedom."
TS222-SEM1-04,TS222,1,6,TS222-S04,76.19,62.58,True,73.63,52.58,71.15,78.51,70.28,Excellent labs and digital board infrastructure.
TS222-SEM1-05,TS222,1,6,TS222-S05,84.44,68.08,True,77.26,62.6,71.57,79.0,70.62,"Strictness is moderate, allowing good learning freedom."
TS222-SEM1-06,TS222,1,6,TS222-S06,64.67,62.24,False,60.92,56.09,60.49,70.27,53.97,Good focus on practical sessions and mentoring.
TS222-SEM1-07,TS222,1,6,TS222-S07,81.3,64.7,True,60.55,64.38,65.52,73.42,78.12,Career guidance is helpful from the beginning.
TS222-SEM1-08,TS222,1,6,TS222-S08,72.48,45.18,False,61.12,43.31,64.87,67.25,55.84,Good focus on practical sessions and mentoring.
TS222-SEM1-09,TS222,1,6,TS222-S09,71.85,60.52,False,58.66,56.62,70.75,71.45,56.64,Excellent labs and digital board infrastructure.
TS222-SEM1-10,TS222,1,6,TS222-S10,67.74,65.81,False,51.26,65.16,53.98,65.04,47.26,"Campus has trees and nature, very peaceful."
TS222-SEM1-11,TS222,1,6,TS222-S11,74.52,57.76,False,61.52,48.16,64.06,73.58,56.46,"Campus has trees and nature, very peaceful."
TS222-SEM1-12,TS222,1,6,TS222-S12,72.19,63.37,False,51.94,47.36,64.12,67.89,57.67,Career guidance is helpful from the beginning.
TS222-SEM1-13,TS222,1,6,TS222-S13,81.31,57.43,True,69.46,66.27,71.47,76.93,83.8,Career guidance is helpful from the beginning.
TS222-SEM1-14,TS222,1,6,TS222-S14,74.53,69.81,False,57.18,64.06,60.38,66.24,59.93,Excellent labs and digital board infrastructure.
TS223-SEM1-01,TS223,1,6,TS223-S01,65.67,64.73,False,52.49,68.49,58.97,60.79,57.84,"Strictness is moderate, allowing good learning freedom."
TS223-SEM1-02,TS223,1,6,TS223-S02,64.37,57.87,False,61.01,72.16,56.05,61.63,56.63,"Campus has trees and nature, very peaceful."
TS223-SEM1-03,TS223,1,6,TS223-S03,60.02,75.58,False,50.87,56.6,62.17,65.61,50.05,"Campus has trees and nature, very peaceful."
TS223-SEM1-04,TS223,1,6,TS223-S04,82.33,36.25,False,50.13,55.01,56.12,72.62,46.57,"Campus has trees and nature, very peaceful."
TS223-SEM1-05,TS223,1,6,TS223-S05,81.34,59.22,True,58.26,68.38,64.36,73.72,70.61,"Campus has trees and nature, very peaceful."
TS223-SEM1-06,TS223,1,6,TS223-S06,77.73,60.58,True,76.71,71.93,71.74,79.19,71.4,Excellent labs and digital board infrastructure.
TS223-SEM1-07,TS223,1,6,TS223-S07,72.23,70.44,False,42.16,59.29,59.74,67.54,50.86,Career guidance is helpful from the beginning.
TS223-SEM1-08,TS223,1,6,TS223-S08,78.57,54.62,True,66.88,79.94,57.44,83.02,80.23,Career guidance is helpful from the beginning.
TS223-SEM1-09,TS223,1,6,TS223-S09,68.61,72.27,False,57.65,73.33,65.62,78.46,47.06,Teaching incorporates both fundamentals and modern practical tools.
TS223-SEM1-10,TS223,1,6,TS223-S10,73.15,44.76,False,53.75,78.1,63.21,71.21,57.44,"Strictness is moderate, allowing good learning freedom."
TS223-SEM1-11,TS223,1,6,TS223-S11,74.7,56.78,False,52.61,55.71,47.21,64.81,56.07,Career guidance is helpful from the beginning.
TS223-SEM1-12,TS223,1,6,TS223-S12,68.28,60.69,False,60.02,67.18,54.88,60.53,58.63,"Campus has trees and nature, very peaceful."
TS223-SEM1-13,TS223,1,6,TS223-S13,75.53,75.44,True,85.36,67.76,75.76,66.78,84.84,Good focus on practical sessions and mentoring.
TS223-SEM1-14,TS223,1,6,TS223-S14,74.73,67.42,False,62.81,49.26,55.49,65.99,56.59,"Campus has trees and nature, very peaceful."
TS224-SEM1-01,TS224,1,6,TS224-S01,66.4,65.33,False,56.74,58.32,81.47,73.09,60.22,"Campus has trees and nature, very peaceful."
TS224-SEM1-02,TS224,1,6,TS224-S02,77.11,72.21,True,77.2,73.86,78.78,76.06,85.31,Career guidance is helpful from the beginning.
TS224-SEM1-03,TS224,1,6,TS224-S03,73.6,83.68,False,61.04,82.33,63.18,53.66,69.64,Teaching incorporates both fundamentals and modern practical tools.
TS224-SEM1-04,TS224,1,6,TS224-S04,75.96,67.19,True,70.43,69.96,73.19,67.55,67.8,Excellent labs and digital board infrastructure.
TS224-SEM1-05,TS224,1,6,TS224-S05,82.16,57.8,True,71.27,77.2,77.36,73.45,76.16,Good focus on practical sessions and mentoring.
TS224-SEM1-06,TS224,1,6,TS224-S06,75.06,68.76,True,68.82,70.96,70.6,68.6,85.46,"Strictness is moderate, allowing good learning freedom."
TS224-SEM1-07,TS224,1,6,TS224-S07,77.44,53.84,True,75.03,81.34,67.8,65.73,82.69,Good focus on practical sessions and mentoring.
TS224-SEM1-08,TS224,1,6,TS224-S08,66.73,62.55,False,64.33,57.77,56.61,66.89,73.82,Teaching incorporates both fundamentals and modern practical tools.
TS224-SEM1-09,TS224,1,6,TS224-S09,74.75,68.51,False,56.2,77.72,63.62,68.43,62.54,"Campus has trees and nature, very peaceful."
TS224-SEM1-10,TS224,1,6,TS224-S10,75.79,67.93,True,77.2,83.71,68.87,67.01,84.84,Excellent labs and digital board infrastructure.
TS224-SEM1-11,TS224,1,6,TS224-S11,73.04,58.74,False,67.71,72.66,59.0,65.83,60.19,Excellent labs and digital board infrastructure.
TS224-SEM1-12,TS224,1,6,TS224-S12,76.27,62.11,True,64.51,68.8,76.2,84.18,79.34,Excellent labs and digital board infrastructure.
TS224-SEM1-13,TS224,1,6,TS224-S13,67.84,63.35,False,56.14,75.96,65.74,67.77,58.73,"Strictness is moderate, allowing good learning freedom."
TS224-SEM1-14,TS224,1,6,TS224-S14,78.85,45.76,False,61.65,70.27,64.16,63.6,61.21,Career guidance is helpful from the beginning.
TS225-SEM1-01,TS225,1,6,TS225-S01,74.26,74.14,False,42.39,56.94,47.77,63.78,47.27,"Campus has trees and nature, very peaceful."
TS225-SEM1-02,TS225,1,6,TS225-S02,76.3,54.58,True,61.78,65.13,55.06,62.32,60.23,Good focus on practical sessions and mentoring.
TS225-SEM1-03,TS225,1,6,TS225-S03,70.33,59.27,False,55.03,44.18,49.81,58.11,35.14,Good focus on practical sessions and mentoring.
TS225-SEM1-04,TS225,1,6,TS225-S04,64.43,61.19,False,31.55,62.63,45.46,54.54,47.39,"Campus has trees and nature, very peaceful."
TS225-SEM1-05,TS225,1,6,TS225-S05,71.16,68.51,False,39.83,48.35,52.11,52.03,43.91,Good focus on practical sessions and mentoring.
TS225-SEM1-06,TS225,1,6,TS225-S06,57.5,74.66,False,39.93,47.3,46.78,51.35,36.01,Career guidance is helpful from the beginning.
TS225-SEM1-07,TS225,1,6,TS225-S07,75.13,67.68,True,60.52,62.45,52.38,56.44,59.08,Excellent labs and digital board infrastructure.
TS225-SEM1-08,TS225,1,6,TS225-S08,74.19,61.41,False,39.72,51.72,53.6,52.57,39.78,Good focus on practical sessions and mentoring.
TS225-SEM1-09,TS225,1,6,TS225-S09,88.46,64.91,True,54.4,51.93,56.17,66.04,56.09,Career guidance is helpful from the beginning.
TS225-SEM1-10,TS225,1,6,TS225-S10,83.14,62.85,True,49.94,50.83,48.04,63.05,54.85,Excellent labs and digital board infrastructure.
TS225-SEM1-11,TS225,1,6,TS225-S11,76.7,56.16,True,60.22,63.15,58.75,76.16,55.02,"Strictness is moderate, allowing good learning freedom."
TS225-SEM1-12,TS225,1,6,TS225-S12,77.08,65.98,True,57.93,67.39,47.81,58.17,56.42,"Strictness is moderate, allowing good learning freedom."
TS225-SEM1-13,TS225,1,6,TS225-S13,71.55,62.46,False,38.83,40.06,43.99,46.94,39.83,"Campus has trees and nature, very peaceful."
TS225-SEM1-14,TS225,1,6,TS225-S14,71.65,66.41,False,44.27,62.33,51.33,61.62,43.09,"Campus has trees and nature, very peaceful."
TS226-SEM1-01,TS226,1,6,TS226-S01,80.96,50.12,True,67.8,57.16,44.21,43.46,58.79,Career guidance is helpful from the beginning.
TS226-SEM1-02,TS226,1,6,TS226-S02,82.38,56.31,True,61.09,44.08,56.84,45.78,75.4,"Strictness is moderate, allowing good learning freedom."
TS226-SEM1-03,TS226,1,6,TS226-S03,66.49,81.3,False,39.12,47.46,52.46,44.42,44.36,"Strictness is moderate, allowing good learning freedom."
TS226-SEM1-04,TS226,1,6,TS226-S04,77.17,66.17,True,55.91,54.03,56.07,49.38,62.34,"Strictness is moderate, allowing good learning freedom."
TS226-SEM1-05,TS226,1,6,TS226-S05,63.54,51.72,False,50.95,27.36,55.95,40.21,52.31,Career guidance is helpful from the beginning.
TS226-SEM1-06,TS226,1,6,TS226-S06,79.36,58.73,True,69.52,65.55,61.82,57.43,56.52,Career guidance is helpful from the beginning.
TS226-SEM1-07,TS226,1,6,TS226-S07,73.23,54.3,False,39.28,46.67,47.89,42.57,41.46,Good focus on practical sessions and mentoring.
TS226-SEM1-08,TS226,1,6,TS226-S08,64.47,78.97,False,46.9,33.82,50.87,52.7,48.75,"Strictness is moderate, allowing good learning freedom."
TS226-SEM1-09,TS226,1,6,TS226-S09,68.89,57.05,False,40.22,39.42,46.66,34.76,41.74,"Campus has trees and nature, very peaceful."
TS226-SEM1-10,TS226,1,6,TS226-S10,74.06,57.86,False,47.26,58.34,59.14,43.16,48.36,Good focus on practical sessions and mentoring.
TS226-SEM1-11,TS226,1,6,TS226-S11,71.0,57.12,False,39.26,46.05,55.38,35.92,42.52,Good focus on practical sessions and mentoring.
TS226-SEM1-12,TS226,1,6,TS226-S12,69.99,64.47,False,47.54,49.66,59.45,38.35,39.33,"Strictness is moderate, allowing good learning freedom."
TS226-SEM1-13,TS226,1,6,TS226-S13,73.48,76.53,False,37.19,48.01,48.95,48.69,47.1,Excellent labs and digital board infrastructure.
TS226-SEM1-14,TS226,1,6,TS226-S14,72.29,66.88,False,42.01,51.76,56.89,44.17,41.92,Career guidance is helpful from the beginning.
TS227-SEM1-01,TS227,1,6,TS227-S01,73.11,67.81,False,64.86,63.67,67.22,75.53,71.91,Good focus on practical sessions and mentoring.
TS227-SEM1-02,TS227,1,6,TS227-S02,77.73,79.45,True,87.93,77.11,82.66,84.63,93.06,Excellent labs and digital board infrastructure.
TS227-SEM1-03,TS227,1,6,TS227-S03,85.35,77.56,True,81.1,77.0,77.14,84.0,87.46,"Strictness is moderate, allowing good learning freedom."
TS227-SEM1-04,TS227,1,6,TS227-S04,83.68,87.61,True,76.88,85.02,84.17,91.48,85.48,Teaching incorporates both fundamentals and modern practical tools.
TS227-SEM1-05,TS227,1,6,TS227-S05,81.13,85.79,True,74.66,68.9,90.46,73.63,85.42,Excellent labs and digital board infrastructure.
TS227-SEM1-06,TS227,1,6,TS227-S06,87.3,57.35,True,76.77,97.81,91.34,79.5,89.15,Teaching incorporates both fundamentals and modern practical tools.
TS227-SEM1-07,TS227,1,6,TS227-S07,83.85,72.19,True,98.1,68.88,82.31,80.02,91.29,Teaching incorporates both fundamentals and modern practical tools.
TS227-SEM1-08,TS227,1,6,TS227-S08,87.08,65.21,True,82.33,71.0,82.23,88.18,84.04,"Strictness is moderate, allowing good learning freedom."
TS227-SEM1-09,TS227,1,6,TS227-S09,80.53,94.08,True,92.34,65.47,83.99,85.42,79.99,Teaching incorporates both fundamentals and modern practical tools.
TS227-SEM1-10,TS227,1,6,TS227-S10,75.74,72.82,True,79.46,79.71,84.12,79.67,84.02,Teaching incorporates both fundamentals and modern practical tools.
TS227-SEM1-11,TS227,1,6,TS227-S11,88.15,57.36,True,86.59,86.74,78.74,77.52,93.85,Career guidance is helpful from the beginning.
TS227-SEM1-12,TS227,1,6,TS227-S12,76.86,63.83,True,79.82,91.81,79.93,90.99,88.5,Good focus on practical sessions and mentoring.
TS227-SEM1-13,TS227,1,6,TS227-S13,79.67,86.14,True,82.33,87.64,82.38,79.87,78.57,"Strictness is moderate, allowing good learning freedom."
TS227-SEM1-14,TS227,1,6,TS227-S14,81.89,67.73,True,81.73,77.66,79.91,83.47,89.73,Good focus on practical sessions and mentoring.
TS228-SEM1-01,TS228,1,6,TS228-S01,74.92,62.12,False,53.4,61.23,70.84,63.12,54.84,Teaching incorporates both fundamentals and modern practical tools.
TS228-SEM1-02,TS228,1,6,TS228-S02,81.78,49.3,False,54.94,65.6,63.74,70.6,51.2,"Strictness is moderate, allowing good learning freedom."
TS228-SEM1-03,TS228,1,6,TS228-S03,74.68,60.99,False,61.45,72.65,54.25,77.28,54.41,Good focus on practical sessions and mentoring.
TS228-SEM1-04,TS228,1,6,TS228-S04,76.95,66.94,True,71.72,72.04,66.11,71.86,77.72,Teaching incorporates both fundamentals and modern practical tools.
TS228-SEM1-05,TS228,1,6,TS228-S05,65.39,69.99,False,56.34,51.16,69.12,50.83,55.27,Good focus on practical sessions and mentoring.
TS228-SEM1-06,TS228,1,6,TS228-S06,73.4,38.94,False,60.33,59.9,60.44,79.14,56.39,Excellent labs and digital board infrastructure.
TS228-SEM1-07,TS228,1,6,TS228-S07,69.9,60.3,False,68.34,68.5,57.26,68.15,49.73,Career guidance is helpful from the beginning.
TS228-SEM1-08,TS228,1,6,TS228-S08,69.29,78.08,False,56.68,54.57,63.83,68.73,58.49,"Campus has trees and nature, very peaceful."
TS228-SEM1-09,TS228,1,6,TS228-S09,70.55,76.45,False,52.22,55.94,66.37,59.06,54.82,Teaching incorporates both fundamentals and modern practical tools.
TS228-SEM1-10,TS228,1,6,TS228-S10,76.8,40.06,False,58.07,53.29,52.45,64.69,54.76,Excellent labs and digital board infrastructure.
TS228-SEM1-11,TS228,1,6,TS228-S11,67.76,73.07,False,58.17,61.35,55.13,72.43,65.97,"Strictness is moderate, allowing good learning freedom."
TS228-SEM1-12,TS228,1,6,TS228-S12,67.78,56.14,False,51.31,74.73,66.31,68.4,52.68,"Strictness is moderate, allowing good learning freedom."
TS228-SEM1-13,TS228,1,6,TS228-S13,66.34,59.11,False,63.8,65.59,68.12,66.76,44.12,Excellent labs and digital board infrastructure.
TS228-SEM1-14,TS228,1,6,TS228-S14,87.63,64.15,True,66.95,64.36,69.45,66.13,72.34,Career guidance is helpful from the beginning.
TS229-SEM1-01,TS229,1,6,TS229-S01,83.4,61.97,True,77.05,73.45,85.92,91.2,86.52,"Strictness is moderate, allowing good learning freedom."
TS229-SEM1-02,TS229,1,6,TS229-S02,82.72,75.66,True,85.4,76.98,76.64,84.14,91.11,Career guidance is helpful from the beginning.
TS229-SEM1-03,TS229,1,6,TS229-S03,88.26,78.37,True,78.63,56.87,79.88,82.06,87.04,Teaching incorporates both fundamentals and modern practical tools.
TS229-SEM1-04,TS229,1,6,TS229-S04,89.83,68.84,True,78.09,76.74,80.95,87.33,90.68,Teaching incorporates both fundamentals and modern practical tools.
TS229-SEM1-05,TS229,1,6,TS229-S05,98.21,86.9,True,83.38,72.27,78.45,99.19,91.13,Excellent labs and digital board infrastructure.
TS229-SEM1-06,TS229,1,6,TS229-S06,74.98,78.66,False,76.79,63.58,73.06,90.62,71.74,Excellent labs and digital board infrastructure.
TS229-SEM1-07,TS229,1,6,TS229-S07,84.57,77.54,True,82.45,67.44,73.34,97.01,86.66,Career guidance is helpful from the beginning.
TS229-SEM1-08,TS229,1,6,TS229-S08,84.73,66.71,True,84.59,86.61,85.38,89.0,88.64,Teaching incorporates both fundamentals and modern practical tools.
TS229-SEM1-09,TS229,1,6,TS229-S09,77.52,48.87,False,80.48,63.38,79.32,82.47,64.08,Teaching incorporates both fundamentals and modern practical tools.
TS229-SEM1-10,TS229,1,6,TS229-S10,78.72,77.53,True,87.11,72.41,81.32,88.38,93.47,Excellent labs and digital board infrastructure.
TS229-SEM1-11,TS229,1,6,TS229-S11,74.12,66.78,False,67.58,85.49,77.95,81.32,72.23,"Strictness is moderate, allowing good learning freedom."
TS229-SEM1-12,TS229,1,6,TS229-S12,85.09,77.74,True,71.73,76.85,81.97,84.12,93.34,"Campus has trees and nature, very peaceful."
TS229-SEM1-13,TS229,1,6,TS229-S13,79.31,62.63,True,81.34,69.97,85.01,99.29,76.32,Excellent labs and digital board infrastructure.
TS229-SEM1-14,TS229,1,6,TS229-S14,78.91,70.57,True,94.36,69.87,88.93,92.56,93.98,"Campus has trees and nature, very peaceful."
TS230-SEM1-01,TS230,1,6,TS230-S01,89.54,75.64,True,88.38,78.41,78.66,79.29,83.45,Teaching incorporates both fundamentals and modern practical tools.
TS230-SEM1-02,TS230,1,6,TS230-S02,88.96,68.33,True,75.42,63.97,86.21,73.24,82.6,Excellent labs and digital board infrastructure.
TS230-SEM1-03,TS230,1,6,TS230-S03,91.35,73.58,True,73.27,92.29,78.18,72.54,78.69,"Strictness is moderate, allowing good learning freedom."
TS230-SEM1-04,TS230,1,6,TS230-S04,92.14,69.14,True,79.19,81.47,79.55,81.31,84.96,"Strictness is moderate, allowing good learning freedom."
TS230-SEM1-05,TS230,1,6,TS230-S05,85.88,72.27,True,78.86,91.93,75.79,70.08,75.45,Career guidance is helpful from the beginning.
TS230-SEM1-06,TS230,1,6,TS230-S06,83.82,86.62,True,76.52,84.2,78.78,75.13,77.39,Good focus on practical sessions and mentoring.
TS230-SEM1-07,TS230,1,6,TS230-S07,83.85,81.53,True,81.95,72.66,80.36,80.09,77.22,Teaching incorporates both fundamentals and modern practical tools.
TS230-SEM1-08,TS230,1,6,TS230-S08,80.19,78.66,False,56.03,65.98,68.25,75.0,78.78,Teaching incorporates both fundamentals and modern practical tools.
TS230-SEM1-09,TS230,1,6,TS230-S09,82.8,63.02,True,81.85,87.16,85.0,86.99,86.47,Excellent labs and digital board infrastructure.
TS230-SEM1-10,TS230,1,6,TS230-S10,82.0,89.83,True,82.12,79.16,68.13,86.28,87.17,Good focus on practical sessions and mentoring.
TS230-SEM1-11,TS230,1,6,TS230-S11,67.78,85.02,False,65.97,79.02,72.17,63.5,65.92,Good focus on practical sessions and mentoring.
TS230-SEM1-12,TS230,1,6,TS230-S12,76.61,62.77,True,84.14,93.09,76.82,72.87,86.98,Good focus on practical sessions and mentoring.
TS230-SEM1-13,TS230,1,6,TS230-S13,77.0,71.9,True,81.03,77.2,71.78,84.27,81.95,Excellent labs and digital board infrastructure.
TS230-SEM1-14,TS230,1,6,TS230-S14,85.71,79.86,True,80.38,78.33,73.25,75.39,85.49,Excellent labs and digital board infrastructure.
TS231-SEM1-01,TS231,1,6,TS231-S01,71.63,81.52,False,67.09,77.07,75.96,61.83,73.27,"Campus has trees and nature, very peaceful."
TS231-SEM1-02,TS231,1,6,TS231-S02,66.07,73.92,False,75.55,74.64,68.67,69.52,67.92,"Campus has trees and nature, very peaceful."
TS231-SEM1-03,TS231,1,6,TS231-S03,66.01,60.91,False,64.93,69.64,65.59,70.94,65.37,"Campus has trees and nature, very peaceful."
TS231-SEM1-04,TS231,1,6,TS231-S04,67.42,62.79,False,62.93,89.31,70.3,76.76,56.35,Career guidance is helpful from the beginning.
TS231-SEM1-05,TS231,1,6,TS231-S05,73.94,67.96,False,65.99,74.54,70.05,74.63,58.76,Teaching incorporates both fundamentals and modern practical tools.
TS231-SEM1-06,TS231,1,6,TS231-S06,76.2,65.18,True,79.51,89.34,86.11,79.26,78.1,"Campus has trees and nature, very peaceful."
TS231-SEM1-07,TS231,1,6,TS231-S07,69.39,50.55,False,55.48,69.55,71.42,77.82,69.79,Career guidance is helpful from the beginning.
TS231-SEM1-08,TS231,1,6,TS231-S08,65.07,54.02,False,61.18,58.2,69.98,74.99,63.55,Career guidance is helpful from the beginning.
TS231-SEM1-09,TS231,1,6,TS231-S09,64.39,53.55,False,64.84,85.01,69.9,73.98,64.41,Excellent labs and digital board infrastructure.
TS231-SEM1-10,TS231,1,6,TS231-S10,73.42,52.6,False,62.7,68.8,73.82,68.43,46.83,Good focus on practical sessions and mentoring.
TS231-SEM1-11,TS231,1,6,TS231-S11,74.89,71.74,False,61.94,82.69,69.77,57.47,74.58,"Strictness is moderate, allowing good learning freedom."
TS231-SEM1-12,TS231,1,6,TS231-S12,70.78,64.01,False,63.07,76.49,71.62,63.92,73.28,Good focus on practical sessions and mentoring.
TS231-SEM1-13,TS231,1,6,TS231-S13,77.03,67.17,True,76.25,97.09,80.87,74.78,77.39,"Campus has trees and nature, very peaceful."
TS231-SEM1-14,TS231,1,6,TS231-S14,62.54,62.29,False,65.32,88.33,75.78,70.41,64.41,"Strictness is moderate, allowing good learning freedom."
TS232-SEM1-01,TS232,1,6,TS232-S01,73.68,55.62,False,48.32,56.12,54.17,58.61,53.1,Teaching incorporates both fundamentals and modern practical tools.
TS232-SEM1-02,TS232,1,6,TS232-S02,68.99,76.54,False,61.35,57.5,53.57,59.82,51.72,"Strictness is moderate, allowing good learning freedom."
TS232-SEM1-03,TS232,1,6,TS232-S03,71.62,58.02,False,48.09,59.62,56.64,58.43,52.86,"Strictness is moderate, allowing good learning freedom."
TS232-SEM1-04,TS232,1,6,TS232-S04,71.58,62.72,False,52.01,62.22,54.8,53.47,47.94,Teaching incorporates both fundamentals and modern practical tools.
TS232-SEM1-05,TS232,1,6,TS232-S05,67.94,49.12,False,44.23,63.37,64.76,63.34,49.98,Teaching incorporates both fundamentals and modern practical tools.
TS232-SEM1-06,TS232,1,6,TS232-S06,61.7,63.92,False,44.75,58.65,54.39,46.31,59.79,Career guidance is helpful from the beginning.
TS232-SEM1-07,TS232,1,6,TS232-S07,64.47,58.44,False,53.62,55.58,60.71,55.55,54.3,Career guidance is helpful from the beginning.
TS232-SEM1-08,TS232,1,6,TS232-S08,73.91,48.22,False,55.81,50.91,52.56,61.74,50.35,Career guidance is helpful from the beginning.
TS232-SEM1-09,TS232,1,6,TS232-S09,74.24,65.82,False,45.82,65.26,59.82,56.48,51.71,Excellent labs and digital board infrastructure.
TS232-SEM1-10,TS232,1,6,TS232-S10,76.61,58.8,True,77.34,70.27,64.25,65.89,67.39,Career guidance is helpful from the beginning.
TS232-SEM1-11,TS232,1,6,TS232-S11,72.75,68.88,False,46.29,64.48,63.06,63.43,51.74,Teaching incorporates both fundamentals and modern practical tools.
TS232-SEM1-12,TS232,1,6,TS232-S12,75.18,74.99,True,68.53,86.4,66.93,60.95,74.76,"Strictness is moderate, allowing good learning freedom."
TS232-SEM1-13,TS232,1,6,TS232-S13,74.41,55.45,False,47.77,61.25,58.09,52.53,51.95,Teaching incorporates both fundamentals and modern practical tools.
TS232-SEM1-14,TS232,1,6,TS232-S14,71.09,61.38,False,57.34,45.24,52.83,57.08,59.02,"Strictness is moderate, allowing good learning freedom."
TS233-SEM1-01,TS233,1,6,TS233-S01,84.55,70.35,True,56.14,72.14,54.87,75.37,70.31,Good focus on practical sessions and mentoring.
TS233-SEM1-02,TS233,1,6,TS233-S02,68.1,54.61,False,46.15,46.64,54.12,65.8,50.61,Teaching incorporates both fundamentals and modern practical tools.
TS233-SEM1-03,TS233,1,6,TS233-S03,67.0,70.4,False,43.04,61.26,45.53,72.98,44.36,Career guidance is helpful from the beginning.
TS233-SEM1-04,TS233,1,6,TS233-S04,75.59,68.78,True,67.98,60.14,58.44,66.55,73.04,Career guidance is helpful from the beginning.
TS233-SEM1-05,TS233,1,6,TS233-S05,64.98,66.3,False,45.23,63.28,64.57,59.79,47.67,"Strictness is moderate, allowing good learning freedom."
TS233-SEM1-06,TS233,1,6,TS233-S06,69.69,72.38,False,47.48,61.79,50.98,77.03,36.01,"Campus has trees and nature, very peaceful."
TS233-SEM1-07,TS233,1,6,TS233-S07,74.26,61.89,False,48.69,56.83,53.26,64.88,49.01,Excellent labs and digital board infrastructure.
TS233-SEM1-08,TS233,1,6,TS233-S08,82.49,34.34,False,60.05,75.03,44.21,63.86,53.82,Teaching incorporates both fundamentals and modern practical tools.
TS233-SEM1-09,TS233,1,6,TS233-S09,77.51,78.76,True,50.77,74.99,63.14,79.37,57.3,Excellent labs and digital board infrastructure.
TS233-SEM1-10,TS233,1,6,TS233-S10,64.7,62.16,False,56.97,67.44,49.34,61.13,61.33,Teaching incorporates both fundamentals and modern practical tools.
TS233-SEM1-11,TS233,1,6,TS233-S11,68.68,68.75,False,46.26,58.35,48.64,58.54,45.11,Good focus on practical sessions and mentoring.
TS233-SEM1-12,TS233,1,6,TS233-S12,68.73,58.96,False,52.12,69.67,50.02,57.64,47.02,Good focus on practical sessions and mentoring.
TS233-SEM1-13,TS233,1,6,TS233-S13,66.89,45.65,False,55.35,55.19,53.86,52.01,44.04,"Strictness is moderate, allowing good learning freedom."
TS233-SEM1-14,TS233,1,6,TS233-S14,63.5,61.8,False,49.77,55.62,49.63,58.45,46.0,Excellent labs and digital board infrastructure.
TS234-SEM1-01,TS234,1,6,TS234-S01,70.58,70.32,False,48.94,61.06,55.71,56.71,53.93,Career guidance is helpful from the beginning.
TS234-SEM1-02,TS234,1,6,TS234-S02,61.18,62.98,False,46.51,47.01,50.53,52.53,47.54,"Campus has trees and nature, very peaceful."
TS234-SEM1-03,TS234,1,6,TS234-S03,74.02,67.42,False,48.26,70.48,52.86,44.57,46.99,Teaching incorporates both fundamentals and modern practical tools.
TS234-SEM1-04,TS234,1,6,TS234-S04,72.28,30.0,False,57.96,57.01,48.95,50.48,52.52,Teaching incorporates both fundamentals and modern practical tools.
TS234-SEM1-05,TS234,1,6,TS234-S05,77.3,55.51,True,65.5,70.32,64.54,59.86,66.11,"Strictness is moderate, allowing good learning freedom."
TS234-SEM1-06,TS234,1,6,TS234-S06,72.12,71.67,False,58.69,70.61,61.23,67.12,53.78,"Campus has trees and nature, very peaceful."
TS234-SEM1-07,TS234,1,6,TS234-S07,68.46,77.34,False,42.46,76.72,49.84,61.57,55.94,Excellent labs and digital board infrastructure.
TS234-SEM1-08,TS234,1,6,TS234-S08,74.76,41.5,False,45.03,60.66,57.89,55.17,49.09,Excellent labs and digital board infrastructure.
TS234-SEM1-09,TS234,1,6,TS234-S09,63.19,79.74,False,48.45,64.11,61.73,49.31,49.36,"Strictness is moderate, allowing good learning freedom."
TS234-SEM1-10,TS234,1,6,TS234-S10,73.67,59.42,False,56.28,52.46,54.99,54.02,60.34,Teaching incorporates both fundamentals and modern practical tools.
TS234-SEM1-11,TS234,1,6,TS234-S11,68.02,69.45,False,61.5,50.46,55.19,50.33,38.65,Good focus on practical sessions and mentoring.
TS234-SEM1-12,TS234,1,6,TS234-S12,67.29,56.3,False,47.65,55.41,54.75,49.06,50.47,"Campus has trees and nature, very peaceful."
TS234-SEM1-13,TS234,1,6,TS234-S13,79.28,75.31,True,70.08,62.35,60.0,65.63,65.04,Teaching incorporates both fundamentals and modern practical tools.
TS234-SEM1-14,TS234,1,6,TS234-S14,64.42,70.33,False,45.74,53.64,60.01,59.47,49.6,Good focus on practical sessions and mentoring.
TS235-SEM1-01,TS235,1,6,TS235-S01,77.93,75.45,True,67.7,46.04,56.73,63.78,56.16,Excellent labs and digital board infrastructure.
TS235-SEM1-02,TS235,1,6,TS235-S02,62.82,63.58,False,45.2,46.3,50.8,48.59,45.75,Good focus on practical sessions and mentoring.
TS235-SEM1-03,TS235,1,6,TS235-S03,71.92,56.17,False,45.83,47.44,56.93,55.73,37.2,"Strictness is moderate, allowing good learning freedom."
TS235-SEM1-04,TS235,1,6,TS235-S04,64.84,71.32,False,44.72,48.37,62.46,60.08,36.09,Career guidance is helpful from the beginning.
TS235-SEM1-05,TS235,1,6,TS235-S05,80.67,63.5,True,64.66,66.38,59.44,54.4,66.45,Teaching incorporates both fundamentals and modern practical tools.
TS235-SEM1-06,TS235,1,6,TS235-S06,63.71,80.17,False,46.66,48.66,49.45,58.33,49.11,"Campus has trees and nature, very peaceful."
TS235-SEM1-07,TS235,1,6,TS235-S07,67.93,66.53,False,49.24,48.31,49.08,70.18,52.75,Good focus on practical sessions and mentoring.
TS235-SEM1-08,TS235,1,6,TS235-S08,76.37,73.26,True,60.74,37.93,53.74,76.28,70.64,Excellent labs and digital board infrastructure.
TS235-SEM1-09,TS235,1,6,TS235-S09,73.21,46.22,False,52.64,46.85,56.32,49.62,44.38,Good focus on practical sessions and mentoring.
TS235-SEM1-10,TS235,1,6,TS235-S10,77.31,81.28,True,56.84,67.26,53.53,56.16,66.16,Excellent labs and digital board infrastructure.
TS235-SEM1-11,TS235,1,6,TS235-S11,84.51,53.51,True,63.5,55.29,51.0,68.1,65.77,Career guidance is helpful from the beginning.
TS235-SEM1-12,TS235,1,6,TS235-S12,74.2,60.58,False,57.91,45.04,47.45,66.27,35.84,"Strictness is moderate, allowing good learning freedom."
TS235-SEM1-13,TS235,1,6,TS235-S13,71.08,61.24,False,48.15,36.66,46.91,62.04,53.76,Excellent labs and digital board infrastructure.
TS235-SEM1-14,TS235,1,6,TS235-S14,69.5,52.69,False,38.13,56.6,57.83,39.43,34.71,"Campus has trees and nature, very peaceful."
TS236-SEM1-01,TS236,1,6,TS236-S01,79.15,56.67,True,62.26,70.25,69.41,76.62,79.22,Career guidance is helpful from the beginning.
TS236-SEM1-02,TS236,1,6,TS236-S02,73.25,52.88,False,65.4,59.9,63.49,59.73,65.21,"Strictness is moderate, allowing good learning freedom."
TS236-SEM1-03,TS236,1,6,TS236-S03,68.34,71.16,False,56.73,67.17,69.35,48.44,54.92,Good focus on practical sessions and mentoring.
TS236-SEM1-04,TS236,1,6,TS236-S04,66.64,66.46,False,61.4,58.85,58.64,61.69,48.89,"Strictness is moderate, allowing good learning freedom."
TS236-SEM1-05,TS236,1,6,TS236-S05,74.0,53.82,False,61.65,52.07,58.41,55.96,53.76,"Strictness is moderate, allowing good learning freedom."
TS236-SEM1-06,TS236,1,6,TS236-S06,80.26,70.46,True,68.37,79.7,62.43,67.6,70.22,Teaching incorporates both fundamentals and modern practical tools.
TS236-SEM1-07,TS236,1,6,TS236-S07,70.97,70.09,False,53.24,70.41,72.25,64.09,54.83,Excellent labs and digital board infrastructure.
TS236-SEM1-08,TS236,1,6,TS236-S08,78.94,50.91,True,66.73,89.96,64.67,71.43,65.45,"Strictness is moderate, allowing good learning freedom."
TS236-SEM1-09,TS236,1,6,TS236-S09,70.72,51.2,False,48.6,72.26,55.11,56.05,50.99,"Campus has trees and nature, very peaceful."
TS236-SEM1-10,TS236,1,6,TS236-S10,78.84,72.17,True,66.53,83.41,64.28,62.93,69.76,Teaching incorporates both fundamentals and modern practical tools.
TS236-SEM1-11,TS236,1,6,TS236-S11,68.03,61.09,False,52.22,64.47,48.2,61.83,49.8,Teaching incorporates both fundamentals and modern practical tools.
TS236-SEM1-12,TS236,1,6,TS236-S12,67.98,55.55,False,62.91,66.65,60.42,56.17,59.17,Career guidance is helpful from the beginning.
TS236-SEM1-13,TS236,1,6,TS236-S13,82.77,61.72,True,67.03,77.09,66.04,62.31,68.74,Good focus on practical sessions and mentoring.
TS236-SEM1-14,TS236,1,6,TS236-S14,72.55,46.66,False,57.04,63.33,59.0,54.21,60.34,Teaching incorporates both fundamentals and modern practical tools.
TS237-SEM1-01,TS237,1,6,TS237-S01,84.94,77.68,True,88.99,90.46,80.86,87.81,76.94,"Campus has trees and nature, very peaceful."
TS237-SEM1-02,TS237,1,6,TS237-S02,81.75,63.98,True,87.99,82.61,65.76,77.55,86.19,Excellent labs and digital board infrastructure.
TS237-SEM1-03,TS237,1,6,TS237-S03,78.77,82.84,True,83.58,86.13,82.24,79.9,87.19,Excellent labs and digital board infrastructure.
TS237-SEM1-04,TS237,1,6,TS237-S04,91.04,52.27,True,70.45,75.79,74.39,83.43,85.18,Excellent labs and digital board infrastructure.
TS237-SEM1-05,TS237,1,6,TS237-S05,87.43,77.64,True,74.82,91.12,61.81,92.99,90.02,Career guidance is helpful from the beginning.
TS237-SEM1-06,TS237,1,6,TS237-S06,86.5,97.29,True,85.96,83.75,79.51,76.85,85.26,"Campus has trees and nature, very peaceful."
TS237-SEM1-07,TS237,1,6,TS237-S07,84.09,68.1,True,73.4,79.51,83.09,89.71,87.13,Teaching incorporates both fundamentals and modern practical tools.
TS237-SEM1-08,TS237,1,6,TS237-S08,87.76,84.73,True,83.33,91.36,71.39,75.51,76.08,"Strictness is moderate, allowing good learning freedom."
TS237-SEM1-09,TS237,1,6,TS237-S09,71.29,64.49,False,64.13,84.77,69.1,67.73,66.12,"Campus has trees and nature, very peaceful."
TS237-SEM1-10,TS237,1,6,TS237-S10,80.87,67.18,True,87.69,71.39,69.96,86.63,80.22,Career guidance is helpful from the beginning.
TS237-SEM1-11,TS237,1,6,TS237-S11,91.31,73.46,True,86.01,69.29,79.98,81.63,88.42,Career guidance is helpful from the beginning.
TS237-SEM1-12,TS237,1,6,TS237-S12,78.12,76.77,True,83.77,80.66,79.6,94.35,81.86,Good focus on practical sessions and mentoring.
TS237-SEM1-13,TS237,1,6,TS237-S13,84.42,97.86,True,66.68,77.34,72.27,89.36,82.82,"Campus has trees and nature, very peaceful."
TS237-SEM1-14,TS237,1,6,TS237-S14,88.38,81.12,True,73.95,86.71,85.12,75.14,81.7,Excellent labs and digital board infrastructure.
TS238-SEM1-01,TS238,1,6,TS238-S01,61.97,57.65,False,37.38,51.91,43.45,36.85,36.72,Career guidance is helpful from the beginning.
TS238-SEM1-02,TS238,1,6,TS238-S02,63.27,51.57,False,46.81,35.05,46.27,49.7,35.29,Career guidance is helpful from the beginning.
TS238-SEM1-03,TS238,1,6,TS238-S03,66.12,65.2,False,43.38,34.76,50.54,45.62,40.73,Good focus on practical sessions and mentoring.
TS238-SEM1-04,TS238,1,6,TS238-S04,64.91,57.41,False,33.12,44.33,43.79,45.85,40.36,"Strictness is moderate, allowing good learning freedom."
TS238-SEM1-05,TS238,1,6,TS238-S05,74.67,89.06,False,46.36,57.97,35.95,40.99,37.31,Excellent labs and digital board infrastructure.
TS238-SEM1-06,TS238,1,6,TS238-S06,82.72,86.74,True,51.27,62.91,50.81,58.71,59.97,"Strictness is moderate, allowing good learning freedom."
TS238-SEM1-07,TS238,1,6,TS238-S07,88.29,75.05,True,43.73,67.16,47.04,69.8,63.58,Career guidance is helpful from the beginning.
TS238-SEM1-08,TS238,1,6,TS238-S08,75.62,54.57,True,52.37,64.66,53.81,68.26,64.84,Teaching incorporates both fundamentals and modern practical tools.
TS238-SEM1-09,TS238,1,6,TS238-S09,66.93,66.75,False,43.57,47.8,49.5,55.69,35.92,Excellent labs and digital board infrastructure.
TS238-SEM1-10,TS238,1,6,TS238-S10,71.15,58.51,False,36.43,47.88,38.31,55.59,45.81,"Campus has trees and nature, very peaceful."
TS238-SEM1-11,TS238,1,6,TS238-S11,72.3,71.46,False,41.72,40.39,54.83,38.21,38.84,Good focus on practical sessions and mentoring.
TS238-SEM1-12,TS238,1,6,TS238-S12,67.39,77.82,False,42.09,69.01,44.97,48.18,30.24,"Strictness is moderate, allowing good learning freedom."
TS238-SEM1-13,TS238,1,6,TS238-S13,78.64,53.65,True,62.16,66.99,48.74,57.02,48.01,Teaching incorporates both fundamentals and modern practical tools.
TS238-SEM1-14,TS238,1,6,TS238-S14,59.67,69.64,False,46.04,51.42,45.73,48.51,46.13,Teaching incorporates both fundamentals and modern practical tools.
TS239-SEM1-01,TS239,1,6,TS239-S01,79.56,62.06,True,67.04,57.29,69.16,72.9,72.6,"Campus has trees and nature, very peaceful."
TS239-SEM1-02,TS239,1,6,TS239-S02,74.89,55.96,False,64.22,60.84,61.97,62.79,58.51,Good focus on practical sessions and mentoring.
TS239-SEM1-03,TS239,1,6,TS239-S03,72.62,61.15,False,62.51,46.99,57.86,60.75,55.13,Career guidance is helpful from the beginning.
TS239-SEM1-04,TS239,1,6,TS239-S04,73.89,61.88,False,50.98,60.58,60.88,63.35,58.8,"Strictness is moderate, allowing good learning freedom."
TS239-SEM1-05,TS239,1,6,TS239-S05,75.67,62.19,True,67.95,75.81,64.86,73.24,70.14,"Strictness is moderate, allowing good learning freedom."
TS239-SEM1-06,TS239,1,6,TS239-S06,73.39,76.01,False,59.98,50.41,50.97,67.08,59.1,Good focus on practical sessions and mentoring.
TS239-SEM1-07,TS239,1,6,TS239-S07,62.04,59.9,False,69.5,58.62,71.89,59.48,50.03,"Strictness is moderate, allowing good learning freedom."
TS239-SEM1-08,TS239,1,6,TS239-S08,67.78,49.21,False,45.11,59.0,59.99,60.12,50.88,Career guidance is helpful from the beginning.
TS239-SEM1-09,TS239,1,6,TS239-S09,80.68,71.72,True,71.84,57.68,67.61,71.05,69.39,"Campus has trees and nature, very peaceful."
TS239-SEM1-10,TS239,1,6,TS239-S10,72.2,60.71,False,47.38,74.21,64.02,62.09,44.46,"Campus has trees and nature, very peaceful."
TS239-SEM1-11,TS239,1,6,TS239-S11,57.26,82.05,False,54.22,66.88,54.52,62.58,51.98,Teaching incorporates both fundamentals and modern practical tools.
TS239-SEM1-12,TS239,1,6,TS239-S12,73.45,62.9,False,49.73,53.31,58.85,53.9,49.15,Teaching incorporates both fundamentals and modern practical tools.
TS239-SEM1-13,TS239,1,6,TS239-S13,71.08,65.97,False,64.28,56.96,59.44,53.22,54.94,Teaching incorporates both fundamentals and modern practical tools.
TS239-SEM1-14,TS239,1,6,TS239-S14,66.54,58.92,False,58.12,64.91,51.99,69.23,53.07,"Campus has trees and nature, very peaceful."
TS240-SEM1-01,TS240,1,6,TS240-S01,76.65,59.21,True,69.4,60.82,55.67,72.21,78.31,Career guidance is helpful from the beginning.
TS240-SEM1-02,TS240,1,6,TS240-S02,60.3,59.43,False,56.35,63.17,53.56,69.31,47.7,"Campus has trees and nature, very peaceful."
TS240-SEM1-03,TS240,1,6,TS240-S03,60.3,48.26,False,59.34,63.37,56.6,64.49,56.11,"Campus has trees and nature, very peaceful."
TS240-SEM1-04,TS240,1,6,TS240-S04,58.16,67.18,False,63.54,64.52,59.28,72.69,50.9,Teaching incorporates both fundamentals and modern practical tools.
TS240-SEM1-05,TS240,1,6,TS240-S05,71.01,65.31,False,56.74,63.33,60.9,70.74,58.49,Good focus on practical sessions and mentoring.
TS240-SEM1-06,TS240,1,6,TS240-S06,71.55,53.36,False,52.06,73.11,52.48,75.75,54.29,Teaching incorporates both fundamentals and modern practical tools.
TS240-SEM1-07,TS240,1,6,TS240-S07,63.73,63.82,False,51.65,62.16,52.9,59.9,43.84,Good focus on practical sessions and mentoring.
TS240-SEM1-08,TS240,1,6,TS240-S08,68.4,53.73,False,53.44,59.4,60.62,66.66,56.25,Career guidance is helpful from the beginning.
TS240-SEM1-09,TS240,1,6,TS240-S09,79.8,57.01,True,72.64,84.72,63.8,73.06,68.16,Career guidance is helpful from the beginning.
TS240-SEM1-10,TS240,1,6,TS240-S10,68.58,58.41,False,59.17,56.81,55.71,57.46,54.69,Excellent labs and digital board infrastructure.
TS240-SEM1-11,TS240,1,6,TS240-S11,66.38,64.64,False,54.3,70.77,60.77,71.84,55.06,Excellent labs and digital board infrastructure.
TS240-SEM1-12,TS240,1,6,TS240-S12,64.69,59.87,False,56.58,58.24,68.04,59.47,51.23,Excellent labs and digital board infrastructure.
TS240-SEM1-13,TS240,1,6,TS240-S13,73.09,52.94,False,62.25,71.63,61.1,64.88,51.95,Career guidance is helpful from the beginning.
TS240-SEM1-14,TS240,1,6,TS240-S14,62.98,58.74,False,53.44,49.22,55.16,53.95,49.18,Teaching incorporates both fundamentals and modern practical tools.
TS241-SEM1-01,TS241,1,6,TS241-S01,71.91,55.78,False,50.33,66.59,58.44,74.91,70.85,Teaching incorporates both fundamentals and modern practical tools.
TS241-SEM1-02,TS241,1,6,TS241-S02,70.72,45.35,False,62.88,78.21,56.39,72.22,47.71,Teaching incorporates both fundamentals and modern practical tools.
TS241-SEM1-03,TS241,1,6,TS241-S03,63.27,65.09,False,65.05,60.89,65.2,67.45,63.05,"Campus has trees and nature, very peaceful."
TS241-SEM1-04,TS241,1,6,TS241-S04,68.27,53.37,False,65.27,65.05,65.9,56.86,60.14,Excellent labs and digital board infrastructure.
TS241-SEM1-05,TS241,1,6,TS241-S05,65.43,64.47,False,59.62,62.37,66.86,54.71,60.34,Teaching incorporates both fundamentals and modern practical tools.
TS241-SEM1-06,TS241,1,6,TS241-S06,72.12,54.08,False,51.02,76.53,62.61,58.7,51.23,Excellent labs and digital board infrastructure.
TS241-SEM1-07,TS241,1,6,TS241-S07,78.53,72.11,True,72.59,77.43,65.83,69.13,74.68,Excellent labs and digital board infrastructure.
TS241-SEM1-08,TS241,1,6,TS241-S08,73.6,43.87,False,70.17,74.37,57.2,64.29,49.52,"Campus has trees and nature, very peaceful."
TS241-SEM1-09,TS241,1,6,TS241-S09,72.5,40.04,False,57.2,57.52,68.74,70.84,65.41,Career guidance is helpful from the beginning.
TS241-SEM1-10,TS241,1,6,TS241-S10,78.95,62.82,True,75.25,61.97,75.68,71.97,78.64,Teaching incorporates both fundamentals and modern practical tools.
TS241-SEM1-11,TS241,1,6,TS241-S11,58.31,66.53,False,64.99,61.3,60.45,52.65,49.78,"Campus has trees and nature, very peaceful."
TS241-SEM1-12,TS241,1,6,TS241-S12,72.93,59.65,False,57.46,73.65,56.67,58.75,65.42,Career guidance is helpful from the beginning.
TS241-SEM1-13,TS241,1,6,TS241-S13,70.13,62.66,False,57.9,67.06,52.68,59.61,57.22,Career guidance is helpful from the beginning.
TS241-SEM1-14,TS241,1,6,TS241-S14,66.01,65.44,False,63.67,65.03,71.85,58.23,59.45,Teaching incorporates both fundamentals and modern practical tools.
TS242-SEM1-01,TS242,1,6,TS242-S01,73.05,67.56,False,66.54,50.06,65.66,72.02,49.7,"Strictness is moderate, allowing good learning freedom."
TS242-SEM1-02,TS242,1,6,TS242-S02,76.73,52.68,True,71.77,85.55,71.93,91.52,77.46,Excellent labs and digital board infrastructure.
TS242-SEM1-03,TS242,1,6,TS242-S03,71.68,77.67,False,56.82,59.61,69.02,75.42,60.54,Good focus on practical sessions and mentoring.
TS242-SEM1-04,TS242,1,6,TS242-S04,71.43,70.46,False,63.38,66.94,68.28,76.9,65.99,Excellent labs and digital board infrastructure.
TS242-SEM1-05,TS242,1,6,TS242-S05,70.14,73.06,False,61.38,48.01,64.68,68.66,62.2,Excellent labs and digital board infrastructure.
TS242-SEM1-06,TS242,1,6,TS242-S06,70.29,63.28,False,68.41,71.1,67.78,79.51,59.44,Good focus on practical sessions and mentoring.
TS242-SEM1-07,TS242,1,6,TS242-S07,62.62,50.21,False,61.15,65.58,65.36,80.11,69.48,"Strictness is moderate, allowing good learning freedom."
TS242-SEM1-08,TS242,1,6,TS242-S08,66.67,83.25,False,52.51,74.0,66.15,71.6,60.28,Career guidance is helpful from the beginning.
TS242-SEM1-09,TS242,1,6,TS242-S09,67.2,77.02,False,58.17,54.7,59.43,68.61,56.82,Good focus on practical sessions and mentoring.
TS242-SEM1-10,TS242,1,6,TS242-S10,67.4,60.24,False,55.63,71.97,65.56,75.24,64.63,Good focus on practical sessions and mentoring.
TS242-SEM1-11,TS242,1,6,TS242-S11,84.15,71.1,True,69.88,71.92,78.63,80.85,78.65,"Campus has trees and nature, very peaceful."
TS242-SEM1-12,TS242,1,6,TS242-S12,73.28,43.3,False,63.2,65.07,66.09,79.74,66.11,"Campus has trees and nature, very peaceful."
TS242-SEM1-13,TS242,1,6,TS242-S13,68.98,66.42,False,62.58,42.99,65.39,66.81,60.99,"Campus has trees and nature, very peaceful."
TS242-SEM1-14,TS242,1,6,TS242-S14,76.1,59.82,True,77.73,88.76,62.46,81.39,75.6,Career guidance is helpful from the beginning.
TS243-SEM1-01,TS243,1,6,TS243-S01,73.43,57.87,False,56.64,58.2,75.87,63.06,60.42,Good focus on practical sessions and mentoring.
TS243-SEM1-02,TS243,1,6,TS243-S02,72.93,35.98,False,57.11,58.68,65.29,73.42,67.76,Teaching incorporates both fundamentals and modern practical tools.
TS243-SEM1-03,TS243,1,6,TS243-S03,68.02,57.38,False,63.9,62.94,70.71,74.56,49.01,Good focus on practical sessions and mentoring.
TS243-SEM1-04,TS243,1,6,TS243-S04,75.84,63.27,True,85.7,65.1,69.34,78.45,69.01,Career guidance is helpful from the beginning.
TS243-SEM1-05,TS243,1,6,TS243-S05,70.73,70.46,False,67.0,70.02,67.45,69.3,60.19,"Campus has trees and nature, very peaceful."
TS243-SEM1-06,TS243,1,6,TS243-S06,73.37,46.49,False,73.4,63.49,71.41,72.35,56.85,Career guidance is helpful from the beginning.
TS243-SEM1-07,TS243,1,6,TS243-S07,79.76,72.81,True,78.18,81.05,65.26,66.14,76.45,"Campus has trees and nature, very peaceful."
TS243-SEM1-08,TS243,1,6,TS243-S08,64.12,51.56,False,56.74,68.41,64.16,78.55,63.52,Career guidance is helpful from the beginning.
TS243-SEM1-09,TS243,1,6,TS243-S09,76.77,45.12,False,60.85,70.48,70.88,67.98,60.11,Teaching incorporates both fundamentals and modern practical tools.
TS243-SEM1-10,TS243,1,6,TS243-S10,69.65,59.02,False,77.6,71.89,68.82,64.31,56.44,"Campus has trees and nature, very peaceful."
TS243-SEM1-11,TS243,1,6,TS243-S11,70.72,73.3,False,63.42,68.14,64.9,61.42,64.8,"Campus has trees and nature, very peaceful."
TS243-SEM1-12,TS243,1,6,TS243-S12,70.47,66.46,False,65.55,61.68,69.75,64.12,63.71,Good focus on practical sessions and mentoring.
TS243-SEM1-13,TS243,1,6,TS243-S13,71.62,77.41,False,59.42,58.77,66.55,75.52,48.63,"Strictness is moderate, allowing good learning freedom."
TS243-SEM1-14,TS243,1,6,TS243-S14,77.25,59.91,True,76.41,73.46,69.49,67.24,84.27,"Strictness is moderate, allowing good learning freedom."
TS244-SEM1-01,TS244,1,6,TS244-S01,68.15,48.73,False,54.31,58.52,46.41,47.71,43.43,Career guidance is helpful from the beginning.
TS244-SEM1-02,TS244,1,6,TS244-S02,69.88,71.65,False,41.05,31.85,50.1,44.84,39.83,Excellent labs and digital board infrastructure.
TS244-SEM1-03,TS244,1,6,TS244-S03,66.65,46.41,False,42.62,42.38,53.62,47.54,40.38,Excellent labs and digital board infrastructure.
TS244-SEM1-04,TS244,1,6,TS244-S04,75.14,60.93,True,58.47,73.56,59.02,49.65,65.27,Good focus on practical sessions and mentoring.
TS244-SEM1-05,TS244,1,6,TS244-S05,77.15,64.6,True,56.43,50.78,56.7,47.78,58.62,Career guidance is helpful from the beginning.
TS244-SEM1-06,TS244,1,6,TS244-S06,75.74,78.87,True,58.17,59.23,61.49,53.76,61.77,Teaching incorporates both fundamentals and modern practical tools.
TS244-SEM1-07,TS244,1,6,TS244-S07,73.59,47.71,False,47.14,42.38,50.77,40.03,45.76,Good focus on practical sessions and mentoring.
TS244-SEM1-08,TS244,1,6,TS244-S08,71.08,50.55,False,43.06,67.03,37.44,45.44,37.75,"Campus has trees and nature, very peaceful."
TS244-SEM1-09,TS244,1,6,TS244-S09,80.26,70.16,True,64.31,61.34,55.83,47.84,59.0,Teaching incorporates both fundamentals and modern practical tools.
TS244-SEM1-10,TS244,1,6,TS244-S10,69.22,62.1,False,33.45,57.62,58.54,41.84,48.68,Career guidance is helpful from the beginning.
TS244-SEM1-11,TS244,1,6,TS244-S11,71.2,55.98,False,42.51,50.07,45.19,48.07,40.2,"Campus has trees and nature, very peaceful."
TS244-SEM1-12,TS244,1,6,TS244-S12,65.56,61.8,False,40.64,46.77,48.53,36.4,50.1,Excellent labs and digital board infrastructure.
TS244-SEM1-13,TS244,1,6,TS244-S13,76.88,55.7,False,48.62,51.05,58.2,43.01,48.75,Career guidance is helpful from the beginning.
TS244-SEM1-14,TS244,1,6,TS244-S14,63.99,50.19,False,54.91,45.93,42.96,44.15,49.12,"Campus has trees and nature, very peaceful."
TS245-SEM1-01,TS245,1,6,TS245-S01,64.04,66.8,False,74.58,64.15,75.11,81.91,59.85,Career guidance is helpful from the beginning.
TS245-SEM1-02,TS245,1,6,TS245-S02,67.63,80.03,False,60.04,65.05,80.57,74.15,71.5,"Campus has trees and nature, very peaceful."
TS245-SEM1-03,TS245,1,6,TS245-S03,65.87,63.38,False,73.25,66.18,71.24,82.03,60.23,Career guidance is helpful from the beginning.
TS245-SEM1-04,TS245,1,6,TS245-S04,85.44,72.38,True,79.33,95.22,75.96,81.73,88.47,"Strictness is moderate, allowing good learning freedom."
TS245-SEM1-05,TS245,1,6,TS245-S05,63.6,61.22,False,67.24,64.29,62.91,77.98,68.18,Excellent labs and digital board infrastructure.
TS245-SEM1-06,TS245,1,6,TS245-S06,67.93,50.2,False,74.27,74.15,68.93,83.09,65.95,Good focus on practical sessions and mentoring.
TS245-SEM1-07,TS245,1,6,TS245-S07,82.74,68.64,True,76.79,75.04,79.29,82.74,77.1,"Campus has trees and nature, very peaceful."
TS245-SEM1-08,TS245,1,6,TS245-S08,75.53,72.0,True,81.99,72.18,75.13,81.67,85.53,"Campus has trees and nature, very peaceful."
TS245-SEM1-09,TS245,1,6,TS245-S09,73.54,58.7,False,64.52,54.18,78.77,65.05,66.85,Excellent labs and digital board infrastructure.
TS245-SEM1-10,TS245,1,6,TS245-S10,72.23,59.34,False,66.69,64.62,74.0,69.68,66.38,"Strictness is moderate, allowing good learning freedom."
TS245-SEM1-11,TS245,1,6,TS245-S11,67.93,57.73,False,64.34,68.6,73.25,77.35,69.4,Good focus on practical sessions and mentoring.
TS245-SEM1-12,TS245,1,6,TS245-S12,78.27,65.09,True,92.89,68.62,83.12,93.83,84.91,Career guidance is helpful from the beginning.
TS245-SEM1-13,TS245,1,6,TS245-S13,83.42,79.74,True,79.18,84.17,74.62,100.0,86.68,"Campus has trees and nature, very peaceful."
TS245-SEM1-14,TS245,1,6,TS245-S14,72.28,47.9,False,68.25,60.44,74.54,62.55,71.66,Good focus on practical sessions and mentoring.
TS246-SEM1-01,TS246,1,6,TS246-S01,76.25,74.66,False,47.27,67.5,59.1,67.64,65.25,Career guidance is helpful from the beginning.
TS246-SEM1-02,TS246,1,6,TS246-S02,76.74,67.76,True,74.02,70.43,71.31,72.51,69.42,"Campus has trees and nature, very peaceful."
TS246-SEM1-03,TS246,1,6,TS246-S03,76.89,39.68,False,54.27,71.12,67.66,69.5,52.17,"Campus has trees and nature, very peaceful."
TS246-SEM1-04,TS246,1,6,TS246-S04,71.69,64.91,False,66.9,73.58,66.17,67.06,50.18,"Strictness is moderate, allowing good learning freedom."
TS246-SEM1-05,TS246,1,6,TS246-S05,63.56,58.99,False,61.73,62.2,64.4,61.9,52.33,"Strictness is moderate, allowing good learning freedom."
TS246-SEM1-06,TS246,1,6,TS246-S06,80.45,69.67,True,66.55,83.8,72.92,77.5,72.65,"Strictness is moderate, allowing good learning freedom."
TS246-SEM1-07,TS246,1,6,TS246-S07,65.43,61.85,False,65.98,58.94,61.77,76.48,54.01,Career guidance is helpful from the beginning.
TS246-SEM1-08,TS246,1,6,TS246-S08,71.24,48.5,False,61.27,60.29,53.76,60.95,56.58,Excellent labs and digital board infrastructure.
TS246-SEM1-09,TS246,1,6,TS246-S09,62.52,48.14,False,60.89,65.63,56.96,64.74,64.23,Good focus on practical sessions and mentoring.
TS246-SEM1-10,TS246,1,6,TS246-S10,79.69,60.93,True,72.26,62.02,58.77,68.21,65.66,"Campus has trees and nature, very peaceful."
TS246-SEM1-11,TS246,1,6,TS246-S11,73.63,56.5,False,60.09,69.74,64.98,61.09,58.11,Career guidance is helpful from the beginning.
TS246-SEM1-12,TS246,1,6,TS246-S12,66.27,69.11,False,64.87,72.0,60.65,70.07,47.87,"Campus has trees and nature, very peaceful."
TS246-SEM1-13,TS246,1,6,TS246-S13,61.45,66.67,False,65.38,56.36,61.61,69.3,52.46,Career guidance is helpful from the beginning.
TS246-SEM1-14,TS246,1,6,TS246-S14,69.96,68.13,False,58.18,67.11,56.62,66.48,53.55,"Campus has trees and nature, very peaceful."
TS247-SEM1-01,TS247,1,6,TS247-S01,75.33,58.02,True,68.45,97.0,68.61,87.72,82.5,Teaching incorporates both fundamentals and modern practical tools.
TS247-SEM1-02,TS247,1,6,TS247-S02,66.54,67.99,False,59.39,67.62,67.1,71.0,58.2,Excellent labs and digital board infrastructure.
TS247-SEM1-03,TS247,1,6,TS247-S03,74.05,52.96,False,57.17,73.06,68.5,65.25,55.35,Good focus on practical sessions and mentoring.
TS247-SEM1-04,TS247,1,6,TS247-S04,59.18,71.1,False,66.49,56.71,69.61,85.01,52.67,Excellent labs and digital board infrastructure.
TS247-SEM1-05,TS247,1,6,TS247-S05,68.31,46.39,False,68.05,64.65,64.37,74.46,57.58,Excellent labs and digital board infrastructure.
TS247-SEM1-06,TS247,1,6,TS247-S06,69.59,64.75,False,58.7,61.67,65.58,73.64,63.37,Good focus on practical sessions and mentoring.
TS247-SEM1-07,TS247,1,6,TS247-S07,75.5,47.0,False,70.81,65.89,64.7,67.67,70.31,"Strictness is moderate, allowing good learning freedom."
TS247-SEM1-08,TS247,1,6,TS247-S08,86.16,80.66,True,78.43,87.35,72.16,83.34,79.5,Excellent labs and digital board infrastructure.
TS247-SEM1-09,TS247,1,6,TS247-S09,83.51,76.36,True,85.51,75.39,70.63,78.38,79.1,Teaching incorporates both fundamentals and modern practical tools.
TS247-SEM1-10,TS247,1,6,TS247-S10,67.29,56.82,False,53.7,58.84,67.54,79.35,64.93,"Strictness is moderate, allowing good learning freedom."
TS247-SEM1-11,TS247,1,6,TS247-S11,74.58,46.71,False,57.2,63.84,71.18,69.75,54.26,Career guidance is helpful from the beginning.
TS247-SEM1-12,TS247,1,6,TS247-S12,80.69,54.65,True,77.73,75.02,70.86,80.1,73.73,"Strictness is moderate, allowing good learning freedom."
TS247-SEM1-13,TS247,1,6,TS247-S13,68.93,61.64,False,50.15,73.06,59.5,67.46,65.36,Good focus on practical sessions and mentoring.
TS247-SEM1-14,TS247,1,6,TS247-S14,75.42,62.87,True,72.73,73.69,72.65,86.94,88.33,Career guidance is helpful from the beginning.
TS248-SEM1-01,TS248,1,6,TS248-S01,75.07,51.15,True,87.33,93.34,95.17,86.31,94.71,"Campus has trees and nature, very peaceful."
TS248-SEM1-02,TS248,1,6,TS248-S02,81.06,83.47,True,99.24,86.42,94.88,77.65,99.58,"Strictness is moderate, allowing good learning freedom."
TS248-SEM1-03,TS248,1,6,TS248-S03,81.39,75.97,True,89.94,94.26,93.39,85.11,100.0,Teaching incorporates both fundamentals and modern practical tools.
TS248-SEM1-04,TS248,1,6,TS248-S04,83.98,69.2,True,98.24,87.72,87.61,85.59,99.11,Career guidance is helpful from the beginning.
TS248-SEM1-05,TS248,1,6,TS248-S05,68.72,66.99,False,77.4,72.96,79.76,80.73,76.42,"Strictness is moderate, allowing good learning freedom."
TS248-SEM1-06,TS248,1,6,TS248-S06,79.54,61.21,True,85.85,100.0,100.0,84.07,91.26,Career guidance is helpful from the beginning.
TS248-SEM1-07,TS248,1,6,TS248-S07,87.13,80.92,True,100.0,78.24,97.66,85.57,99.61,Good focus on practical sessions and mentoring.
TS248-SEM1-08,TS248,1,6,TS248-S08,86.67,82.36,True,91.51,86.84,97.8,81.68,100.0,"Strictness is moderate, allowing good learning freedom."
TS248-SEM1-09,TS248,1,6,TS248-S09,77.41,71.19,True,85.62,82.15,96.43,76.59,100.0,"Campus has trees and nature, very peaceful."
TS248-SEM1-10,TS248,1,6,TS248-S10,81.44,64.71,True,80.1,91.79,90.84,79.31,93.71,Good focus on practical sessions and mentoring.
TS248-SEM1-11,TS248,1,6,TS248-S11,91.16,76.83,True,90.15,83.87,90.66,72.16,91.39,"Campus has trees and nature, very peaceful."
TS248-SEM1-12,TS248,1,6,TS248-S12,74.49,54.61,False,84.76,83.41,81.77,83.93,70.65,"Strictness is moderate, allowing good learning freedom."
TS248-SEM1-13,TS248,1,6,TS248-S13,73.94,86.17,False,94.56,89.93,87.23,76.42,76.08,Good focus on practical sessions and mentoring.
TS248-SEM1-14,TS248,1,6,TS248-S14,83.36,88.73,True,100.0,87.13,94.95,82.88,97.57,"Strictness is moderate, allowing good learning freedom."
TS249-SEM1-01,TS249,1,6,TS249-S01,79.81,66.15,True,75.89,60.27,64.47,76.8,69.13,Career guidance is helpful from the beginning.
TS249-SEM1-02,TS249,1,6,TS249-S02,62.84,51.17,False,63.35,55.23,62.15,60.48,56.92,Career guidance is helpful from the beginning.
TS249-SEM1-03,TS249,1,6,TS249-S03,70.38,66.46,False,54.15,62.26,58.38,66.2,53.66,Teaching incorporates both fundamentals and modern practical tools.
TS249-SEM1-04,TS249,1,6,TS249-S04,72.16,64.79,False,54.05,57.27,61.95,69.73,54.64,Career guidance is helpful from the beginning.
TS249-SEM1-05,TS249,1,6,TS249-S05,66.68,62.86,False,61.04,47.56,54.41,62.71,54.06,Excellent labs and digital board infrastructure.
TS249-SEM1-06,TS249,1,6,TS249-S06,58.82,67.74,False,55.92,39.42,55.45,64.88,46.16,Career guidance is helpful from the beginning.
TS249-SEM1-07,TS249,1,6,TS249-S07,77.82,63.87,True,64.85,71.52,64.72,72.52,74.78,Excellent labs and digital board infrastructure.
TS249-SEM1-08,TS249,1,6,TS249-S08,71.58,70.08,False,57.85,54.52,65.23,73.0,55.46,Career guidance is helpful from the beginning.
TS249-SEM1-09,TS249,1,6,TS249-S09,80.02,59.65,True,71.05,67.19,66.47,69.39,68.05,Excellent labs and digital board infrastructure.
TS249-SEM1-10,TS249,1,6,TS249-S10,72.66,73.98,False,61.91,61.33,67.27,66.8,50.08,Excellent labs and digital board infrastructure.
TS249-SEM1-11,TS249,1,6,TS249-S11,69.9,61.39,False,53.95,63.11,65.7,56.29,54.29,"Strictness is moderate, allowing good learning freedom."
TS249-SEM1-12,TS249,1,6,TS249-S12,54.58,61.08,False,56.4,72.43,68.4,72.27,50.22,Career guidance is helpful from the beginning.
TS249-SEM1-13,TS249,1,6,TS249-S13,65.89,51.04,False,66.18,50.94,59.09,61.28,48.73,Excellent labs and digital board infrastructure.
TS249-SEM1-14,TS249,1,6,TS249-S14,74.0,63.53,False,43.67,47.81,62.3,66.25,53.02,Teaching incorporates both fundamentals and modern practical tools.
TS250-SEM1-01,TS250,1,6,TS250-S01,69.0,41.3,False,51.05,45.42,45.86,39.53,31.77,"Campus has trees and nature, very peaceful."
TS250-SEM1-02,TS250,1,6,TS250-S02,58.67,80.99,False,31.14,58.98,47.21,38.29,36.24,"Strictness is moderate, allowing good learning freedom."
TS250-SEM1-03,TS250,1,6,TS250-S03,85.53,54.53,True,58.56,50.49,46.52,43.9,60.02,Excellent labs and digital board infrastructure.
TS250-SEM1-04,TS250,1,6,TS250-S04,82.96,82.3,True,60.79,48.01,46.92,41.01,53.57,Excellent labs and digital board infrastructure.
TS250-SEM1-05,TS250,1,6,TS250-S05,65.27,38.22,False,49.22,53.08,44.51,31.45,44.77,"Strictness is moderate, allowing good learning freedom."
TS250-SEM1-06,TS250,1,6,TS250-S06,71.31,55.74,False,30.68,50.21,42.92,38.82,39.44,Teaching incorporates both fundamentals and modern practical tools.
TS250-SEM1-07,TS250,1,6,TS250-S07,75.51,63.67,True,57.87,63.51,59.33,37.54,62.16,Teaching incorporates both fundamentals and modern practical tools.
TS250-SEM1-08,TS250,1,6,TS250-S08,62.17,71.64,False,37.01,52.64,52.06,38.64,38.61,Good focus on practical sessions and mentoring.
TS250-SEM1-09,TS250,1,6,TS250-S09,71.41,57.29,False,47.6,45.45,33.97,42.87,43.01,"Strictness is moderate, allowing good learning freedom."
TS250-SEM1-10,TS250,1,6,TS250-S10,72.26,54.12,False,33.89,40.02,45.84,26.5,40.97,"Strictness is moderate, allowing good learning freedom."
TS250-SEM1-11,TS250,1,6,TS250-S11,72.44,74.87,False,45.06,40.52,36.4,32.64,45.76,"Campus has trees and nature, very peaceful."
TS250-SEM1-12,TS250,1,6,TS250-S12,73.77,67.97,False,37.07,50.19,37.25,43.18,33.07,Good focus on practical sessions and mentoring.
TS250-SEM1-13,TS250,1,6,TS250-S13,60.15,84.62,False,41.66,47.17,35.5,41.3,43.28,"Strictness is moderate, allowing good learning freedom."
TS250-SEM1-14,TS250,1,6,TS250-S14,70.8,70.9,False,47.87,50.51,34.02,30.65,47.28,Excellent labs and digital board infrastructure.
TS251-SEM1-01,TS251,1,6,TS251-S01,75.38,37.46,False,55.28,60.94,61.3,56.82,51.81,Teaching incorporates both fundamentals and modern practical tools.
TS251-SEM1-02,TS251,1,6,TS251-S02,73.25,47.27,False,56.09,64.19,59.07,55.25,53.32,Excellent labs and digital board infrastructure.
TS251-SEM1-03,TS251,1,6,TS251-S03,79.79,73.66,True,56.07,66.25,65.85,71.5,70.2,"Strictness is moderate, allowing good learning freedom."
TS251-SEM1-04,TS251,1,6,TS251-S04,81.31,43.72,False,54.97,56.9,60.14,67.52,45.18,"Strictness is moderate, allowing good learning freedom."
TS251-SEM1-05,TS251,1,6,TS251-S05,81.05,70.15,True,60.17,64.63,64.05,67.32,64.49,"Strictness is moderate, allowing good learning freedom."
TS251-SEM1-06,TS251,1,6,TS251-S06,75.66,57.94,True,75.88,56.56,62.92,71.1,69.0,Career guidance is helpful from the beginning.
TS251-SEM1-07,TS251,1,6,TS251-S07,63.88,70.65,False,47.99,54.67,50.65,63.04,47.52,"Campus has trees and nature, very peaceful."
TS251-SEM1-08,TS251,1,6,TS251-S08,77.4,59.85,True,68.1,54.47,71.61,66.38,64.79,Career guidance is helpful from the beginning.
TS251-SEM1-09,TS251,1,6,TS251-S09,69.6,62.18,False,57.6,45.91,53.78,57.97,57.33,Teaching incorporates both fundamentals and modern practical tools.
TS251-SEM1-10,TS251,1,6,TS251-S10,77.99,77.9,True,74.22,73.2,66.11,69.93,64.65,Teaching incorporates both fundamentals and modern practical tools.
TS251-SEM1-11,TS251,1,6,TS251-S11,82.97,59.55,True,69.68,52.09,62.37,66.49,67.05,Teaching incorporates both fundamentals and modern practical tools.
TS251-SEM1-12,TS251,1,6,TS251-S12,71.76,76.93,False,46.66,42.91,52.69,62.74,53.83,"Campus has trees and nature, very peaceful."
TS251-SEM1-13,TS251,1,6,TS251-S13,75.64,71.12,True,62.51,55.5,56.31,63.91,71.56,Good focus on practical sessions and mentoring.
TS251-SEM1-14,TS251,1,6,TS251-S14,73.42,62.23,False,45.29,73.7,51.49,58.99,54.64,Excellent labs and digital board infrastructure.
TS252-SEM1-01,TS252,1,6,TS252-S01,80.51,56.1,True,68.09,53.55,59.51,64.36,68.16,"Strictness is moderate, allowing good learning freedom."
TS252-SEM1-02,TS252,1,6,TS252-S02,74.18,61.98,False,49.56,60.94,55.08,57.37,48.57,Excellent labs and digital board infrastructure.
TS252-SEM1-03,TS252,1,6,TS252-S03,71.32,48.38,False,45.63,69.69,47.4,60.02,51.36,Excellent labs and digital board infrastructure.
TS252-SEM1-04,TS252,1,6,TS252-S04,78.08,65.67,True,67.09,70.91,67.85,74.64,67.78,Excellent labs and digital board infrastructure.
TS252-SEM1-05,TS252,1,6,TS252-S05,74.39,58.31,False,52.61,51.84,45.26,57.53,54.1,"Strictness is moderate, allowing good learning freedom."
TS252-SEM1-06,TS252,1,6,TS252-S06,63.9,52.14,False,58.59,60.87,52.55,59.44,49.26,Excellent labs and digital board infrastructure.
TS252-SEM1-07,TS252,1,6,TS252-S07,79.06,56.67,False,59.7,42.1,53.16,59.19,57.27,Good focus on practical sessions and mentoring.
TS252-SEM1-08,TS252,1,6,TS252-S08,64.84,54.89,False,55.21,56.1,56.71,57.69,50.3,Career guidance is helpful from the beginning.
TS252-SEM1-09,TS252,1,6,TS252-S09,62.96,63.01,False,60.54,39.56,51.73,56.01,47.98,"Campus has trees and nature, very peaceful."
TS252-SEM1-10,TS252,1,6,TS252-S10,83.05,52.68,True,70.28,54.95,66.59,64.21,69.95,Career guidance is helpful from the beginning.
TS252-SEM1-11,TS252,1,6,TS252-S11,62.59,66.56,False,52.96,48.08,49.49,59.69,53.27,Career guidance is helpful from the beginning.
TS252-SEM1-12,TS252,1,6,TS252-S12,68.81,56.89,False,56.42,63.81,60.35,59.77,48.44,"Strictness is moderate, allowing good learning freedom."
TS252-SEM1-13,TS252,1,6,TS252-S13,71.83,48.75,False,50.73,59.08,55.85,54.64,46.06,Excellent labs and digital board infrastructure.
TS252-SEM1-14,TS252,1,6,TS252-S14,71.81,49.65,False,46.2,62.39,50.47,53.58,51.11,"Strictness is moderate, allowing good learning freedom."
TS253-SEM1-01,TS253,1,6,TS253-S01,84.87,67.41,True,86.32,96.9,95.64,95.03,99.99,Excellent labs and digital board infrastructure.
TS253-SEM1-02,TS253,1,6,TS253-S02,87.49,67.16,True,91.14,99.87,88.68,90.42,97.01,Good focus on practical sessions and mentoring.
TS253-SEM1-03,TS253,1,6,TS253-S03,88.66,80.11,True,100.0,95.9,88.76,92.48,88.81,"Campus has trees and nature, very peaceful."
TS253-SEM1-04,TS253,1,6,TS253-S04,89.14,71.69,True,100.0,96.31,96.58,96.13,92.78,Teaching incorporates both fundamentals and modern practical tools.
TS253-SEM1-05,TS253,1,6,TS253-S05,84.67,80.29,True,100.0,100.0,94.57,91.04,90.49,Career guidance is helpful from the beginning.
TS253-SEM1-06,TS253,1,6,TS253-S06,89.19,53.12,True,95.63,91.64,91.57,100.0,93.81,Teaching incorporates both fundamentals and modern practical tools.
TS253-SEM1-07,TS253,1,6,TS253-S07,87.29,80.82,True,89.79,94.84,100.0,93.16,100.0,"Campus has trees and nature, very peaceful."
TS253-SEM1-08,TS253,1,6,TS253-S08,71.47,66.39,False,77.49,93.15,85.02,98.56,77.08,Career guidance is helpful from the beginning.
TS253-SEM1-09,TS253,1,6,TS253-S09,81.68,71.71,True,88.02,91.5,86.86,100.0,91.04,Teaching incorporates both fundamentals and modern practical tools.
TS253-SEM1-10,TS253,1,6,TS253-S10,92.93,75.81,True,97.52,95.4,92.35,98.21,99.34,Teaching incorporates both fundamentals and modern practical tools.
TS253-SEM1-11,TS253,1,6,TS253-S11,77.07,65.08,True,94.73,79.51,89.37,100.0,95.94,"Strictness is moderate, allowing good learning freedom."
TS253-SEM1-12,TS253,1,6,TS253-S12,78.81,60.05,True,87.76,98.99,91.99,95.52,92.93,Good focus on practical sessions and mentoring.
TS253-SEM1-13,TS253,1,6,TS253-S13,91.16,67.95,True,93.29,94.74,94.16,100.0,100.0,"Campus has trees and nature, very peaceful."
TS253-SEM1-14,TS253,1,6,TS253-S14,96.58,58.07,True,91.62,100.0,92.62,85.52,98.92,"Campus has trees and nature, very peaceful."
TS254-SEM1-01,TS254,1,6,TS254-S01,76.55,58.68,True,78.66,80.25,78.92,97.51,85.61,"Campus has trees and nature, very peaceful."
TS254-SEM1-02,TS254,1,6,TS254-S02,81.75,86.17,True,88.26,88.74,87.93,100.0,94.09,Career guidance is helpful from the beginning.
TS254-SEM1-03,TS254,1,6,TS254-S03,86.01,97.66,True,96.92,94.89,89.34,84.38,86.38,Good focus on practical sessions and mentoring.
TS254-SEM1-04,TS254,1,6,TS254-S04,78.93,83.82,True,98.03,90.98,89.72,93.42,91.49,Excellent labs and digital board infrastructure.
TS254-SEM1-05,TS254,1,6,TS254-S05,80.07,60.15,True,89.41,100.0,93.19,91.04,100.0,Career guidance is helpful from the beginning.
TS254-SEM1-06,TS254,1,6,TS254-S06,83.14,85.33,True,83.19,87.67,94.4,88.58,89.7,"Campus has trees and nature, very peaceful."
TS254-SEM1-07,TS254,1,6,TS254-S07,81.98,71.11,True,100.0,91.12,89.73,96.0,92.57,Career guidance is helpful from the beginning.
TS254-SEM1-08,TS254,1,6,TS254-S08,76.73,70.91,True,92.39,76.73,84.85,85.74,96.44,Teaching incorporates both fundamentals and modern practical tools.
TS254-SEM1-09,TS254,1,6,TS254-S09,77.81,70.39,True,94.78,98.82,89.5,96.8,98.21,Career guidance is helpful from the beginning.
TS254-SEM1-10,TS254,1,6,TS254-S10,71.14,80.92,False,73.81,71.01,78.43,87.55,81.31,"Strictness is moderate, allowing good learning freedom."
TS254-SEM1-11,TS254,1,6,TS254-S11,73.93,81.18,False,87.82,95.71,62.76,96.24,78.83,"Strictness is moderate, allowing good learning freedom."
TS254-SEM1-12,TS254,1,6,TS254-S12,68.16,67.34,False,83.58,83.95,77.16,83.56,76.76,Career guidance is helpful from the beginning.
TS254-SEM1-13,TS254,1,6,TS254-S13,78.52,73.73,True,85.82,80.21,83.84,84.83,89.0,"Campus has trees and nature, very peaceful."
TS254-SEM1-14,TS254,1,6,TS254-S14,71.64,77.36,False,81.23,74.57,76.77,82.04,69.47,Teaching incorporates both fundamentals and modern practical tools.
TS255-SEM1-01,TS255,1,6,TS255-S01,73.59,74.15,False,69.39,64.22,65.3,69.53,60.9,"Campus has trees and nature, very peaceful."
TS255-SEM1-02,TS255,1,6,TS255-S02,74.12,72.21,False,66.22,64.84,64.14,70.74,52.93,Teaching incorporates both fundamentals and modern practical tools.
TS255-SEM1-03,TS255,1,6,TS255-S03,67.21,68.06,False,68.72,63.19,68.41,71.01,64.82,"Strictness is moderate, allowing good learning freedom."
TS255-SEM1-04,TS255,1,6,TS255-S04,70.79,52.17,False,65.73,79.03,62.8,68.03,59.48,Teaching incorporates both fundamentals and modern practical tools.
TS255-SEM1-05,TS255,1,6,TS255-S05,86.48,52.39,True,75.22,63.32,67.87,79.2,82.95,Teaching incorporates both fundamentals and modern practical tools.
TS255-SEM1-06,TS255,1,6,TS255-S06,68.64,76.09,False,49.91,53.29,63.29,68.73,59.16,"Campus has trees and nature, very peaceful."
TS255-SEM1-07,TS255,1,6,TS255-S07,70.79,66.85,False,72.15,69.78,67.69,68.31,66.92,"Strictness is moderate, allowing good learning freedom."
TS255-SEM1-08,TS255,1,6,TS255-S08,83.31,68.38,True,78.97,78.0,71.63,80.98,80.73,Teaching incorporates both fundamentals and modern practical tools.
TS255-SEM1-09,TS255,1,6,TS255-S09,78.99,52.23,True,75.05,73.55,65.41,72.14,85.83,"Strictness is moderate, allowing good learning freedom."
TS255-SEM1-10,TS255,1,6,TS255-S10,75.2,63.38,True,84.91,70.02,74.88,78.23,80.27,Good focus on practical sessions and mentoring.
TS255-SEM1-11,TS255,1,6,TS255-S11,80.95,67.75,True,76.89,76.81,73.36,76.92,77.7,"Strictness is moderate, allowing good learning freedom."
TS255-SEM1-12,TS255,1,6,TS255-S12,69.0,52.84,False,61.78,60.66,76.56,74.74,60.74,Good focus on practical sessions and mentoring.
TS255-SEM1-13,TS255,1,6,TS255-S13,69.46,68.15,False,75.06,69.73,58.81,73.97,66.61,Excellent labs and digital board infrastructure.
TS255-SEM1-14,TS255,1,6,TS255-S14,85.2,59.52,True,80.11,67.25,70.14,78.18,71.69,Good focus on practical sessions and mentoring.
TS256-SEM1-01,TS256,1,6,TS256-S01,81.83,66.59,True,83.88,79.58,87.61,78.81,86.87,Excellent labs and digital board infrastructure.
TS256-SEM1-02,TS256,1,6,TS256-S02,75.25,96.83,True,93.92,77.74,67.3,89.26,83.88,Good focus on practical sessions and mentoring.
TS256-SEM1-03,TS256,1,6,TS256-S03,79.28,81.42,True,83.96,87.9,79.74,85.05,80.86,"Campus has trees and nature, very peaceful."
TS256-SEM1-04,TS256,1,6,TS256-S04,86.59,69.83,True,80.24,76.62,83.11,72.43,88.94,Excellent labs and digital board infrastructure.
TS256-SEM1-05,TS256,1,6,TS256-S05,78.26,50.35,True,79.63,82.38,77.81,73.89,79.58,Career guidance is helpful from the beginning.
TS256-SEM1-06,TS256,1,6,TS256-S06,74.84,77.59,False,66.93,73.73,62.62,70.95,75.62,Career guidance is helpful from the beginning.
TS256-SEM1-07,TS256,1,6,TS256-S07,85.85,72.04,True,88.12,91.08,72.73,74.83,84.87,Good focus on practical sessions and mentoring.
TS256-SEM1-08,TS256,1,6,TS256-S08,84.23,79.83,True,75.64,79.14,82.08,85.41,80.23,Career guidance is helpful from the beginning.
TS256-SEM1-09,TS256,1,6,TS256-S09,78.35,70.41,True,75.6,76.23,82.35,74.62,84.76,"Strictness is moderate, allowing good learning freedom."
TS256-SEM1-10,TS256,1,6,TS256-S10,70.6,76.93,False,67.79,70.13,67.13,75.52,65.28,Good focus on practical sessions and mentoring.
TS256-SEM1-11,TS256,1,6,TS256-S11,89.79,81.38,True,76.48,73.89,79.38,80.14,82.61,Good focus on practical sessions and mentoring.
TS256-SEM1-12,TS256,1,6,TS256-S12,98.91,69.87,True,80.59,61.39,79.43,87.87,86.64,"Strictness is moderate, allowing good learning freedom."
TS256-SEM1-13,TS256,1,6,TS256-S13,83.54,75.24,True,86.85,75.35,75.27,83.61,81.97,"Strictness is moderate, allowing good learning freedom."
TS256-SEM1-14,TS256,1,6,TS256-S14,89.69,79.67,True,74.6,74.23,90.16,79.73,87.26,Career guidance is helpful from the beginning.
TS257-SEM1-01,TS257,1,6,TS257-S01,85.59,61.21,True,70.81,67.0,58.05,72.2,62.29,Career guidance is helpful from the beginning.
TS257-SEM1-02,TS257,1,6,TS257-S02,75.61,51.63,True,63.08,77.05,50.54,83.07,63.68,Teaching incorporates both fundamentals and modern practical tools.
TS257-SEM1-03,TS257,1,6,TS257-S03,71.26,66.13,False,53.67,62.61,58.76,74.31,53.37,"Strictness is moderate, allowing good learning freedom."
TS257-SEM1-04,TS257,1,6,TS257-S04,71.3,56.47,False,48.23,66.2,64.48,68.11,33.89,Excellent labs and digital board infrastructure.
TS257-SEM1-05,TS257,1,6,TS257-S05,58.52,61.92,False,50.71,56.02,61.97,69.3,50.58,Good focus on practical sessions and mentoring.
TS257-SEM1-06,TS257,1,6,TS257-S06,62.86,49.71,False,52.11,59.19,49.62,66.05,40.95,Career guidance is helpful from the beginning.
TS257-SEM1-07,TS257,1,6,TS257-S07,56.02,53.25,False,59.95,68.04,47.73,52.98,53.51,Excellent labs and digital board infrastructure.
TS257-SEM1-08,TS257,1,6,TS257-S08,69.36,75.66,False,56.18,63.19,51.6,64.75,59.79,Career guidance is helpful from the beginning.
TS257-SEM1-09,TS257,1,6,TS257-S09,72.85,61.55,False,49.09,43.04,50.21,56.74,41.49,Career guidance is helpful from the beginning.
TS257-SEM1-10,TS257,1,6,TS257-S10,62.74,37.52,False,47.01,61.26,54.12,60.21,53.54,Teaching incorporates both fundamentals and modern practical tools.
TS257-SEM1-11,TS257,1,6,TS257-S11,82.13,84.73,True,64.02,62.55,65.66,68.15,66.94,"Strictness is moderate, allowing good learning freedom."
TS257-SEM1-12,TS257,1,6,TS257-S12,71.48,52.58,False,37.71,50.5,62.99,70.55,54.41,Good focus on practical sessions and mentoring.
TS257-SEM1-13,TS257,1,6,TS257-S13,69.04,54.09,False,61.45,47.19,55.9,72.22,50.33,Good focus on practical sessions and mentoring.
TS257-SEM1-14,TS257,1,6,TS257-S14,70.24,73.6,False,52.14,57.43,63.28,46.82,51.5,"Campus has trees and nature, very peaceful."
TS258-SEM1-01,TS258,1,6,TS258-S01,73.14,47.09,False,81.53,62.5,64.27,72.29,59.68,"Strictness is moderate, allowing good learning freedom."
TS258-SEM1-02,TS258,1,6,TS258-S02,74.19,46.88,False,72.97,76.91,69.55,62.72,60.08,Teaching incorporates both fundamentals and modern practical tools.
TS258-SEM1-03,TS258,1,6,TS258-S03,72.38,49.89,False,59.86,77.78,70.92,73.4,66.78,Excellent labs and digital board infrastructure.
TS258-SEM1-04,TS258,1,6,TS258-S04,71.02,61.4,False,68.88,75.86,72.64,81.42,64.27,Teaching incorporates both fundamentals and modern practical tools.
TS258-SEM1-05,TS258,1,6,TS258-S05,63.92,72.88,False,64.68,63.24,73.71,74.88,57.75,Excellent labs and digital board infrastructure.
TS258-SEM1-06,TS258,1,6,TS258-S06,76.02,80.74,True,78.61,66.03,87.4,76.55,75.11,Good focus on practical sessions and mentoring.
TS258-SEM1-07,TS258,1,6,TS258-S07,72.67,72.08,False,73.56,64.01,69.65,72.66,69.03,"Campus has trees and nature, very peaceful."
TS258-SEM1-08,TS258,1,6,TS258-S08,75.56,64.71,True,71.97,82.76,78.25,79.36,80.9,"Campus has trees and nature, very peaceful."
TS258-SEM1-09,TS258,1,6,TS258-S09,72.8,56.3,False,82.51,80.26,75.61,69.48,59.36,Good focus on practical sessions and mentoring.
TS258-SEM1-10,TS258,1,6,TS258-S10,70.73,63.14,False,57.46,73.23,75.56,59.24,59.64,Career guidance is helpful from the beginning.
TS258-SEM1-11,TS258,1,6,TS258-S11,79.37,65.74,True,84.56,74.63,75.97,72.82,82.23,Teaching incorporates both fundamentals and modern practical tools.
TS258-SEM1-12,TS258,1,6,TS258-S12,78.11,57.22,True,79.85,88.02,74.83,88.99,85.55,"Campus has trees and nature, very peaceful."
TS258-SEM1-13,TS258,1,6,TS258-S13,73.46,64.81,False,63.36,65.15,71.46,65.46,61.14,"Strictness is moderate, allowing good learning freedom."
TS258-SEM1-14,TS258,1,6,TS258-S14,66.38,67.72,False,69.67,79.53,68.47,67.81,56.8,Career guidance is helpful from the beginning.
TS259-SEM1-01,TS259,1,6,TS259-S01,71.95,62.47,False,62.29,71.66,65.52,87.58,58.35,Excellent labs and digital board infrastructure.
TS259-SEM1-02,TS259,1,6,TS259-S02,64.66,47.9,False,66.02,56.02,60.02,63.76,62.35,"Strictness is moderate, allowing good learning freedom."
TS259-SEM1-03,TS259,1,6,TS259-S03,79.98,52.56,True,60.24,72.79,76.08,77.01,83.04,"Campus has trees and nature, very peaceful."
TS259-SEM1-04,TS259,1,6,TS259-S04,58.6,54.65,False,64.78,72.27,68.65,73.13,54.35,Excellent labs and digital board infrastructure.
TS259-SEM1-05,TS259,1,6,TS259-S05,67.33,85.16,False,54.51,57.43,69.47,65.53,69.03,Career guidance is helpful from the beginning.
TS259-SEM1-06,TS259,1,6,TS259-S06,88.41,59.59,False,51.12,77.0,54.87,63.85,60.66,Excellent labs and digital board infrastructure.
TS259-SEM1-07,TS259,1,6,TS259-S07,75.29,47.16,False,58.81,55.46,64.48,67.08,56.89,Career guidance is helpful from the beginning.
TS259-SEM1-08,TS259,1,6,TS259-S08,75.91,64.82,True,75.29,84.49,72.89,75.94,80.92,Excellent labs and digital board infrastructure.
TS259-SEM1-09,TS259,1,6,TS259-S09,69.46,58.71,False,68.48,76.54,64.58,77.12,53.67,Teaching incorporates both fundamentals and modern practical tools.
TS259-SEM1-10,TS259,1,6,TS259-S10,70.25,54.48,False,62.06,74.63,68.84,74.4,60.75,"Campus has trees and nature, very peaceful."
TS259-SEM1-11,TS259,1,6,TS259-S11,71.04,74.01,False,52.79,63.42,68.12,81.05,58.34,"Campus has trees and nature, very peaceful."
TS259-SEM1-12,TS259,1,6,TS259-S12,70.43,49.1,False,58.82,74.42,73.96,70.13,56.07,Career guidance is helpful from the beginning.
TS259-SEM1-13,TS259,1,6,TS259-S13,72.42,45.85,False,69.48,58.9,67.63,73.68,63.2,Excellent labs and digital board infrastructure.
TS259-SEM1-14,TS259,1,6,TS259-S14,73.53,62.03,False,64.64,75.43,75.05,65.27,50.87,Good focus on practical sessions and mentoring.
TS260-SEM1-01,TS260,1,6,TS260-S01,78.85,78.06,True,48.13,60.49,55.73,69.07,64.06,"Strictness is moderate, allowing good learning freedom."
TS260-SEM1-02,TS260,1,6,TS260-S02,74.46,54.19,False,50.07,49.62,41.73,69.58,45.0,"Strictness is moderate, allowing good learning freedom."
TS260-SEM1-03,TS260,1,6,TS260-S03,64.42,54.74,False,50.47,51.0,56.48,68.93,41.4,"Campus has trees and nature, very peaceful."
TS260-SEM1-04,TS260,1,6,TS260-S04,54.27,63.21,False,53.04,49.01,56.56,60.3,45.52,Excellent labs and digital board infrastructure.
TS260-SEM1-05,TS260,1,6,TS260-S05,66.48,68.97,False,43.79,67.11,50.74,71.1,44.81,Excellent labs and digital board infrastructure.
TS260-SEM1-06,TS260,1,6,TS260-S06,80.03,75.0,True,64.9,70.82,61.78,67.78,65.61,Teaching incorporates both fundamentals and modern practical tools.
TS260-SEM1-07,TS260,1,6,TS260-S07,67.51,63.51,False,44.53,53.61,44.31,59.58,43.29,"Strictness is moderate, allowing good learning freedom."
TS260-SEM1-08,TS260,1,6,TS260-S08,71.04,46.88,False,43.95,56.85,57.74,51.11,44.32,Good focus on practical sessions and mentoring.
TS260-SEM1-09,TS260,1,6,TS260-S09,79.65,65.86,True,66.64,52.96,61.33,76.14,65.79,"Campus has trees and nature, very peaceful."
TS260-SEM1-10,TS260,1,6,TS260-S10,69.64,61.52,False,42.41,55.54,46.08,61.41,50.66,Teaching incorporates both fundamentals and modern practical tools.
TS260-SEM1-11,TS260,1,6,TS260-S11,73.74,57.16,False,38.98,50.26,50.1,69.19,44.67,Good focus on practical sessions and mentoring.
TS260-SEM1-12,TS260,1,6,TS260-S12,61.5,48.16,False,46.69,51.5,47.44,61.76,51.22,"Campus has trees and nature, very peaceful."
TS260-SEM1-13,TS260,1,6,TS260-S13,78.66,64.77,True,59.53,64.94,58.67,78.83,70.12,Teaching incorporates both fundamentals and modern practical tools.
TS260-SEM1-14,TS260,1,6,TS260-S14,74.46,57.02,False,46.73,37.48,52.99,65.81,40.37,Good focus on practical sessions and mentoring.
TS261-SEM1-01,TS261,1,6,TS261-S01,76.52,79.37,True,91.78,98.69,90.74,92.85,97.57,"Campus has trees and nature, very peaceful."
TS261-SEM1-02,TS261,1,6,TS261-S02,80.2,48.86,False,77.33,70.41,77.52,92.37,77.3,"Strictness is moderate, allowing good learning freedom."
TS261-SEM1-03,TS261,1,6,TS261-S03,76.99,80.27,True,91.13,94.31,96.7,87.96,100.0,Good focus on practical sessions and mentoring.
TS261-SEM1-04,TS261,1,6,TS261-S04,78.3,67.21,False,74.36,75.64,87.91,94.82,68.09,Excellent labs and digital board infrastructure.
TS261-SEM1-05,TS261,1,6,TS261-S05,86.04,80.28,True,94.76,98.92,82.65,100.0,92.3,Career guidance is helpful from the beginning.
TS261-SEM1-06,TS261,1,6,TS261-S06,85.25,65.66,True,92.22,89.04,87.06,100.0,92.06,Career guidance is helpful from the beginning.
TS261-SEM1-07,TS261,1,6,TS261-S07,88.36,77.13,True,90.0,82.87,90.81,100.0,88.59,Excellent labs and digital board infrastructure.
TS261-SEM1-08,TS261,1,6,TS261-S08,82.05,80.42,True,100.0,100.0,90.68,100.0,92.65,Good focus on practical sessions and mentoring.
TS261-SEM1-09,TS261,1,6,TS261-S09,93.31,66.09,True,100.0,87.68,95.86,100.0,93.62,Excellent labs and digital board infrastructure.
TS261-SEM1-10,TS261,1,6,TS261-S10,81.19,77.65,True,100.0,98.53,86.83,100.0,86.94,Career guidance is helpful from the beginning.
TS261-SEM1-11,TS261,1,6,TS261-S11,79.68,72.1,True,100.0,95.7,88.87,96.67,99.85,Career guidance is helpful from the beginning.
TS261-SEM1-12,TS261,1,6,TS261-S12,80.83,69.97,True,100.0,86.28,83.19,100.0,89.98,Good focus on practical sessions and mentoring.
TS261-SEM1-13,TS261,1,6,TS261-S13,74.34,64.59,False,85.96,89.16,95.96,90.01,84.33,Career guidance is helpful from the beginning.
TS261-SEM1-14,TS261,1,6,TS261-S14,84.96,69.44,True,90.31,96.03,95.61,98.65,99.92,"Strictness is moderate, allowing good learning freedom."
TS262-SEM1-01,TS262,1,6,TS262-S01,79.29,42.79,False,59.34,61.61,64.65,56.89,58.23,Excellent labs and digital board infrastructure.
TS262-SEM1-02,TS262,1,6,TS262-S02,65.67,66.02,False,57.26,61.68,54.4,59.48,58.17,"Strictness is moderate, allowing good learning freedom."
TS262-SEM1-03,TS262,1,6,TS262-S03,80.93,81.54,True,71.07,76.52,76.2,71.82,71.99,"Strictness is moderate, allowing good learning freedom."
TS262-SEM1-04,TS262,1,6,TS262-S04,70.35,60.4,False,57.88,56.91,56.42,61.31,51.3,Good focus on practical sessions and mentoring.
TS262-SEM1-05,TS262,1,6,TS262-S05,75.58,68.74,True,72.5,73.87,47.6,63.44,75.09,Excellent labs and digital board infrastructure.
TS262-SEM1-06,TS262,1,6,TS262-S06,66.97,70.55,False,61.03,60.8,56.6,61.75,53.34,Good focus on practical sessions and mentoring.
TS262-SEM1-07,TS262,1,6,TS262-S07,75.76,38.59,False,51.15,54.83,46.97,58.73,46.06,Career guidance is helpful from the beginning.
TS262-SEM1-08,TS262,1,6,TS262-S08,69.68,57.12,False,58.28,60.92,51.1,63.77,65.66,"Campus has trees and nature, very peaceful."
TS262-SEM1-09,TS262,1,6,TS262-S09,78.45,68.79,True,66.61,68.44,67.76,61.88,72.66,Good focus on practical sessions and mentoring.
TS262-SEM1-10,TS262,1,6,TS262-S10,68.02,44.86,False,51.49,72.94,60.25,40.38,50.19,Good focus on practical sessions and mentoring.
TS262-SEM1-11,TS262,1,6,TS262-S11,77.42,59.02,True,67.19,74.4,66.73,64.82,74.41,"Campus has trees and nature, very peaceful."
TS262-SEM1-12,TS262,1,6,TS262-S12,81.19,65.85,True,64.5,80.43,64.0,72.06,75.37,Career guidance is helpful from the beginning.
TS262-SEM1-13,TS262,1,6,TS262-S13,77.93,72.06,True,62.02,66.05,59.69,60.06,79.18,Excellent labs and digital board infrastructure.
TS262-SEM1-14,TS262,1,6,TS262-S14,66.08,50.73,False,55.22,56.96,70.87,60.05,55.78,Teaching incorporates both fundamentals and modern practical tools.
TS263-SEM1-01,TS263,1,6,TS263-S01,68.13,57.0,False,47.29,58.38,51.03,51.1,43.4,"Campus has trees and nature, very peaceful."
TS263-SEM1-02,TS263,1,6,TS263-S02,77.76,51.06,True,40.58,68.45,51.13,54.04,59.44,Teaching incorporates both fundamentals and modern practical tools.
TS263-SEM1-03,TS263,1,6,TS263-S03,75.71,85.92,True,52.95,64.35,51.41,63.59,59.21,Career guidance is helpful from the beginning.
TS263-SEM1-04,TS263,1,6,TS263-S04,77.31,59.52,True,52.3,78.02,46.55,54.33,52.94,Good focus on practical sessions and mentoring.
TS263-SEM1-05,TS263,1,6,TS263-S05,76.8,67.4,True,64.03,56.94,56.98,62.31,58.82,Good focus on practical sessions and mentoring.
TS263-SEM1-06,TS263,1,6,TS263-S06,77.46,60.56,True,60.4,60.33,45.71,57.84,55.68,Career guidance is helpful from the beginning.
TS263-SEM1-07,TS263,1,6,TS263-S07,80.35,48.36,False,51.4,51.09,50.08,43.3,40.5,Excellent labs and digital board infrastructure.
TS263-SEM1-08,TS263,1,6,TS263-S08,68.01,83.03,False,39.91,61.75,53.88,58.41,39.08,Excellent labs and digital board infrastructure.
TS263-SEM1-09,TS263,1,6,TS263-S09,82.83,82.12,True,55.25,55.64,57.41,58.97,60.96,"Strictness is moderate, allowing good learning freedom."
TS263-SEM1-10,TS263,1,6,TS263-S10,63.91,62.33,False,50.91,59.05,45.98,50.92,34.7,Career guidance is helpful from the beginning.
TS263-SEM1-11,TS263,1,6,TS263-S11,68.01,58.6,False,47.85,46.87,42.87,56.12,39.93,Career guidance is helpful from the beginning.
TS263-SEM1-12,TS263,1,6,TS263-S12,66.97,70.12,False,46.8,50.86,46.29,53.86,44.74,"Strictness is moderate, allowing good learning freedom."
TS263-SEM1-13,TS263,1,6,TS263-S13,73.25,63.21,False,40.41,48.15,47.19,45.81,36.66,Career guidance is helpful from the beginning.
TS263-SEM1-14,TS263,1,6,TS263-S14,71.46,71.89,False,31.61,49.39,49.41,58.01,51.05,Career guidance is helpful from the beginning.
TS264-SEM1-01,TS264,1,6,TS264-S01,68.2,54.01,False,64.78,66.64,67.57,73.6,51.67,"Strictness is moderate, allowing good learning freedom."
TS264-SEM1-02,TS264,1,6,TS264-S02,75.43,64.21,True,67.89,66.93,80.91,76.5,81.35,Career guidance is helpful from the beginning.
TS264-SEM1-03,TS264,1,6,TS264-S03,69.54,58.15,False,72.09,47.96,68.84,74.35,67.78,Career guidance is helpful from the beginning.
TS264-SEM1-04,TS264,1,6,TS264-S04,71.27,71.69,False,64.76,60.3,69.5,76.77,65.8,Good focus on practical sessions and mentoring.
TS264-SEM1-05,TS264,1,6,TS264-S05,65.32,64.17,False,68.34,71.04,64.05,76.07,61.35,Teaching incorporates both fundamentals and modern practical tools.
TS264-SEM1-06,TS264,1,6,TS264-S06,73.15,51.27,False,65.01,61.9,64.24,81.53,55.37,Excellent labs and digital board infrastructure.
TS264-SEM1-07,TS264,1,6,TS264-S07,75.23,37.72,False,63.56,63.18,72.66,72.2,61.88,Teaching incorporates both fundamentals and modern practical tools.
TS264-SEM1-08,TS264,1,6,TS264-S08,75.4,71.51,True,71.35,67.74,65.12,71.63,77.57,Good focus on practical sessions and mentoring.
TS264-SEM1-09,TS264,1,6,TS264-S09,77.19,57.19,True,80.89,63.98,66.12,75.36,80.49,"Campus has trees and nature, very peaceful."
TS264-SEM1-10,TS264,1,6,TS264-S10,74.81,59.94,False,67.8,66.74,74.69,73.87,57.41,Teaching incorporates both fundamentals and modern practical tools.
TS264-SEM1-11,TS264,1,6,TS264-S11,64.53,50.48,False,58.64,60.14,78.53,74.11,62.67,"Campus has trees and nature, very peaceful."
TS264-SEM1-12,TS264,1,6,TS264-S12,77.77,53.71,True,84.9,69.82,86.56,86.53,81.32,Good focus on practical sessions and mentoring.
TS264-SEM1-13,TS264,1,6,TS264-S13,71.14,57.68,False,64.31,58.53,67.49,71.55,57.13,Excellent labs and digital board infrastructure.
TS264-SEM1-14,TS264,1,6,TS264-S14,68.59,46.03,False,67.58,59.99,68.48,78.15,58.77,"Campus has trees and nature, very peaceful."
TS265-SEM1-01,TS265,1,6,TS265-S01,57.29,63.11,False,44.25,41.44,43.92,40.54,38.69,Good focus on practical sessions and mentoring.
TS265-SEM1-02,TS265,1,6,TS265-S02,75.98,67.73,False,32.05,50.46,41.8,39.42,40.2,Career guidance is helpful from the beginning.
TS265-SEM1-03,TS265,1,6,TS265-S03,69.39,65.07,False,56.16,54.63,51.8,45.66,39.47,Excellent labs and digital board infrastructure.
TS265-SEM1-04,TS265,1,6,TS265-S04,75.16,66.77,True,55.44,48.68,44.74,52.36,51.45,"Strictness is moderate, allowing good learning freedom."
TS265-SEM1-05,TS265,1,6,TS265-S05,76.12,75.39,True,62.35,61.21,52.21,50.03,52.93,Career guidance is helpful from the beginning.
TS265-SEM1-06,TS265,1,6,TS265-S06,66.25,45.56,False,36.68,66.26,37.61,35.53,35.05,Excellent labs and digital board infrastructure.
TS265-SEM1-07,TS265,1,6,TS265-S07,67.45,64.69,False,37.41,47.55,40.83,39.74,38.78,Excellent labs and digital board infrastructure.
TS265-SEM1-08,TS265,1,6,TS265-S08,71.19,81.81,False,40.91,47.46,32.6,44.03,29.2,Teaching incorporates both fundamentals and modern practical tools.
TS265-SEM1-09,TS265,1,6,TS265-S09,75.31,63.42,True,51.27,59.36,55.46,44.01,60.13,Excellent labs and digital board infrastructure.
TS265-SEM1-10,TS265,1,6,TS265-S10,75.39,60.65,True,58.17,45.75,57.02,45.64,61.07,Teaching incorporates both fundamentals and modern practical tools.
TS265-SEM1-11,TS265,1,6,TS265-S11,73.77,35.58,False,44.71,47.37,42.78,40.06,43.02,"Campus has trees and nature, very peaceful."
TS265-SEM1-12,TS265,1,6,TS265-S12,66.47,73.13,False,31.96,51.51,48.94,47.08,40.0,Excellent labs and digital board infrastructure.
TS265-SEM1-13,TS265,1,6,TS265-S13,70.76,56.5,False,33.75,43.66,40.27,35.84,48.1,"Campus has trees and nature, very peaceful."
TS265-SEM1-14,TS265,1,6,TS265-S14,61.68,73.26,False,33.66,40.96,39.89,35.93,43.69,Excellent labs and digital board infrastructure.
TS266-SEM1-01,TS266,1,6,TS266-S01,65.03,90.7,False,42.03,49.3,60.72,59.51,49.98,Teaching incorporates both fundamentals and modern practical tools.
TS266-SEM1-02,TS266,1,6,TS266-S02,74.37,72.32,False,52.1,64.53,49.26,59.96,54.22,"Strictness is moderate, allowing good learning freedom."
TS266-SEM1-03,TS266,1,6,TS266-S03,83.84,52.35,True,69.79,67.58,61.15,63.3,67.17,Career guidance is helpful from the beginning.
TS266-SEM1-04,TS266,1,6,TS266-S04,75.13,58.67,True,66.93,71.96,66.14,68.18,73.91,Excellent labs and digital board infrastructure.
TS266-SEM1-05,TS266,1,6,TS266-S05,64.7,56.46,False,51.26,60.2,60.9,58.71,46.96,Good focus on practical sessions and mentoring.
TS266-SEM1-06,TS266,1,6,TS266-S06,72.47,46.62,False,59.79,55.36,51.9,56.46,53.31,Career guidance is helpful from the beginning.
TS266-SEM1-07,TS266,1,6,TS266-S07,73.72,54.32,False,53.06,48.12,56.45,72.45,62.4,Teaching incorporates both fundamentals and modern practical tools.
TS266-SEM1-08,TS266,1,6,TS266-S08,70.73,66.32,False,56.1,43.38,51.99,49.7,53.99,"Strictness is moderate, allowing good learning freedom."
TS266-SEM1-09,TS266,1,6,TS266-S09,83.67,72.66,True,67.16,64.33,70.04,71.89,70.06,"Strictness is moderate, allowing good learning freedom."
TS266-SEM1-10,TS266,1,6,TS266-S10,65.38,68.01,False,52.84,60.33,62.74,53.79,50.26,Good focus on practical sessions and mentoring.
TS266-SEM1-11,TS266,1,6,TS266-S11,69.36,56.71,False,47.04,51.33,52.25,68.55,53.63,"Campus has trees and nature, very peaceful."
TS266-SEM1-12,TS266,1,6,TS266-S12,73.85,42.73,False,65.44,53.88,66.47,68.09,50.58,Teaching incorporates both fundamentals and modern practical tools.
TS266-SEM1-13,TS266,1,6,TS266-S13,84.26,67.67,True,65.4,75.41,62.06,68.33,66.76,Career guidance is helpful from the beginning.
TS266-SEM1-14,TS266,1,6,TS266-S14,67.47,55.06,False,64.38,65.21,58.92,60.31,48.99,"Campus has trees and nature, very peaceful."
TS267-SEM1-01,TS267,1,6,TS267-S01,75.67,71.6,True,69.79,72.5,62.65,71.34,64.8,"Campus has trees and nature, very peaceful."
TS267-SEM1-02,TS267,1,6,TS267-S02,71.21,69.68,False,47.62,65.3,58.91,65.16,55.02,Teaching incorporates both fundamentals and modern practical tools.
TS267-SEM1-03,TS267,1,6,TS267-S03,71.02,64.32,False,55.56,74.51,58.38,56.38,50.98,Career guidance is helpful from the beginning.
TS267-SEM1-04,TS267,1,6,TS267-S04,73.13,50.66,False,51.66,50.23,53.55,62.04,52.09,Teaching incorporates both fundamentals and modern practical tools.
TS267-SEM1-05,TS267,1,6,TS267-S05,67.55,60.5,False,52.48,58.75,50.42,50.67,44.75,Good focus on practical sessions and mentoring.
TS267-SEM1-06,TS267,1,6,TS267-S06,66.6,54.77,False,47.75,64.44,67.16,62.17,49.13,Good focus on practical sessions and mentoring.
TS267-SEM1-07,TS267,1,6,TS267-S07,73.26,61.34,False,50.3,68.92,67.99,48.39,59.16,"Strictness is moderate, allowing good learning freedom."
TS267-SEM1-08,TS267,1,6,TS267-S08,68.45,59.38,False,55.65,70.71,59.36,59.69,56.22,Excellent labs and digital board infrastructure.
TS267-SEM1-09,TS267,1,6,TS267-S09,78.07,67.11,True,64.37,54.45,74.08,57.99,67.29,"Strictness is moderate, allowing good learning freedom."
TS267-SEM1-10,TS267,1,6,TS267-S10,70.01,56.96,False,49.6,62.03,60.33,60.93,54.74,"Campus has trees and nature, very peaceful."
TS267-SEM1-11,TS267,1,6,TS267-S11,69.5,57.82,False,60.67,54.15,55.25,62.79,51.86,"Strictness is moderate, allowing good learning freedom."
TS267-SEM1-12,TS267,1,6,TS267-S12,68.97,57.04,False,60.7,63.01,59.14,50.21,53.16,Excellent labs and digital board infrastructure.
TS267-SEM1-13,TS267,1,6,TS267-S13,70.72,52.88,False,50.35,63.89,64.17,50.87,47.3,"Strictness is moderate, allowing good learning freedom."
TS267-SEM1-14,TS267,1,6,TS267-S14,76.16,57.91,True,65.42,72.94,58.09,67.51,59.46,Career guidance is helpful from the beginning.
TS268-SEM1-01,TS268,1,6,TS268-S01,71.72,67.34,False,20.66,54.93,47.25,36.28,33.89,Good focus on practical sessions and mentoring.
TS268-SEM1-02,TS268,1,6,TS268-S02,73.6,49.36,False,40.4,50.93,43.09,36.28,30.29,Excellent labs and digital board infrastructure.
TS268-SEM1-03,TS268,1,6,TS268-S03,71.26,59.5,False,36.1,40.45,32.45,50.51,38.61,Good focus on practical sessions and mentoring.
TS268-SEM1-04,TS268,1,6,TS268-S04,75.13,66.3,True,47.83,44.43,56.19,52.55,45.17,Good focus on practical sessions and mentoring.
TS268-SEM1-05,TS268,1,6,TS268-S05,71.82,41.16,False,38.96,43.71,38.76,40.04,38.28,Good focus on practical sessions and mentoring.
TS268-SEM1-06,TS268,1,6,TS268-S06,71.5,42.58,False,44.7,35.05,34.88,53.83,40.77,Teaching incorporates both fundamentals and modern practical tools.
TS268-SEM1-07,TS268,1,6,TS268-S07,69.48,49.48,False,32.01,39.07,47.55,53.45,36.3,Excellent labs and digital board infrastructure.
TS268-SEM1-08,TS268,1,6,TS268-S08,75.9,59.91,True,42.47,55.15,52.97,49.61,59.41,"Campus has trees and nature, very peaceful."
TS268-SEM1-09,TS268,1,6,TS268-S09,69.69,62.84,False,36.15,52.46,43.94,45.33,35.85,Excellent labs and digital board infrastructure.
TS268-SEM1-10,TS268,1,6,TS268-S10,64.87,39.67,False,34.28,41.01,44.13,44.7,33.13,"Campus has trees and nature, very peaceful."
TS268-SEM1-11,TS268,1,6,TS268-S11,54.31,67.27,False,38.74,49.08,41.61,52.56,32.72,Excellent labs and digital board infrastructure.
TS268-SEM1-12,TS268,1,6,TS268-S12,71.76,64.41,False,41.43,45.9,43.86,47.29,34.51,Excellent labs and digital board infrastructure.
TS268-SEM1-13,TS268,1,6,TS268-S13,77.41,45.26,False,33.7,55.3,38.11,45.21,42.41,Good focus on practical sessions and mentoring.
TS268-SEM1-14,TS268,1,6,TS268-S14,71.24,53.66,False,44.66,40.25,40.37,33.79,34.84,"Campus has trees and nature, very peaceful."
TS269-SEM1-01,TS269,1,6,TS269-S01,75.28,62.05,True,73.65,68.98,76.5,63.3,90.57,"Strictness is moderate, allowing good learning freedom."
TS269-SEM1-02,TS269,1,6,TS269-S02,72.58,82.93,False,63.71,64.56,73.28,63.07,69.19,"Campus has trees and nature, very peaceful."
TS269-SEM1-03,TS269,1,6,TS269-S03,80.63,72.99,True,85.23,74.89,83.03,75.81,79.24,"Campus has trees and nature, very peaceful."
TS269-SEM1-04,TS269,1,6,TS269-S04,69.05,61.08,False,73.0,70.22,70.3,63.67,62.56,Excellent labs and digital board infrastructure.
TS269-SEM1-05,TS269,1,6,TS269-S05,65.02,69.95,False,60.22,69.82,68.28,69.22,62.62,"Campus has trees and nature, very peaceful."
TS269-SEM1-06,TS269,1,6,TS269-S06,65.96,71.89,False,61.37,70.52,76.7,60.24,63.81,Excellent labs and digital board infrastructure.
TS269-SEM1-07,TS269,1,6,TS269-S07,69.41,63.31,False,65.92,76.65,67.22,72.27,72.35,"Strictness is moderate, allowing good learning freedom."
TS269-SEM1-08,TS269,1,6,TS269-S08,73.54,54.1,False,66.08,68.28,79.19,64.01,71.24,Teaching incorporates both fundamentals and modern practical tools.
TS269-SEM1-09,TS269,1,6,TS269-S09,72.67,62.46,False,64.2,67.19,74.77,60.24,69.13,Good focus on practical sessions and mentoring.
TS269-SEM1-10,TS269,1,6,TS269-S10,80.65,56.08,True,86.62,86.24,74.15,70.91,81.72,Career guidance is helpful from the beginning.
TS269-SEM1-11,TS269,1,6,TS269-S11,84.54,61.9,True,73.44,71.51,73.91,73.79,75.21,Teaching incorporates both fundamentals and modern practical tools.
TS269-SEM1-12,TS269,1,6,TS269-S12,68.0,43.39,False,74.74,70.13,71.88,58.09,70.13,"Campus has trees and nature, very peaceful."
TS269-SEM1-13,TS269,1,6,TS269-S13,81.02,62.67,True,83.64,85.16,81.68,75.61,87.15,"Strictness is moderate, allowing good learning freedom."
TS269-SEM1-14,TS269,1,6,TS269-S14,67.84,71.12,False,63.6,49.2,68.01,61.3,65.53,Good focus on practical sessions and mentoring.
TS270-SEM1-01,TS270,1,6,TS270-S01,79.46,63.87,True,69.76,93.61,73.84,71.48,85.38,"Strictness is moderate, allowing good learning freedom."
TS270-SEM1-02,TS270,1,6,TS270-S02,71.09,50.05,False,56.97,78.99,77.89,71.86,59.83,Good focus on practical sessions and mentoring.
TS270-SEM1-03,TS270,1,6,TS270-S03,70.64,62.48,False,51.62,74.16,70.66,77.46,67.19,Good focus on practical sessions and mentoring.
TS270-SEM1-04,TS270,1,6,TS270-S04,83.58,78.81,True,77.9,86.73,66.39,74.6,82.57,Good focus on practical sessions and mentoring.
TS270-SEM1-05,TS270,1,6,TS270-S05,70.3,46.58,False,73.23,77.22,76.34,71.27,68.58,"Strictness is moderate, allowing good learning freedom."
TS270-SEM1-06,TS270,1,6,TS270-S06,78.98,55.21,True,75.17,76.24,83.56,74.07,82.04,"Campus has trees and nature, very peaceful."
TS270-SEM1-07,TS270,1,6,TS270-S07,64.01,70.19,False,61.28,84.06,64.31,74.81,66.44,Good focus on practical sessions and mentoring.
TS270-SEM1-08,TS270,1,6,TS270-S08,69.21,76.18,False,70.63,77.89,62.77,71.62,62.07,"Strictness is moderate, allowing good learning freedom."
TS270-SEM1-09,TS270,1,6,TS270-S09,72.3,62.74,False,63.56,67.05,60.16,56.49,63.23,Career guidance is helpful from the beginning.
TS270-SEM1-10,TS270,1,6,TS270-S10,57.46,69.26,False,66.77,71.55,72.87,65.26,63.83,Career guidance is helpful from the beginning.
TS270-SEM1-11,TS270,1,6,TS270-S11,60.25,39.58,False,62.33,77.36,72.49,65.76,62.97,Good focus on practical sessions and mentoring.
TS270-SEM1-12,TS270,1,6,TS270-S12,76.72,60.72,True,70.97,70.72,72.07,78.47,76.18,Excellent labs and digital board infrastructure.
TS270-SEM1-13,TS270,1,6,TS270-S13,75.9,51.73,True,79.19,78.63,72.25,58.17,83.93,"Strictness is moderate, allowing good learning freedom."
TS270-SEM1-14,TS270,1,6,TS270-S14,71.29,52.55,False,74.73,67.66,65.16,61.05,67.26,"Campus has trees and nature, very peaceful."
TS271-SEM1-01,TS271,1,6,TS271-S01,71.34,63.41,False,38.67,59.11,47.21,46.16,42.7,"Strictness is moderate, allowing good learning freedom."
TS271-SEM1-02,TS271,1,6,TS271-S02,75.98,61.66,True,57.88,71.89,62.1,58.8,62.57,Career guidance is helpful from the beginning.
TS271-SEM1-03,TS271,1,6,TS271-S03,85.88,66.64,True,58.61,65.0,41.6,62.77,55.47,Career guidance is helpful from the beginning.
TS271-SEM1-04,TS271,1,6,TS271-S04,67.69,48.0,False,41.41,49.42,54.27,57.34,53.53,Career guidance is helpful from the beginning.
TS271-SEM1-05,TS271,1,6,TS271-S05,72.61,59.81,False,50.5,45.31,45.0,47.4,43.66,Teaching incorporates both fundamentals and modern practical tools.
TS271-SEM1-06,TS271,1,6,TS271-S06,59.6,72.67,False,47.27,58.53,41.97,45.61,40.25,"Strictness is moderate, allowing good learning freedom."
TS271-SEM1-07,TS271,1,6,TS271-S07,70.78,61.66,False,51.04,52.93,46.12,62.73,42.5,Teaching incorporates both fundamentals and modern practical tools.
TS271-SEM1-08,TS271,1,6,TS271-S08,66.56,43.15,False,46.37,57.67,44.13,53.35,44.24,Career guidance is helpful from the beginning.
TS271-SEM1-09,TS271,1,6,TS271-S09,61.36,68.26,False,44.24,43.13,54.61,55.23,38.09,Excellent labs and digital board infrastructure.
TS271-SEM1-10,TS271,1,6,TS271-S10,73.76,64.03,False,45.42,48.02,49.08,55.23,45.87,"Strictness is moderate, allowing good learning freedom."
TS271-SEM1-11,TS271,1,6,TS271-S11,60.43,40.57,False,34.68,41.28,46.05,46.89,43.5,"Campus has trees and nature, very peaceful."
TS271-SEM1-12,TS271,1,6,TS271-S12,71.8,61.51,False,52.69,38.73,51.5,51.58,37.51,"Strictness is moderate, allowing good learning freedom."
TS271-SEM1-13,TS271,1,6,TS271-S13,75.2,65.73,True,45.32,69.85,57.96,59.02,44.87,"Campus has trees and nature, very peaceful."
TS271-SEM1-14,TS271,1,6,TS271-S14,68.81,47.66,False,53.59,43.3,57.22,55.32,44.93,Career guidance is helpful from the beginning.
TS272-SEM1-01,TS272,1,6,TS272-S01,74.33,54.47,False,50.28,71.21,53.92,60.63,47.1,Career guidance is helpful from the beginning.
TS272-SEM1-02,TS272,1,6,TS272-S02,76.18,56.75,True,71.5,73.55,61.01,60.61,66.01,"Campus has trees and nature, very peaceful."
TS272-SEM1-03,TS272,1,6,TS272-S03,67.99,54.21,False,49.69,62.48,52.01,53.75,44.33,Excellent labs and digital board infrastructure.
TS272-SEM1-04,TS272,1,6,TS272-S04,82.14,67.49,True,72.86,66.72,73.52,70.58,69.95,Teaching incorporates both fundamentals and modern practical tools.
TS272-SEM1-05,TS272,1,6,TS272-S05,77.02,76.86,True,73.52,63.65,60.32,69.06,71.73,"Strictness is moderate, allowing good learning freedom."
TS272-SEM1-06,TS272,1,6,TS272-S06,70.02,78.51,False,59.09,58.96,50.3,68.01,38.65,Teaching incorporates both fundamentals and modern practical tools.
TS272-SEM1-07,TS272,1,6,TS272-S07,76.45,53.76,True,56.81,63.35,64.32,72.61,64.0,"Strictness is moderate, allowing good learning freedom."
TS272-SEM1-08,TS272,1,6,TS272-S08,70.01,71.53,False,57.17,55.83,52.09,53.79,50.39,Career guidance is helpful from the beginning.
TS272-SEM1-09,TS272,1,6,TS272-S09,76.88,63.51,True,75.85,51.82,66.52,70.3,69.47,"Strictness is moderate, allowing good learning freedom."
TS272-SEM1-10,TS272,1,6,TS272-S10,67.28,60.48,False,52.89,57.96,46.16,72.28,52.38,"Strictness is moderate, allowing good learning freedom."
TS272-SEM1-11,TS272,1,6,TS272-S11,72.21,62.99,False,61.23,52.7,50.29,67.1,51.44,"Strictness is moderate, allowing good learning freedom."
TS272-SEM1-12,TS272,1,6,TS272-S12,65.94,72.89,False,52.9,51.46,57.58,64.05,48.69,"Campus has trees and nature, very peaceful."
TS272-SEM1-13,TS272,1,6,TS272-S13,74.31,68.26,False,56.61,59.5,53.77,63.44,55.08,Teaching incorporates both fundamentals and modern practical tools.
TS272-SEM1-14,TS272,1,6,TS272-S14,75.78,58.73,False,61.12,64.64,55.89,68.85,46.41,Excellent labs and digital board infrastructure.
TS273-SEM1-01,TS273,1,6,TS273-S01,68.75,73.2,False,50.21,49.79,44.86,51.21,50.19,Career guidance is helpful from the beginning.
TS273-SEM1-02,TS273,1,6,TS273-S02,74.51,63.73,False,48.77,36.87,48.19,56.18,48.72,Good focus on practical sessions and mentoring.
TS273-SEM1-03,TS273,1,6,TS273-S03,63.19,72.54,False,56.58,38.71,49.9,60.97,48.18,Career guidance is helpful from the beginning.
TS273-SEM1-04,TS273,1,6,TS273-S04,59.01,65.38,False,44.5,50.2,60.16,56.68,46.07,Good focus on practical sessions and mentoring.
TS273-SEM1-05,TS273,1,6,TS273-S05,71.28,64.41,False,49.13,59.61,45.93,58.89,44.76,Career guidance is helpful from the beginning.
TS273-SEM1-06,TS273,1,6,TS273-S06,62.11,52.46,False,51.16,48.77,62.88,63.75,46.08,"Campus has trees and nature, very peaceful."
TS273-SEM1-07,TS273,1,6,TS273-S07,81.06,69.73,True,51.33,67.79,63.8,61.41,52.69,"Campus has trees and nature, very peaceful."
TS273-SEM1-08,TS273,1,6,TS273-S08,65.58,79.59,False,46.3,64.14,49.91,54.99,54.49,"Campus has trees and nature, very peaceful."
TS273-SEM1-09,TS273,1,6,TS273-S09,69.77,59.51,False,48.58,50.14,53.71,60.65,46.24,"Campus has trees and nature, very peaceful."
TS273-SEM1-10,TS273,1,6,TS273-S10,68.3,45.38,False,40.82,46.51,51.28,53.08,36.49,Excellent labs and digital board infrastructure.
TS273-SEM1-11,TS273,1,6,TS273-S11,65.12,65.88,False,49.94,48.41,47.82,61.66,44.64,Excellent labs and digital board infrastructure.
TS273-SEM1-12,TS273,1,6,TS273-S12,79.12,60.42,True,66.34,59.97,52.87,70.33,69.06,Good focus on practical sessions and mentoring.
TS273-SEM1-13,TS273,1,6,TS273-S13,73.1,51.96,False,55.03,55.48,50.92,55.55,49.47,Excellent labs and digital board infrastructure.
TS273-SEM1-14,TS273,1,6,TS273-S14,65.35,49.96,False,57.18,45.56,54.62,66.24,44.87,Career guidance is helpful from the beginning.
TS274-SEM1-01,TS274,1,6,TS274-S01,75.76,61.14,True,63.3,64.77,59.87,57.66,62.46,"Campus has trees and nature, very peaceful."
TS274-SEM1-02,TS274,1,6,TS274-S02,71.6,61.51,False,53.49,55.97,62.46,64.77,45.57,"Strictness is moderate, allowing good learning freedom."
TS274-SEM1-03,TS274,1,6,TS274-S03,73.19,74.13,False,46.24,52.27,60.58,61.54,53.45,Teaching incorporates both fundamentals and modern practical tools.
TS274-SEM1-04,TS274,1,6,TS274-S04,73.89,59.45,False,42.03,59.35,60.24,64.85,53.43,Teaching incorporates both fundamentals and modern practical tools.
TS274-SEM1-05,TS274,1,6,TS274-S05,76.72,84.11,True,65.47,60.76,68.84,61.07,71.12,Teaching incorporates both fundamentals and modern practical tools.
TS274-SEM1-06,TS274,1,6,TS274-S06,69.3,66.2,False,49.43,58.15,55.75,62.91,47.53,"Strictness is moderate, allowing good learning freedom."
TS274-SEM1-07,TS274,1,6,TS274-S07,77.35,72.38,True,75.39,74.22,58.92,68.07,71.27,Career guidance is helpful from the beginning.
TS274-SEM1-08,TS274,1,6,TS274-S08,75.54,64.02,True,64.92,60.52,64.47,58.46,68.65,Teaching incorporates both fundamentals and modern practical tools.
TS274-SEM1-09,TS274,1,6,TS274-S09,77.31,60.87,True,59.66,73.73,67.37,51.9,66.48,Teaching incorporates both fundamentals and modern practical tools.
TS274-SEM1-10,TS274,1,6,TS274-S10,63.19,62.9,False,49.14,77.14,51.39,63.68,53.13,Good focus on practical sessions and mentoring.
TS274-SEM1-11,TS274,1,6,TS274-S11,70.83,63.19,False,50.08,52.31,49.93,54.93,42.39,Career guidance is helpful from the beginning.
TS274-SEM1-12,TS274,1,6,TS274-S12,69.0,60.05,False,51.05,61.81,53.1,52.77,50.21,Career guidance is helpful from the beginning.
TS274-SEM1-13,TS274,1,6,TS274-S13,76.75,57.14,True,61.4,66.8,66.81,68.55,66.06,Teaching incorporates both fundamentals and modern practical tools.
TS274-SEM1-14,TS274,1,6,TS274-S14,83.4,61.65,True,71.41,77.46,62.69,65.09,66.11,Career guidance is helpful from the beginning.
TS275-SEM1-01,TS275,1,6,TS275-S01,74.38,73.97,False,63.18,74.35,75.48,79.74,70.83,Good focus on practical sessions and mentoring.
TS275-SEM1-02,TS275,1,6,TS275-S02,77.32,75.71,True,72.54,88.89,76.23,93.34,91.21,"Strictness is moderate, allowing good learning freedom."
TS275-SEM1-03,TS275,1,6,TS275-S03,86.71,66.47,True,87.38,67.32,82.86,88.6,80.05,Good focus on practical sessions and mentoring.
TS275-SEM1-04,TS275,1,6,TS275-S04,85.61,76.0,True,82.65,87.71,83.83,68.07,85.35,"Strictness is moderate, allowing good learning freedom."
TS275-SEM1-05,TS275,1,6,TS275-S05,82.52,51.43,True,85.64,86.93,85.73,82.45,87.34,"Campus has trees and nature, very peaceful."
TS275-SEM1-06,TS275,1,6,TS275-S06,87.19,75.55,True,85.43,86.8,86.63,82.86,82.24,Good focus on practical sessions and mentoring.
TS275-SEM1-07,TS275,1,6,TS275-S07,76.15,89.43,True,93.47,98.57,78.41,80.0,86.49,"Campus has trees and nature, very peaceful."
TS275-SEM1-08,TS275,1,6,TS275-S08,85.69,60.98,True,87.55,77.28,76.67,87.58,97.49,Teaching incorporates both fundamentals and modern practical tools.
TS275-SEM1-09,TS275,1,6,TS275-S09,80.23,78.3,True,86.54,81.28,80.83,99.61,87.66,"Strictness is moderate, allowing good learning freedom."
TS275-SEM1-10,TS275,1,6,TS275-S10,72.61,81.43,False,77.9,81.69,74.24,72.41,64.66,"Campus has trees and nature, very peaceful."
TS275-SEM1-11,TS275,1,6,TS275-S11,80.86,71.33,True,92.42,93.65,88.46,80.19,82.52,"Campus has trees and nature, very peaceful."
TS275-SEM1-12,TS275,1,6,TS275-S12,82.46,79.15,True,87.21,98.97,81.03,89.76,89.71,Teaching incorporates both fundamentals and modern practical tools.
TS275-SEM1-13,TS275,1,6,TS275-S13,82.57,82.61,True,79.31,89.75,73.93,87.99,81.48,"Campus has trees and nature, very peaceful."
TS275-SEM1-14,TS275,1,6,TS275-S14,91.11,71.04,True,83.86,84.26,86.45,86.68,86.79,"Strictness is moderate, allowing good learning freedom."
TS276-SEM1-01,TS276,1,6,TS276-S01,67.02,54.54,False,63.96,74.57,77.36,87.02,55.92,"Strictness is moderate, allowing good learning freedom."
TS276-SEM1-02,TS276,1,6,TS276-S02,66.36,68.57,False,73.52,59.52,70.64,72.29,65.1,Good focus on practical sessions and mentoring.
TS276-SEM1-03,TS276,1,6,TS276-S03,68.14,63.83,False,58.45,54.18,85.21,79.5,74.39,Teaching incorporates both fundamentals and modern practical tools.
TS276-SEM1-04,TS276,1,6,TS276-S04,81.05,45.64,False,67.89,56.9,68.24,67.77,55.85,Career guidance is helpful from the beginning.
TS276-SEM1-05,TS276,1,6,TS276-S05,66.87,56.54,False,65.95,58.97,70.47,85.9,65.09,"Strictness is moderate, allowing good learning freedom."
TS276-SEM1-06,TS276,1,6,TS276-S06,71.6,65.42,False,57.11,74.87,63.73,88.39,67.57,"Campus has trees and nature, very peaceful."
TS276-SEM1-07,TS276,1,6,TS276-S07,75.34,68.0,True,75.0,69.72,85.48,86.7,76.14,"Strictness is moderate, allowing good learning freedom."
TS276-SEM1-08,TS276,1,6,TS276-S08,75.1,65.43,True,74.33,83.14,81.45,88.02,82.08,"Strictness is moderate, allowing good learning freedom."
TS276-SEM1-09,TS276,1,6,TS276-S09,67.31,66.8,False,61.91,57.07,75.35,72.9,54.23,Good focus on practical sessions and mentoring.
TS276-SEM1-10,TS276,1,6,TS276-S10,79.85,44.56,False,63.38,58.49,66.1,92.43,63.21,Career guidance is helpful from the beginning.
TS276-SEM1-11,TS276,1,6,TS276-S11,74.16,69.9,False,61.84,75.86,71.6,83.6,60.1,"Strictness is moderate, allowing good learning freedom."
TS276-SEM1-12,TS276,1,6,TS276-S12,74.66,61.91,False,72.5,62.93,79.88,81.11,63.09,Teaching incorporates both fundamentals and modern practical tools.
TS276-SEM1-13,TS276,1,6,TS276-S13,70.55,61.93,False,61.95,72.59,69.66,90.74,61.55,"Strictness is moderate, allowing good learning freedom."
TS276-SEM1-14,TS276,1,6,TS276-S14,71.28,57.66,False,76.93,55.69,70.19,80.96,58.08,Teaching incorporates both fundamentals and modern practical tools.
TS277-SEM1-01,TS277,1,6,TS277-S01,84.44,77.21,True,87.81,94.12,89.52,91.19,84.02,Teaching incorporates both fundamentals and modern practical tools.
TS277-SEM1-02,TS277,1,6,TS277-S02,82.58,69.9,True,85.33,82.14,88.37,92.87,95.76,Good focus on practical sessions and mentoring.
TS277-SEM1-03,TS277,1,6,TS277-S03,83.76,75.56,True,87.6,76.34,83.95,89.1,98.79,Career guidance is helpful from the beginning.
TS277-SEM1-04,TS277,1,6,TS277-S04,81.1,66.92,True,77.07,90.93,78.92,90.92,88.71,Teaching incorporates both fundamentals and modern practical tools.
TS277-SEM1-05,TS277,1,6,TS277-S05,83.93,95.83,True,83.09,83.21,93.72,88.06,91.31,Good focus on practical sessions and mentoring.
TS277-SEM1-06,TS277,1,6,TS277-S06,83.01,64.95,True,86.73,93.16,90.08,79.04,89.67,Excellent labs and digital board infrastructure.
TS277-SEM1-07,TS277,1,6,TS277-S07,85.17,65.18,True,86.32,85.34,91.27,88.37,100.0,Good focus on practical sessions and mentoring.
TS277-SEM1-08,TS277,1,6,TS277-S08,77.94,82.4,True,98.76,93.46,89.65,76.56,94.6,Excellent labs and digital board infrastructure.
TS277-SEM1-09,TS277,1,6,TS277-S09,77.09,79.54,True,90.71,79.76,82.2,90.54,90.83,"Strictness is moderate, allowing good learning freedom."
TS277-SEM1-10,TS277,1,6,TS277-S10,80.77,82.37,True,90.74,68.14,78.3,87.39,96.22,Career guidance is helpful from the beginning.
TS277-SEM1-11,TS277,1,6,TS277-S11,82.81,80.12,True,94.86,87.52,80.99,89.67,83.38,Teaching incorporates both fundamentals and modern practical tools.
TS277-SEM1-12,TS277,1,6,TS277-S12,84.69,72.17,True,91.03,84.84,93.18,87.19,92.03,Teaching incorporates both fundamentals and modern practical tools.
TS277-SEM1-13,TS277,1,6,TS277-S13,89.98,93.97,True,86.02,78.88,88.34,85.76,82.34,"Strictness is moderate, allowing good learning freedom."
TS277-SEM1-14,TS277,1,6,TS277-S14,88.74,83.15,True,97.15,84.11,87.39,93.02,85.01,"Campus has trees and nature, very peaceful."
TS278-SEM1-01,TS278,1,6,TS278-S01,72.5,83.33,False,65.97,59.07,57.82,58.01,52.25,Teaching incorporates both fundamentals and modern practical tools.
TS278-SEM1-02,TS278,1,6,TS278-S02,69.25,52.3,False,57.71,61.94,64.4,59.16,53.16,Career guidance is helpful from the beginning.
TS278-SEM1-03,TS278,1,6,TS278-S03,79.29,66.03,True,68.35,62.73,62.97,73.68,80.37,"Strictness is moderate, allowing good learning freedom."
TS278-SEM1-04,TS278,1,6,TS278-S04,68.49,75.66,False,63.37,66.09,67.98,64.11,58.44,Good focus on practical sessions and mentoring.
TS278-SEM1-05,TS278,1,6,TS278-S05,70.56,60.93,False,50.02,58.06,72.67,55.43,48.41,Career guidance is helpful from the beginning.
TS278-SEM1-06,TS278,1,6,TS278-S06,77.42,64.49,True,72.72,81.75,78.32,64.27,78.83,Teaching incorporates both fundamentals and modern practical tools.
TS278-SEM1-07,TS278,1,6,TS278-S07,78.71,56.22,True,80.36,64.53,78.64,60.26,72.23,Good focus on practical sessions and mentoring.
TS278-SEM1-08,TS278,1,6,TS278-S08,76.1,72.41,True,90.38,75.26,67.52,65.84,73.77,Career guidance is helpful from the beginning.
TS278-SEM1-09,TS278,1,6,TS278-S09,77.05,57.94,True,64.8,69.71,70.08,60.62,66.94,Teaching incorporates both fundamentals and modern practical tools.
TS278-SEM1-10,TS278,1,6,TS278-S10,77.88,52.0,True,83.08,81.26,75.79,70.43,82.22,"Strictness is moderate, allowing good learning freedom."
TS278-SEM1-11,TS278,1,6,TS278-S11,77.3,58.56,True,65.97,73.35,65.17,62.61,74.91,Teaching incorporates both fundamentals and modern practical tools.
TS278-SEM1-12,TS278,1,6,TS278-S12,80.39,46.89,False,59.85,54.45,60.89,65.98,53.43,Teaching incorporates both fundamentals and modern practical tools.
TS278-SEM1-13,TS278,1,6,TS278-S13,70.42,63.41,False,63.87,60.08,69.97,57.73,60.09,"Campus has trees and nature, very peaceful."
TS278-SEM1-14,TS278,1,6,TS278-S14,70.86,69.41,False,71.83,62.25,63.59,57.81,54.74,"Campus has trees and nature, very peaceful."
TS279-SEM1-01,TS279,1,6,TS279-S01,67.06,46.01,False,42.57,41.01,60.35,55.34,50.34,"Campus has trees and nature, very peaceful."
TS279-SEM1-02,TS279,1,6,TS279-S02,64.23,60.23,False,38.41,63.31,53.79,40.0,45.48,Good focus on practical sessions and mentoring.
TS279-SEM1-03,TS279,1,6,TS279-S03,63.1,60.64,False,44.58,54.48,54.57,46.44,42.51,Career guidance is helpful from the beginning.
TS279-SEM1-04,TS279,1,6,TS279-S04,52.59,77.62,False,41.69,49.38,60.93,39.15,43.74,Good focus on practical sessions and mentoring.
TS279-SEM1-05,TS279,1,6,TS279-S05,74.98,72.92,False,45.64,57.97,47.55,49.57,45.7,"Strictness is moderate, allowing good learning freedom."
TS279-SEM1-06,TS279,1,6,TS279-S06,71.45,65.24,False,40.38,46.18,43.2,43.66,49.32,"Strictness is moderate, allowing good learning freedom."
TS279-SEM1-07,TS279,1,6,TS279-S07,74.52,65.08,False,36.04,51.13,49.32,49.54,50.55,Good focus on practical sessions and mentoring.
TS279-SEM1-08,TS279,1,6,TS279-S08,69.55,58.84,False,51.14,43.74,50.07,34.33,42.09,Teaching incorporates both fundamentals and modern practical tools.
TS279-SEM1-09,TS279,1,6,TS279-S09,79.83,65.35,True,65.37,69.36,54.89,58.97,72.87,Excellent labs and digital board infrastructure.
TS279-SEM1-10,TS279,1,6,TS279-S10,71.84,48.8,False,42.06,52.31,41.32,41.74,41.98,Excellent labs and digital board infrastructure.
TS279-SEM1-11,TS279,1,6,TS279-S11,72.66,79.97,False,49.76,39.65,68.97,46.21,35.23,Teaching incorporates both fundamentals and modern practical tools.
TS279-SEM1-12,TS279,1,6,TS279-S12,65.77,51.68,False,37.54,52.67,36.3,52.21,47.7,Excellent labs and digital board infrastructure.
TS279-SEM1-13,TS279,1,6,TS279-S13,69.26,71.16,False,39.07,41.83,52.38,45.06,40.51,"Strictness is moderate, allowing good learning freedom."
TS279-SEM1-14,TS279,1,6,TS279-S14,71.32,75.19,False,53.31,51.97,47.85,49.44,39.32,Good focus on practical sessions and mentoring.
TS280-SEM1-01,TS280,1,6,TS280-S01,70.81,62.04,False,53.24,54.88,58.19,69.91,43.88,Career guidance is helpful from the beginning.
TS280-SEM1-02,TS280,1,6,TS280-S02,69.06,57.46,False,49.92,60.03,56.36,62.65,56.16,"Campus has trees and nature, very peaceful."
TS280-SEM1-03,TS280,1,6,TS280-S03,72.03,76.64,False,60.1,49.39,53.0,64.46,51.02,"Strictness is moderate, allowing good learning freedom."
TS280-SEM1-04,TS280,1,6,TS280-S04,76.36,63.47,True,75.36,64.36,66.16,73.75,67.13,Good focus on practical sessions and mentoring.
TS280-SEM1-05,TS280,1,6,TS280-S05,76.04,77.43,True,62.52,79.71,64.92,74.99,72.59,"Strictness is moderate, allowing good learning freedom."
TS280-SEM1-06,TS280,1,6,TS280-S06,73.93,86.57,False,51.47,67.06,57.66,69.6,47.64,"Strictness is moderate, allowing good learning freedom."
TS280-SEM1-07,TS280,1,6,TS280-S07,69.86,66.97,False,46.24,53.26,55.53,74.41,49.86,Good focus on practical sessions and mentoring.
TS280-SEM1-08,TS280,1,6,TS280-S08,72.39,51.41,False,61.63,66.72,61.55,58.25,51.21,Career guidance is helpful from the beginning.
TS280-SEM1-09,TS280,1,6,TS280-S09,66.37,69.72,False,53.38,62.02,51.87,60.73,46.25,Excellent labs and digital board infrastructure.
TS280-SEM1-10,TS280,1,6,TS280-S10,73.85,59.58,False,52.97,49.67,55.42,75.34,51.12,"Strictness is moderate, allowing good learning freedom."
TS280-SEM1-11,TS280,1,6,TS280-S11,74.37,66.03,False,48.38,70.92,57.24,68.03,52.89,Career guidance is helpful from the beginning.
TS280-SEM1-12,TS280,1,6,TS280-S12,77.64,49.54,False,51.79,75.75,63.73,66.33,53.09,Good focus on practical sessions and mentoring.
TS280-SEM1-13,TS280,1,6,TS280-S13,70.04,65.54,False,48.7,54.06,52.5,77.06,47.05,Teaching incorporates both fundamentals and modern practical tools.
TS280-SEM1-14,TS280,1,6,TS280-S14,78.85,57.68,True,67.79,57.48,65.78,73.15,64.7,Teaching incorporates both fundamentals and modern practical tools.
TS281-SEM1-01,TS281,1,6,TS281-S01,58.66,61.85,False,56.88,74.01,61.89,60.61,63.05,Good focus on practical sessions and mentoring.
TS281-SEM1-02,TS281,1,6,TS281-S02,71.45,59.47,False,55.54,66.5,60.82,60.85,63.72,Teaching incorporates both fundamentals and modern practical tools.
TS281-SEM1-03,TS281,1,6,TS281-S03,72.29,57.52,False,52.5,65.8,59.67,60.61,52.22,Excellent labs and digital board infrastructure.
TS281-SEM1-04,TS281,1,6,TS281-S04,73.18,48.97,False,60.94,59.84,66.06,65.73,56.99,"Strictness is moderate, allowing good learning freedom."
TS281-SEM1-05,TS281,1,6,TS281-S05,77.08,77.57,True,64.61,69.37,67.06,73.65,71.86,Career guidance is helpful from the beginning.
TS281-SEM1-06,TS281,1,6,TS281-S06,68.63,54.66,False,60.27,69.29,56.42,59.74,47.0,"Campus has trees and nature, very peaceful."
TS281-SEM1-07,TS281,1,6,TS281-S07,57.65,66.85,False,60.37,65.59,70.41,52.77,46.07,Career guidance is helpful from the beginning.
TS281-SEM1-08,TS281,1,6,TS281-S08,65.26,40.8,False,54.79,68.88,63.96,68.99,58.33,"Campus has trees and nature, very peaceful."
TS281-SEM1-09,TS281,1,6,TS281-S09,69.58,56.74,False,61.1,51.97,46.58,65.16,57.64,Good focus on practical sessions and mentoring.
TS281-SEM1-10,TS281,1,6,TS281-S10,81.42,68.96,True,70.6,67.73,68.07,75.55,76.79,Good focus on practical sessions and mentoring.
TS281-SEM1-11,TS281,1,6,TS281-S11,77.61,63.07,True,79.44,82.78,70.4,73.16,76.98,"Campus has trees and nature, very peaceful."
TS281-SEM1-12,TS281,1,6,TS281-S12,69.19,59.4,False,53.02,62.1,67.63,67.87,59.27,"Strictness is moderate, allowing good learning freedom."
TS281-SEM1-13,TS281,1,6,TS281-S13,77.76,58.35,True,71.53,73.59,72.85,72.89,79.53,Teaching incorporates both fundamentals and modern practical tools.
TS281-SEM1-14,TS281,1,6,TS281-S14,59.91,54.02,False,57.93,68.05,72.95,56.96,52.92,Good focus on practical sessions and mentoring.
TS282-SEM1-01,TS282,1,6,TS282-S01,77.35,65.86,True,48.35,53.7,49.52,50.79,49.31,Excellent labs and digital board infrastructure.
TS282-SEM1-02,TS282,1,6,TS282-S02,69.55,63.13,False,30.46,30.58,40.37,52.84,29.81,Excellent labs and digital board infrastructure.
TS282-SEM1-03,TS282,1,6,TS282-S03,73.99,70.62,False,31.14,41.62,34.92,40.62,32.61,Excellent labs and digital board infrastructure.
TS282-SEM1-04,TS282,1,6,TS282-S04,75.08,71.23,True,38.8,58.96,39.33,46.4,45.34,"Strictness is moderate, allowing good learning freedom."
TS282-SEM1-05,TS282,1,6,TS282-S05,61.54,59.82,False,35.72,36.63,42.69,51.57,34.45,Excellent labs and digital board infrastructure.
TS282-SEM1-06,TS282,1,6,TS282-S06,60.39,76.34,False,30.58,53.53,32.98,43.08,30.45,"Campus has trees and nature, very peaceful."
TS282-SEM1-07,TS282,1,6,TS282-S07,66.41,45.8,False,17.61,63.72,27.66,33.99,32.86,"Strictness is moderate, allowing good learning freedom."
TS282-SEM1-08,TS282,1,6,TS282-S08,63.46,45.9,False,14.75,42.44,30.65,47.78,29.62,Teaching incorporates both fundamentals and modern practical tools.
TS282-SEM1-09,TS282,1,6,TS282-S09,72.51,57.47,False,30.35,32.94,32.0,37.35,37.57,"Strictness is moderate, allowing good learning freedom."
TS282-SEM1-10,TS282,1,6,TS282-S10,69.62,39.35,False,33.55,33.67,35.78,42.3,37.45,"Campus has trees and nature, very peaceful."
TS282-SEM1-11,TS282,1,6,TS282-S11,69.7,70.16,False,36.26,29.17,36.94,39.37,23.96,Good focus on practical sessions and mentoring.
TS282-SEM1-12,TS282,1,6,TS282-S12,64.77,70.21,False,47.86,33.66,37.08,45.78,27.35,Excellent labs and digital board infrastructure.
TS282-SEM1-13,TS282,1,6,TS282-S13,80.45,83.97,True,56.41,45.73,38.15,50.08,52.35,Excellent labs and digital board infrastructure.
TS282-SEM1-14,TS282,1,6,TS282-S14,71.37,69.38,False,33.36,50.92,38.65,53.1,25.71,Excellent labs and digital board infrastructure.
TS283-SEM1-01,TS283,1,6,TS283-S01,70.84,70.23,False,51.72,46.92,43.47,50.19,39.81,Good focus on practical sessions and mentoring.
TS283-SEM1-02,TS283,1,6,TS283-S02,64.42,75.33,False,37.51,53.9,44.32,49.98,34.66,"Strictness is moderate, allowing good learning freedom."
TS283-SEM1-03,TS283,1,6,TS283-S03,62.9,67.64,False,43.65,37.11,40.77,29.54,35.01,Career guidance is helpful from the beginning.
TS283-SEM1-04,TS283,1,6,TS283-S04,64.5,67.17,False,39.79,41.69,48.4,44.28,36.75,"Campus has trees and nature, very peaceful."
TS283-SEM1-05,TS283,1,6,TS283-S05,73.93,56.17,False,43.73,34.23,43.9,50.14,30.65,"Strictness is moderate, allowing good learning freedom."
TS283-SEM1-06,TS283,1,6,TS283-S06,63.95,51.56,False,48.69,36.69,35.78,45.03,22.17,Teaching incorporates both fundamentals and modern practical tools.
TS283-SEM1-07,TS283,1,6,TS283-S07,66.27,76.14,False,32.05,39.48,43.26,44.6,33.12,Good focus on practical sessions and mentoring.
TS283-SEM1-08,TS283,1,6,TS283-S08,75.28,76.46,True,48.88,50.72,52.28,50.03,53.15,Career guidance is helpful from the beginning.
TS283-SEM1-09,TS283,1,6,TS283-S09,62.7,50.67,False,38.94,37.45,40.07,42.46,47.49,Career guidance is helpful from the beginning.
TS283-SEM1-10,TS283,1,6,TS283-S10,69.02,75.87,False,45.67,47.99,37.55,43.65,33.83,Teaching incorporates both fundamentals and modern practical tools.
TS283-SEM1-11,TS283,1,6,TS283-S11,84.09,66.11,True,62.49,48.74,51.54,54.04,55.52,Good focus on practical sessions and mentoring.
TS283-SEM1-12,TS283,1,6,TS283-S12,71.36,70.38,False,34.01,50.47,40.38,50.86,41.02,Career guidance is helpful from the beginning.
TS283-SEM1-13,TS283,1,6,TS283-S13,75.3,61.1,True,55.21,25.83,44.7,50.84,55.18,"Strictness is moderate, allowing good learning freedom."
TS283-SEM1-14,TS283,1,6,TS283-S14,76.24,77.49,True,39.28,53.15,54.86,50.5,54.8,Excellent labs and digital board infrastructure.
TS284-SEM1-01,TS284,1,6,TS284-S01,68.5,57.1,False,32.72,57.57,51.32,51.85,37.64,Teaching incorporates both fundamentals and modern practical tools.
TS284-SEM1-02,TS284,1,6,TS284-S02,82.96,78.24,True,55.29,48.9,49.46,56.2,55.38,Excellent labs and digital board infrastructure.
TS284-SEM1-03,TS284,1,6,TS284-S03,73.26,64.16,False,48.44,33.9,48.64,43.74,38.99,Teaching incorporates both fundamentals and modern practical tools.
TS284-SEM1-04,TS284,1,6,TS284-S04,78.26,67.69,False,41.52,53.57,40.85,53.59,42.63,"Campus has trees and nature, very peaceful."
TS284-SEM1-05,TS284,1,6,TS284-S05,69.67,79.35,False,52.25,49.11,49.29,39.82,31.2,"Campus has trees and nature, very peaceful."
TS284-SEM1-06,TS284,1,6,TS284-S06,71.49,55.42,False,43.56,17.58,46.91,49.14,35.1,Good focus on practical sessions and mentoring.
TS284-SEM1-07,TS284,1,6,TS284-S07,83.44,58.92,True,56.55,53.41,49.94,71.3,56.86,Career guidance is helpful from the beginning.
TS284-SEM1-08,TS284,1,6,TS284-S08,78.09,65.23,True,51.82,41.85,54.64,58.99,59.78,Excellent labs and digital board infrastructure.
TS284-SEM1-09,TS284,1,6,TS284-S09,68.3,66.8,False,30.24,36.52,40.29,53.17,35.39,Career guidance is helpful from the beginning.
TS284-SEM1-10,TS284,1,6,TS284-S10,63.76,56.32,False,43.4,41.4,40.08,55.23,45.64,"Campus has trees and nature, very peaceful."
TS284-SEM1-11,TS284,1,6,TS284-S11,77.45,38.93,False,41.23,39.22,33.63,42.45,41.8,Excellent labs and digital board infrastructure.
TS284-SEM1-12,TS284,1,6,TS284-S12,73.11,62.81,False,35.91,49.01,37.66,44.86,36.22,"Strictness is moderate, allowing good learning freedom."
TS284-SEM1-13,TS284,1,6,TS284-S13,62.85,53.18,False,46.18,33.6,47.71,54.0,36.97,Good focus on practical sessions and mentoring.
TS284-SEM1-14,TS284,1,6,TS284-S14,63.49,62.63,False,27.14,36.12,45.02,55.41,37.05,Career guidance is helpful from the beginning.
TS285-SEM1-01,TS285,1,6,TS285-S01,64.21,70.54,False,43.74,51.75,51.31,48.39,38.66,Teaching incorporates both fundamentals and modern practical tools.
TS285-SEM1-02,TS285,1,6,TS285-S02,72.45,64.54,False,58.58,43.41,53.04,46.09,39.87,Teaching incorporates both fundamentals and modern practical tools.
TS285-SEM1-03,TS285,1,6,TS285-S03,77.22,80.92,True,55.28,59.91,57.78,67.13,65.09,Excellent labs and digital board infrastructure.
TS285-SEM1-04,TS285,1,6,TS285-S04,66.4,74.75,False,50.03,53.66,51.61,52.88,45.58,Teaching incorporates both fundamentals and modern practical tools.
TS285-SEM1-05,TS285,1,6,TS285-S05,70.47,63.34,False,44.68,48.91,49.78,44.94,42.47,Teaching incorporates both fundamentals and modern practical tools.
TS285-SEM1-06,TS285,1,6,TS285-S06,71.98,44.19,False,51.53,48.96,46.32,50.38,40.84,"Campus has trees and nature, very peaceful."
TS285-SEM1-07,TS285,1,6,TS285-S07,68.95,65.75,False,53.96,48.41,45.5,44.72,47.63,Good focus on practical sessions and mentoring.
TS285-SEM1-08,TS285,1,6,TS285-S08,74.43,71.59,False,47.74,52.34,59.45,38.72,55.42,Teaching incorporates both fundamentals and modern practical tools.
TS285-SEM1-09,TS285,1,6,TS285-S09,77.62,88.25,True,61.68,57.45,60.8,56.65,63.17,Teaching incorporates both fundamentals and modern practical tools.
TS285-SEM1-10,TS285,1,6,TS285-S10,76.67,60.93,True,62.1,52.03,55.75,45.18,61.66,Career guidance is helpful from the beginning.
TS285-SEM1-11,TS285,1,6,TS285-S11,66.43,61.67,False,38.86,46.02,53.88,43.25,38.71,Excellent labs and digital board infrastructure.
TS285-SEM1-12,TS285,1,6,TS285-S12,76.69,71.13,True,56.59,51.14,54.72,53.47,52.75,"Campus has trees and nature, very peaceful."
TS285-SEM1-13,TS285,1,6,TS285-S13,66.1,74.51,False,46.63,55.99,54.46,44.95,41.89,"Strictness is moderate, allowing good learning freedom."
TS285-SEM1-14,TS285,1,6,TS285-S14,77.8,69.59,True,59.3,57.31,55.1,53.51,57.95,"Strictness is moderate, allowing good learning freedom."
TS286-SEM1-01,TS286,1,6,TS286-S01,77.88,61.91,True,58.39,60.65,52.08,46.26,53.37,Excellent labs and digital board infrastructure.
TS286-SEM1-02,TS286,1,6,TS286-S02,71.85,62.12,False,46.88,48.42,42.25,62.91,35.23,Career guidance is helpful from the beginning.
TS286-SEM1-03,TS286,1,6,TS286-S03,70.39,51.08,False,29.62,29.89,48.04,52.77,32.55,Career guidance is helpful from the beginning.
TS286-SEM1-04,TS286,1,6,TS286-S04,72.6,70.06,False,26.77,53.51,48.23,53.19,42.98,"Strictness is moderate, allowing good learning freedom."
TS286-SEM1-05,TS286,1,6,TS286-S05,59.75,59.81,False,46.52,39.28,46.68,57.01,40.49,Career guidance is helpful from the beginning.
TS286-SEM1-06,TS286,1,6,TS286-S06,70.45,67.76,False,28.95,43.26,46.72,49.23,42.78,Teaching incorporates both fundamentals and modern practical tools.
TS286-SEM1-07,TS286,1,6,TS286-S07,73.67,63.47,False,49.97,31.67,49.93,56.2,41.2,"Strictness is moderate, allowing good learning freedom."
TS286-SEM1-08,TS286,1,6,TS286-S08,69.57,65.43,False,34.15,34.84,43.63,43.02,35.8,Excellent labs and digital board infrastructure.
TS286-SEM1-09,TS286,1,6,TS286-S09,65.39,68.53,False,48.78,56.91,37.8,43.18,36.72,Excellent labs and digital board infrastructure.
TS286-SEM1-10,TS286,1,6,TS286-S10,76.93,61.08,True,56.85,36.1,50.82,48.58,52.71,Excellent labs and digital board infrastructure.
TS286-SEM1-11,TS286,1,6,TS286-S11,70.21,70.55,False,39.47,36.51,54.02,43.64,38.97,Good focus on practical sessions and mentoring.
TS286-SEM1-12,TS286,1,6,TS286-S12,76.68,64.8,True,47.95,55.19,55.75,55.68,48.94,"Campus has trees and nature, very peaceful."
TS286-SEM1-13,TS286,1,6,TS286-S13,72.73,78.26,False,33.6,37.68,43.82,55.52,34.88,Teaching incorporates both fundamentals and modern practical tools.
TS286-SEM1-14,TS286,1,6,TS286-S14,75.57,77.02,True,45.77,49.47,55.43,57.99,60.87,"Campus has trees and nature, very peaceful."
TS287-SEM1-01,TS287,1,6,TS287-S01,67.34,64.47,False,51.63,56.85,43.66,49.58,40.75,Teaching incorporates both fundamentals and modern practical tools.
TS287-SEM1-02,TS287,1,6,TS287-S02,73.84,69.04,False,41.25,45.33,40.28,51.31,26.16,Excellent labs and digital board infrastructure.
TS287-SEM1-03,TS287,1,6,TS287-S03,73.87,41.8,False,41.11,36.64,49.86,49.68,37.48,Good focus on practical sessions and mentoring.
TS287-SEM1-04,TS287,1,6,TS287-S04,74.72,53.83,False,46.25,50.02,40.72,42.79,35.37,Good focus on practical sessions and mentoring.
TS287-SEM1-05,TS287,1,6,TS287-S05,71.35,51.15,False,36.49,39.36,42.22,47.69,39.68,Excellent labs and digital board infrastructure.
TS287-SEM1-06,TS287,1,6,TS287-S06,72.19,66.02,False,40.73,42.54,46.65,32.39,35.44,"Campus has trees and nature, very peaceful."
TS287-SEM1-07,TS287,1,6,TS287-S07,68.58,63.19,False,35.43,48.49,46.86,40.55,38.35,Career guidance is helpful from the beginning.
TS287-SEM1-08,TS287,1,6,TS287-S08,64.31,66.8,False,36.44,37.66,34.68,48.3,31.45,Excellent labs and digital board infrastructure.
TS287-SEM1-09,TS287,1,6,TS287-S09,63.1,63.86,False,45.05,47.25,36.08,48.04,40.64,"Strictness is moderate, allowing good learning freedom."
TS287-SEM1-10,TS287,1,6,TS287-S10,71.18,65.26,False,36.61,41.02,39.94,52.53,40.61,"Strictness is moderate, allowing good learning freedom."
TS287-SEM1-11,TS287,1,6,TS287-S11,68.67,69.55,False,30.67,42.73,36.47,42.07,30.41,"Strictness is moderate, allowing good learning freedom."
TS287-SEM1-12,TS287,1,6,TS287-S12,68.07,68.2,False,38.77,39.43,42.37,36.52,40.1,"Strictness is moderate, allowing good learning freedom."
TS287-SEM1-13,TS287,1,6,TS287-S13,58.51,54.93,False,38.76,47.66,44.43,48.56,44.52,Teaching incorporates both fundamentals and modern practical tools.
TS287-SEM1-14,TS287,1,6,TS287-S14,84.09,62.07,False,38.28,39.21,45.12,56.49,24.79,"Campus has trees and nature, very peaceful."
TS288-SEM1-01,TS288,1,6,TS288-S01,73.07,67.73,False,51.09,65.63,55.08,51.09,66.51,"Strictness is moderate, allowing good learning freedom."
TS288-SEM1-02,TS288,1,6,TS288-S02,66.37,57.52,False,47.46,57.92,63.68,69.31,50.61,Career guidance is helpful from the beginning.
TS288-SEM1-03,TS288,1,6,TS288-S03,69.34,65.69,False,60.07,62.59,66.45,67.2,63.6,"Strictness is moderate, allowing good learning freedom."
TS288-SEM1-04,TS288,1,6,TS288-S04,70.24,68.95,False,63.02,48.45,64.85,64.02,51.6,Good focus on practical sessions and mentoring.
TS288-SEM1-05,TS288,1,6,TS288-S05,69.45,63.62,False,49.25,61.77,61.56,74.09,53.48,Teaching incorporates both fundamentals and modern practical tools.
TS288-SEM1-06,TS288,1,6,TS288-S06,79.14,65.87,True,80.29,86.94,68.59,70.42,76.79,Good focus on practical sessions and mentoring.
TS288-SEM1-07,TS288,1,6,TS288-S07,63.46,48.99,False,66.48,66.13,58.35,86.67,49.73,Teaching incorporates both fundamentals and modern practical tools.
TS288-SEM1-08,TS288,1,6,TS288-S08,75.72,54.04,True,69.46,69.28,60.6,87.35,71.55,Career guidance is helpful from the beginning.
TS288-SEM1-09,TS288,1,6,TS288-S09,74.88,62.05,False,55.33,43.74,61.5,66.23,58.24,Teaching incorporates both fundamentals and modern practical tools.
TS288-SEM1-10,TS288,1,6,TS288-S10,84.87,68.44,True,70.81,61.05,68.25,70.45,74.39,Career guidance is helpful from the beginning.
TS288-SEM1-11,TS288,1,6,TS288-S11,69.03,45.22,False,66.25,60.43,60.99,61.23,54.27,Excellent labs and digital board infrastructure.
TS288-SEM1-12,TS288,1,6,TS288-S12,66.82,50.06,False,59.62,57.81,66.39,65.7,57.22,Excellent labs and digital board infrastructure.
TS288-SEM1-13,TS288,1,6,TS288-S13,72.52,65.85,False,53.6,68.75,56.74,68.11,50.62,Teaching incorporates both fundamentals and modern practical tools.
TS288-SEM1-14,TS288,1,6,TS288-S14,71.28,70.91,False,61.98,70.03,61.13,73.31,53.18,"Campus has trees and nature, very peaceful."
TS289-SEM1-01,TS289,1,6,TS289-S01,62.59,70.11,False,62.8,70.28,59.49,53.71,53.68,"Strictness is moderate, allowing good learning freedom."
TS289-SEM1-02,TS289,1,6,TS289-S02,67.93,71.23,False,53.55,59.72,70.98,67.44,59.49,"Strictness is moderate, allowing good learning freedom."
TS289-SEM1-03,TS289,1,6,TS289-S03,68.93,51.0,False,62.51,75.24,53.68,59.54,49.54,"Strictness is moderate, allowing good learning freedom."
TS289-SEM1-04,TS289,1,6,TS289-S04,74.89,72.86,False,53.9,60.33,50.33,56.92,61.65,"Strictness is moderate, allowing good learning freedom."
TS289-SEM1-05,TS289,1,6,TS289-S05,74.96,71.26,False,53.92,61.12,60.21,64.59,60.99,Good focus on practical sessions and mentoring.
TS289-SEM1-06,TS289,1,6,TS289-S06,67.96,60.62,False,51.35,47.55,64.71,73.13,57.94,Teaching incorporates both fundamentals and modern practical tools.
TS289-SEM1-07,TS289,1,6,TS289-S07,73.38,80.53,False,58.87,69.72,60.82,64.41,53.45,Teaching incorporates both fundamentals and modern practical tools.
TS289-SEM1-08,TS289,1,6,TS289-S08,77.0,51.09,True,65.0,77.38,79.08,73.84,77.98,"Strictness is moderate, allowing good learning freedom."
TS289-SEM1-09,TS289,1,6,TS289-S09,77.41,38.74,False,55.32,66.88,49.67,60.94,53.72,Good focus on practical sessions and mentoring.
TS289-SEM1-10,TS289,1,6,TS289-S10,64.61,52.3,False,64.14,34.65,61.47,69.63,53.98,"Strictness is moderate, allowing good learning freedom."
TS289-SEM1-11,TS289,1,6,TS289-S11,80.45,57.73,True,70.06,70.25,64.25,68.56,68.15,Teaching incorporates both fundamentals and modern practical tools.
TS289-SEM1-12,TS289,1,6,TS289-S12,66.97,50.78,False,58.61,55.31,53.9,56.2,55.14,Good focus on practical sessions and mentoring.
TS289-SEM1-13,TS289,1,6,TS289-S13,76.02,69.51,False,59.33,62.86,62.39,65.29,50.47,Career guidance is helpful from the beginning.
TS289-SEM1-14,TS289,1,6,TS289-S14,65.55,75.52,False,56.87,71.71,54.61,60.21,47.23,"Campus has trees and nature, very peaceful."
TS290-SEM1-01,TS290,1,6,TS290-S01,75.65,45.76,False,60.99,68.92,70.94,61.6,70.54,Excellent labs and digital board infrastructure.
TS290-SEM1-02,TS290,1,6,TS290-S02,67.11,62.99,False,67.41,75.27,73.95,57.89,65.96,Excellent labs and digital board infrastructure.
TS290-SEM1-03,TS290,1,6,TS290-S03,66.44,61.22,False,67.71,77.37,71.55,61.04,62.3,"Strictness is moderate, allowing good learning freedom."
TS290-SEM1-04,TS290,1,6,TS290-S04,75.29,83.89,True,80.99,68.62,71.48,65.55,85.25,"Campus has trees and nature, very peaceful."
TS290-SEM1-05,TS290,1,6,TS290-S05,66.38,68.42,False,65.42,72.41,67.62,56.92,57.83,Good focus on practical sessions and mentoring.
TS290-SEM1-06,TS290,1,6,TS290-S06,75.67,61.23,True,80.04,100.0,74.69,77.42,67.77,"Campus has trees and nature, very peaceful."
TS290-SEM1-07,TS290,1,6,TS290-S07,70.38,71.55,False,64.79,64.43,68.57,66.41,73.42,Good focus on practical sessions and mentoring.
TS290-SEM1-08,TS290,1,6,TS290-S08,78.39,56.95,True,77.35,72.63,74.92,65.85,74.7,"Strictness is moderate, allowing good learning freedom."
TS290-SEM1-09,TS290,1,6,TS290-S09,77.03,66.21,True,79.59,71.85,72.94,71.62,83.05,"Campus has trees and nature, very peaceful."
TS290-SEM1-10,TS290,1,6,TS290-S10,68.92,65.11,False,64.25,61.59,67.86,63.09,64.23,"Strictness is moderate, allowing good learning freedom."
TS290-SEM1-11,TS290,1,6,TS290-S11,61.84,63.66,False,64.85,54.38,64.66,63.45,69.62,Teaching incorporates both fundamentals and modern practical tools.
TS290-SEM1-12,TS290,1,6,TS290-S12,62.16,71.79,False,53.42,80.75,67.51,56.21,64.47,Teaching incorporates both fundamentals and modern practical tools.
TS290-SEM1-13,TS290,1,6,TS290-S13,66.23,67.16,False,63.95,39.09,64.65,61.64,68.03,"Campus has trees and nature, very peaceful."
TS290-SEM1-14,TS290,1,6,TS290-S14,73.99,72.51,False,59.33,75.39,72.42,50.71,68.2,Career guidance is helpful from the beginning.
TS291-SEM1-01,TS291,1,6,TS291-S01,72.35,45.46,False,59.69,62.68,53.29,63.81,54.23,"Campus has trees and nature, very peaceful."
TS291-SEM1-02,TS291,1,6,TS291-S02,80.87,75.1,True,78.57,65.24,69.61,68.32,68.32,Excellent labs and digital board infrastructure.
TS291-SEM1-03,TS291,1,6,TS291-S03,72.5,61.17,False,56.1,57.69,61.61,68.16,52.39,Teaching incorporates both fundamentals and modern practical tools.
TS291-SEM1-04,TS291,1,6,TS291-S04,64.32,68.78,False,62.45,61.03,55.62,62.04,56.74,"Campus has trees and nature, very peaceful."
TS291-SEM1-05,TS291,1,6,TS291-S05,65.59,54.36,False,56.43,67.63,62.44,59.4,54.3,"Strictness is moderate, allowing good learning freedom."
TS291-SEM1-06,TS291,1,6,TS291-S06,68.0,57.88,False,61.64,42.81,67.89,75.97,56.12,Excellent labs and digital board infrastructure.
TS291-SEM1-07,TS291,1,6,TS291-S07,67.01,73.63,False,58.98,53.96,56.45,60.4,56.27,"Strictness is moderate, allowing good learning freedom."
TS291-SEM1-08,TS291,1,6,TS291-S08,77.37,64.84,True,69.31,75.01,67.28,80.86,70.05,Teaching incorporates both fundamentals and modern practical tools.
TS291-SEM1-09,TS291,1,6,TS291-S09,74.37,83.89,False,63.56,64.13,62.79,63.15,54.44,Career guidance is helpful from the beginning.
TS291-SEM1-10,TS291,1,6,TS291-S10,68.63,46.64,False,61.15,45.86,64.57,60.98,50.53,Career guidance is helpful from the beginning.
TS291-SEM1-11,TS291,1,6,TS291-S11,80.43,47.51,False,53.31,53.59,62.06,59.15,62.62,Excellent labs and digital board infrastructure.
TS291-SEM1-12,TS291,1,6,TS291-S12,63.77,100.0,False,50.96,81.81,66.78,62.17,56.44,"Campus has trees and nature, very peaceful."
TS291-SEM1-13,TS291,1,6,TS291-S13,69.73,65.47,False,52.89,63.84,62.22,56.89,57.45,Teaching incorporates both fundamentals and modern practical tools.
TS291-SEM1-14,TS291,1,6,TS291-S14,74.19,54.83,False,54.74,62.27,66.76,61.98,59.96,Career guidance is helpful from the beginning.
TS292-SEM1-01,TS292,1,6,TS292-S01,69.05,70.25,False,49.12,65.44,67.41,67.91,57.32,Excellent labs and digital board infrastructure.
TS292-SEM1-02,TS292,1,6,TS292-S02,61.73,72.11,False,58.55,63.39,76.0,64.98,56.31,Good focus on practical sessions and mentoring.
TS292-SEM1-03,TS292,1,6,TS292-S03,68.53,68.45,False,55.98,69.93,70.41,63.87,63.85,"Campus has trees and nature, very peaceful."
TS292-SEM1-04,TS292,1,6,TS292-S04,71.59,55.13,False,50.92,68.03,66.39,70.29,63.33,Good focus on practical sessions and mentoring.
TS292-SEM1-05,TS292,1,6,TS292-S05,84.4,56.19,True,70.78,83.27,67.27,76.88,73.22,"Campus has trees and nature, very peaceful."
TS292-SEM1-06,TS292,1,6,TS292-S06,76.6,74.06,True,66.82,77.71,72.55,69.65,74.53,Teaching incorporates both fundamentals and modern practical tools.
TS292-SEM1-07,TS292,1,6,TS292-S07,66.87,65.31,False,55.12,68.76,62.04,61.86,64.99,Excellent labs and digital board infrastructure.
TS292-SEM1-08,TS292,1,6,TS292-S08,77.73,52.03,True,79.57,64.36,79.18,72.21,74.02,"Strictness is moderate, allowing good learning freedom."
TS292-SEM1-09,TS292,1,6,TS292-S09,72.06,75.61,False,48.12,74.04,70.88,62.47,58.55,"Strictness is moderate, allowing good learning freedom."
TS292-SEM1-10,TS292,1,6,TS292-S10,72.82,69.34,False,56.53,65.72,64.41,68.47,72.28,Teaching incorporates both fundamentals and modern practical tools.
TS292-SEM1-11,TS292,1,6,TS292-S11,67.6,62.79,False,56.34,61.92,59.53,55.22,64.82,Good focus on practical sessions and mentoring.
TS292-SEM1-12,TS292,1,6,TS292-S12,74.14,62.93,False,55.66,65.23,59.13,64.24,60.58,"Strictness is moderate, allowing good learning freedom."
TS292-SEM1-13,TS292,1,6,TS292-S13,68.74,54.43,False,57.95,72.35,65.92,54.76,62.52,Excellent labs and digital board infrastructure.
TS292-SEM1-14,TS292,1,6,TS292-S14,75.26,63.87,True,75.05,79.28,74.25,76.66,75.79,Teaching incorporates both fundamentals and modern practical tools.
TS293-SEM1-01,TS293,1,6,TS293-S01,66.91,46.64,False,51.7,82.77,57.21,69.16,47.46,Teaching incorporates both fundamentals and modern practical tools.
TS293-SEM1-02,TS293,1,6,TS293-S02,80.05,58.99,True,69.28,99.05,69.29,74.44,57.67,Teaching incorporates both fundamentals and modern practical tools.
TS293-SEM1-03,TS293,1,6,TS293-S03,80.12,55.05,True,65.51,90.66,66.87,66.24,71.06,Good focus on practical sessions and mentoring.
TS293-SEM1-04,TS293,1,6,TS293-S04,67.01,65.6,False,53.77,56.39,59.67,68.04,47.82,Teaching incorporates both fundamentals and modern practical tools.
TS293-SEM1-05,TS293,1,6,TS293-S05,60.24,64.83,False,54.4,67.22,63.81,56.74,54.39,Career guidance is helpful from the beginning.
TS293-SEM1-06,TS293,1,6,TS293-S06,75.98,60.17,True,66.12,75.33,59.19,77.61,72.1,"Campus has trees and nature, very peaceful."
TS293-SEM1-07,TS293,1,6,TS293-S07,68.14,71.86,False,52.95,80.78,58.74,62.65,49.46,Career guidance is helpful from the beginning.
TS293-SEM1-08,TS293,1,6,TS293-S08,72.55,51.3,False,56.95,65.74,57.97,68.13,59.11,Good focus on practical sessions and mentoring.
TS293-SEM1-09,TS293,1,6,TS293-S09,68.74,63.84,False,58.75,59.26,62.7,73.27,58.92,Good focus on practical sessions and mentoring.
TS293-SEM1-10,TS293,1,6,TS293-S10,65.35,51.61,False,55.76,68.05,60.18,66.24,55.01,Teaching incorporates both fundamentals and modern practical tools.
TS293-SEM1-11,TS293,1,6,TS293-S11,56.68,68.58,False,64.92,64.52,61.1,78.46,54.25,Excellent labs and digital board infrastructure.
TS293-SEM1-12,TS293,1,6,TS293-S12,73.83,80.42,False,68.3,60.46,58.03,73.74,56.57,"Strictness is moderate, allowing good learning freedom."
TS293-SEM1-13,TS293,1,6,TS293-S13,76.24,35.78,False,44.36,83.21,63.95,70.5,47.87,"Strictness is moderate, allowing good learning freedom."
TS293-SEM1-14,TS293,1,6,TS293-S14,69.51,67.7,False,47.79,63.3,61.96,71.92,51.47,"Strictness is moderate, allowing good learning freedom."
TS294-SEM1-01,TS294,1,6,TS294-S01,85.42,83.09,True,78.6,89.86,73.77,87.95,81.12,Career guidance is helpful from the beginning.
TS294-SEM1-02,TS294,1,6,TS294-S02,77.9,72.15,True,84.78,87.6,68.67,79.82,78.79,Good focus on practical sessions and mentoring.
TS294-SEM1-03,TS294,1,6,TS294-S03,87.43,89.2,True,78.01,64.86,88.97,88.78,74.33,"Campus has trees and nature, very peaceful."
TS294-SEM1-04,TS294,1,6,TS294-S04,85.93,63.88,True,74.74,61.78,79.0,92.24,79.6,Good focus on practical sessions and mentoring.
TS294-SEM1-05,TS294,1,6,TS294-S05,87.35,85.48,True,94.21,85.42,88.25,73.99,87.95,Career guidance is helpful from the beginning.
TS294-SEM1-06,TS294,1,6,TS294-S06,91.07,67.28,True,74.62,71.98,82.03,77.47,84.24,"Strictness is moderate, allowing good learning freedom."
TS294-SEM1-07,TS294,1,6,TS294-S07,78.37,73.71,False,64.43,74.35,79.13,66.98,67.31,"Campus has trees and nature, very peaceful."
TS294-SEM1-08,TS294,1,6,TS294-S08,73.42,57.47,False,74.45,83.84,70.58,84.87,62.99,"Campus has trees and nature, very peaceful."
TS294-SEM1-09,TS294,1,6,TS294-S09,80.59,91.68,True,87.73,75.0,75.62,77.82,73.39,Teaching incorporates both fundamentals and modern practical tools.
TS294-SEM1-10,TS294,1,6,TS294-S10,89.57,77.26,True,78.07,80.28,83.64,79.22,89.04,Excellent labs and digital board infrastructure.
TS294-SEM1-11,TS294,1,6,TS294-S11,83.65,74.07,True,79.18,67.77,78.96,81.08,83.12,"Campus has trees and nature, very peaceful."
TS294-SEM1-12,TS294,1,6,TS294-S12,89.14,80.0,True,82.19,78.43,81.86,81.18,83.45,Teaching incorporates both fundamentals and modern practical tools.
TS294-SEM1-13,TS294,1,6,TS294-S13,73.99,67.9,False,69.89,69.29,64.8,70.5,61.58,Excellent labs and digital board infrastructure.
TS294-SEM1-14,TS294,1,6,TS294-S14,90.19,77.51,True,81.83,72.77,77.0,83.83,82.93,"Strictness is moderate, allowing good learning freedom."
TS295-SEM1-01,TS295,1,6,TS295-S01,70.48,60.66,False,70.07,70.37,70.05,58.03,65.78,Teaching incorporates both fundamentals and modern practical tools.
TS295-SEM1-02,TS295,1,6,TS295-S02,71.18,65.22,False,62.85,66.06,75.58,52.07,59.2,Good focus on practical sessions and mentoring.
TS295-SEM1-03,TS295,1,6,TS295-S03,66.86,66.02,False,60.72,86.07,70.26,54.98,57.04,Good focus on practical sessions and mentoring.
TS295-SEM1-04,TS295,1,6,TS295-S04,71.34,67.2,False,63.31,72.83,62.49,70.1,60.58,Excellent labs and digital board infrastructure.
TS295-SEM1-05,TS295,1,6,TS295-S05,63.75,51.25,False,61.52,89.51,66.74,54.39,65.81,Teaching incorporates both fundamentals and modern practical tools.
TS295-SEM1-06,TS295,1,6,TS295-S06,77.51,68.59,True,70.96,77.94,66.63,62.3,77.46,Career guidance is helpful from the beginning.
TS295-SEM1-07,TS295,1,6,TS295-S07,68.83,64.79,False,59.64,71.23,65.16,56.45,63.41,Teaching incorporates both fundamentals and modern practical tools.
TS295-SEM1-08,TS295,1,6,TS295-S08,63.93,66.53,False,65.17,77.3,68.25,58.81,59.51,Career guidance is helpful from the beginning.
TS295-SEM1-09,TS295,1,6,TS295-S09,74.66,73.45,False,60.62,70.28,70.74,53.32,57.99,"Campus has trees and nature, very peaceful."
TS295-SEM1-10,TS295,1,6,TS295-S10,74.53,57.7,False,70.92,70.22,63.49,56.61,63.77,"Campus has trees and nature, very peaceful."
TS295-SEM1-11,TS295,1,6,TS295-S11,73.92,67.39,False,60.27,83.03,59.31,51.96,61.78,"Campus has trees and nature, very peaceful."
TS295-SEM1-12,TS295,1,6,TS295-S12,67.82,58.9,False,57.7,72.28,69.9,53.43,57.19,Teaching incorporates both fundamentals and modern practical tools.
TS295-SEM1-13,TS295,1,6,TS295-S13,69.23,73.04,False,70.16,70.12,70.13,56.53,68.01,Excellent labs and digital board infrastructure.
TS295-SEM1-14,TS295,1,6,TS295-S14,73.15,59.98,False,73.19,66.56,69.18,64.84,64.92,Career guidance is helpful from the beginning.
TS296-SEM1-01,TS296,1,6,TS296-S01,76.18,44.96,False,51.56,67.15,64.44,67.86,55.93,Teaching incorporates both fundamentals and modern practical tools.
TS296-SEM1-02,TS296,1,6,TS296-S02,70.09,72.87,False,51.96,62.09,58.05,60.16,52.85,"Campus has trees and nature, very peaceful."
TS296-SEM1-03,TS296,1,6,TS296-S03,67.59,67.5,False,48.29,65.11,57.98,64.54,54.31,Good focus on practical sessions and mentoring.
TS296-SEM1-04,TS296,1,6,TS296-S04,69.0,74.13,False,54.92,67.29,64.73,62.72,48.86,"Campus has trees and nature, very peaceful."
TS296-SEM1-05,TS296,1,6,TS296-S05,66.71,74.79,False,60.1,62.78,58.31,74.75,50.81,Excellent labs and digital board infrastructure.
TS296-SEM1-06,TS296,1,6,TS296-S06,72.84,67.02,False,49.31,55.6,58.86,69.53,52.96,"Campus has trees and nature, very peaceful."
TS296-SEM1-07,TS296,1,6,TS296-S07,63.38,46.68,False,52.54,49.75,64.99,69.21,55.18,"Strictness is moderate, allowing good learning freedom."
TS296-SEM1-08,TS296,1,6,TS296-S08,70.42,69.42,False,61.35,53.77,56.9,68.6,56.5,Excellent labs and digital board infrastructure.
TS296-SEM1-09,TS296,1,6,TS296-S09,75.65,53.06,True,73.93,66.21,60.55,67.36,72.12,Good focus on practical sessions and mentoring.
TS296-SEM1-10,TS296,1,6,TS296-S10,82.21,53.62,False,69.4,52.92,64.45,60.09,57.16,Career guidance is helpful from the beginning.
TS296-SEM1-11,TS296,1,6,TS296-S11,86.01,69.92,True,65.44,70.26,65.32,62.66,62.5,"Campus has trees and nature, very peaceful."
TS296-SEM1-12,TS296,1,6,TS296-S12,67.02,61.68,False,63.86,55.76,62.1,54.15,51.14,Excellent labs and digital board infrastructure.
TS296-SEM1-13,TS296,1,6,TS296-S13,57.32,84.34,False,58.33,63.0,63.82,79.55,52.97,Career guidance is helpful from the beginning.
TS296-SEM1-14,TS296,1,6,TS296-S14,66.12,82.0,False,49.76,72.05,60.78,66.96,47.96,Good focus on practical sessions and mentoring.
TS297-SEM1-01,TS297,1,6,TS297-S01,68.28,44.0,False,34.91,28.75,34.04,34.86,25.99,"Strictness is moderate, allowing good learning freedom."
TS297-SEM1-02,TS297,1,6,TS297-S02,64.95,64.22,False,43.33,41.37,42.4,27.29,29.04,Excellent labs and digital board infrastructure.
TS297-SEM1-03,TS297,1,6,TS297-S03,70.81,76.28,False,37.5,32.77,24.56,28.13,33.16,Good focus on practical sessions and mentoring.
TS297-SEM1-04,TS297,1,6,TS297-S04,70.08,60.9,False,35.68,43.14,32.11,38.63,38.06,Good focus on practical sessions and mentoring.
TS297-SEM1-05,TS297,1,6,TS297-S05,80.57,56.69,True,50.5,44.25,41.75,31.7,43.67,Teaching incorporates both fundamentals and modern practical tools.
TS297-SEM1-06,TS297,1,6,TS297-S06,67.83,49.39,False,32.66,41.02,33.9,21.86,29.41,Career guidance is helpful from the beginning.
TS297-SEM1-07,TS297,1,6,TS297-S07,73.64,64.06,False,27.67,24.45,40.43,37.19,26.59,Teaching incorporates both fundamentals and modern practical tools.
TS297-SEM1-08,TS297,1,6,TS297-S08,62.99,64.23,False,26.61,37.15,36.79,47.54,29.61,Good focus on practical sessions and mentoring.
TS297-SEM1-09,TS297,1,6,TS297-S09,84.0,62.82,True,39.67,37.07,45.15,42.86,38.81,Excellent labs and digital board infrastructure.
TS297-SEM1-10,TS297,1,6,TS297-S10,78.12,76.77,True,52.07,57.55,34.02,39.28,43.75,"Campus has trees and nature, very peaceful."
TS297-SEM1-11,TS297,1,6,TS297-S11,77.84,57.85,True,48.53,56.56,42.69,39.26,46.58,"Strictness is moderate, allowing good learning freedom."
TS297-SEM1-12,TS297,1,6,TS297-S12,75.95,48.69,False,31.9,26.59,29.99,23.42,27.43,"Strictness is moderate, allowing good learning freedom."
TS297-SEM1-13,TS297,1,6,TS297-S13,78.47,42.17,False,35.26,28.9,30.68,37.15,36.55,Teaching incorporates both fundamentals and modern practical tools.
TS297-SEM1-14,TS297,1,6,TS297-S14,80.99,64.84,False,34.35,53.9,34.54,41.89,27.04,"Campus has trees and nature, very peaceful."
TS298-SEM1-01,TS298,1,6,TS298-S01,61.16,48.81,False,61.05,77.05,64.3,68.01,64.35,Teaching incorporates both fundamentals and modern practical tools.
TS298-SEM1-02,TS298,1,6,TS298-S02,73.72,79.02,False,69.98,64.15,65.02,77.68,57.94,"Strictness is moderate, allowing good learning freedom."
TS298-SEM1-03,TS298,1,6,TS298-S03,70.05,44.9,False,56.53,82.43,69.2,69.43,59.93,Career guidance is helpful from the beginning.
TS298-SEM1-04,TS298,1,6,TS298-S04,82.29,55.43,True,83.6,93.91,71.11,71.8,74.85,"Strictness is moderate, allowing good learning freedom."
TS298-SEM1-05,TS298,1,6,TS298-S05,76.39,81.92,True,74.41,91.86,73.02,75.21,78.71,"Strictness is moderate, allowing good learning freedom."
TS298-SEM1-06,TS298,1,6,TS298-S06,68.51,54.98,False,71.7,68.23,60.43,76.72,57.6,"Campus has trees and nature, very peaceful."
TS298-SEM1-07,TS298,1,6,TS298-S07,66.47,69.01,False,60.02,68.73,68.58,71.48,60.22,Teaching incorporates both fundamentals and modern practical tools.
TS298-SEM1-08,TS298,1,6,TS298-S08,57.94,60.27,False,74.05,77.39,66.49,76.02,65.51,Good focus on practical sessions and mentoring.
TS298-SEM1-09,TS298,1,6,TS298-S09,66.95,74.57,False,65.35,69.86,76.32,60.79,56.49,Excellent labs and digital board infrastructure.
TS298-SEM1-10,TS298,1,6,TS298-S10,75.85,68.74,True,64.83,89.22,69.14,82.71,80.04,Good focus on practical sessions and mentoring.
TS298-SEM1-11,TS298,1,6,TS298-S11,77.1,59.65,True,73.4,81.7,76.33,90.26,84.53,Career guidance is helpful from the beginning.
TS298-SEM1-12,TS298,1,6,TS298-S12,73.23,68.4,False,70.89,75.35,63.24,76.97,62.23,Career guidance is helpful from the beginning.
TS298-SEM1-13,TS298,1,6,TS298-S13,69.88,54.15,False,67.84,76.45,63.59,66.56,71.83,Teaching incorporates both fundamentals and modern practical tools.
TS298-SEM1-14,TS298,1,6,TS298-S14,77.16,62.87,True,75.56,80.98,75.48,85.99,73.3,Good focus on practical sessions and mentoring.
TS299-SEM1-01,TS299,1,6,TS299-S01,86.76,76.13,True,89.97,75.83,78.23,84.41,92.77,"Strictness is moderate, allowing good learning freedom."
TS299-SEM1-02,TS299,1,6,TS299-S02,74.9,84.83,False,70.16,61.43,80.17,86.98,81.63,"Campus has trees and nature, very peaceful."
TS299-SEM1-03,TS299,1,6,TS299-S03,72.33,89.24,False,77.28,69.68,83.57,90.55,65.77,Teaching incorporates both fundamentals and modern practical tools.
TS299-SEM1-04,TS299,1,6,TS299-S04,79.41,69.55,True,98.92,85.24,85.7,92.09,90.99,Teaching incorporates both fundamentals and modern practical tools.
TS299-SEM1-05,TS299,1,6,TS299-S05,68.98,80.17,False,82.08,83.24,74.38,86.06,81.83,Good focus on practical sessions and mentoring.
TS299-SEM1-06,TS299,1,6,TS299-S06,97.18,79.79,True,84.21,75.66,92.1,77.2,92.94,Excellent labs and digital board infrastructure.
TS299-SEM1-07,TS299,1,6,TS299-S07,90.58,82.13,True,89.87,81.37,97.94,96.82,96.4,Career guidance is helpful from the beginning.
TS299-SEM1-08,TS299,1,6,TS299-S08,82.17,69.16,True,88.32,85.28,90.24,90.67,99.91,"Strictness is moderate, allowing good learning freedom."
TS299-SEM1-09,TS299,1,6,TS299-S09,74.08,75.67,False,88.99,81.82,79.18,87.21,73.93,"Campus has trees and nature, very peaceful."
TS299-SEM1-10,TS299,1,6,TS299-S10,90.8,83.21,True,91.59,88.0,89.5,91.33,94.99,Career guidance is helpful from the beginning.
TS299-SEM1-11,TS299,1,6,TS299-S11,84.51,67.79,True,88.64,85.41,85.91,96.04,87.36,"Strictness is moderate, allowing good learning freedom."
TS299-SEM1-12,TS299,1,6,TS299-S12,71.59,94.67,False,71.26,83.45,83.21,77.72,73.5,Teaching incorporates both fundamentals and modern practical tools.
TS299-SEM1-13,TS299,1,6,TS299-S13,80.31,78.56,True,89.11,84.35,92.67,86.95,87.29,Excellent labs and digital board infrastructure.
TS299-SEM1-14,TS299,1,6,TS299-S14,78.73,78.67,True,97.35,84.81,89.33,90.73,88.83,Teaching incorporates both fundamentals and modern practical tools.
TS300-SEM1-01,TS300,1,6,TS300-S01,70.09,46.81,False,60.69,71.67,63.69,60.14,67.69,Excellent labs and digital board infrastructure.
TS300-SEM1-02,TS300,1,6,TS300-S02,68.25,66.4,False,63.61,63.46,67.0,67.0,71.35,Good focus on practical sessions and mentoring.
TS300-SEM1-03,TS300,1,6,TS300-S03,67.37,61.15,False,70.12,83.39,65.42,64.31,68.23,"Strictness is moderate, allowing good learning freedom."
TS300-SEM1-04,TS300,1,6,TS300-S04,75.07,72.33,True,81.99,84.45,72.31,70.78,79.78,Career guidance is helpful from the beginning.
TS300-SEM1-05,TS300,1,6,TS300-S05,79.19,63.76,True,72.7,92.94,71.83,70.54,87.22,Teaching incorporates both fundamentals and modern practical tools.
TS300-SEM1-06,TS300,1,6,TS300-S06,77.32,53.5,True,77.45,78.69,68.33,67.73,66.93,Excellent labs and digital board infrastructure.
TS300-SEM1-07,TS300,1,6,TS300-S07,77.42,70.41,True,80.79,79.72,80.79,68.04,74.04,Excellent labs and digital board infrastructure.
TS300-SEM1-08,TS300,1,6,TS300-S08,71.12,66.11,False,59.8,64.92,66.58,67.72,61.94,Teaching incorporates both fundamentals and modern practical tools.
TS300-SEM1-09,TS300,1,6,TS300-S09,87.82,60.64,True,69.98,88.0,73.36,72.19,89.1,Career guidance is helpful from the beginning.
TS300-SEM1-10,TS300,1,6,TS300-S10,69.77,48.92,False,57.76,74.69,69.26,65.71,56.24,"Strictness is moderate, allowing good learning freedom."
TS300-SEM1-11,TS300,1,6,TS300-S11,84.16,76.65,True,69.54,95.98,81.35,72.87,86.66,Good focus on practical sessions and mentoring.
TS300-SEM1-12,TS300,1,6,TS300-S12,69.03,52.4,False,65.61,60.88,63.12,68.51,63.87,Good focus on practical sessions and mentoring.
TS300-SEM1-13,TS300,1,6,TS300-S13,63.71,57.91,False,56.64,69.4,65.68,71.2,61.88,"Campus has trees and nature, very peaceful."
TS300-SEM1-14,TS300,1,6,TS300-S14,70.54,58.08,False,54.34,72.52,71.08,66.64,66.13,"Campus has trees and nature, very peaceful."
TS301-SEM1-01,TS301,1,6,TS301-S01,62.69,46.98,False,46.78,52.12,43.55,29.99,33.04,"Campus has trees and nature, very peaceful."
TS301-SEM1-02,TS301,1,6,TS301-S02,67.07,56.44,False,33.59,42.69,44.13,50.11,34.95,Career guidance is helpful from the beginning.
TS301-SEM1-03,TS301,1,6,TS301-S03,73.2,69.41,False,45.03,28.65,44.92,41.51,38.41,"Strictness is moderate, allowing good learning freedom."
TS301-SEM1-04,TS301,1,6,TS301-S04,72.36,79.13,False,33.55,30.93,38.79,38.89,38.36,"Strictness is moderate, allowing good learning freedom."
TS301-SEM1-05,TS301,1,6,TS301-S05,69.26,72.06,False,38.88,37.76,36.25,51.56,36.66,"Campus has trees and nature, very peaceful."
TS301-SEM1-06,TS301,1,6,TS301-S06,81.82,55.78,True,49.52,63.08,55.5,52.73,51.27,"Campus has trees and nature, very peaceful."
TS301-SEM1-07,TS301,1,6,TS301-S07,83.44,82.38,True,53.87,55.94,40.04,54.51,60.02,Career guidance is helpful from the beginning.
TS301-SEM1-08,TS301,1,6,TS301-S08,68.62,40.08,False,40.9,29.46,34.96,42.86,43.49,"Campus has trees and nature, very peaceful."
TS301-SEM1-09,TS301,1,6,TS301-S09,70.69,73.85,False,42.88,27.54,40.13,47.11,34.09,Good focus on practical sessions and mentoring.
TS301-SEM1-10,TS301,1,6,TS301-S10,76.91,57.9,True,55.47,46.54,53.36,34.67,49.47,Teaching incorporates both fundamentals and modern practical tools.
TS301-SEM1-11,TS301,1,6,TS301-S11,69.22,73.73,False,30.22,38.25,44.49,42.12,36.4,Good focus on practical sessions and mentoring.
TS301-SEM1-12,TS301,1,6,TS301-S12,68.28,59.53,False,44.75,33.02,32.1,43.43,44.38,Good focus on practical sessions and mentoring.
TS301-SEM1-13,TS301,1,6,TS301-S13,65.69,75.61,False,42.02,29.28,39.38,36.15,37.74,Excellent labs and digital board infrastructure.
TS301-SEM1-14,TS301,1,6,TS301-S14,70.91,73.06,False,43.99,26.16,35.8,44.32,34.32,Teaching incorporates both fundamentals and modern practical tools.
TS302-SEM1-01,TS302,1,6,TS302-S01,73.85,50.06,False,47.23,41.8,56.16,59.22,58.07,Good focus on practical sessions and mentoring.
TS302-SEM1-02,TS302,1,6,TS302-S02,74.55,48.95,False,53.57,70.58,56.71,62.01,56.5,Teaching incorporates both fundamentals and modern practical tools.
TS302-SEM1-03,TS302,1,6,TS302-S03,76.56,66.31,True,60.38,81.26,57.24,66.27,71.03,Good focus on practical sessions and mentoring.
TS302-SEM1-04,TS302,1,6,TS302-S04,68.25,52.25,False,58.57,65.55,58.76,55.66,59.68,Career guidance is helpful from the beginning.
TS302-SEM1-05,TS302,1,6,TS302-S05,69.47,61.58,False,54.05,78.91,55.07,62.38,44.77,Career guidance is helpful from the beginning.
TS302-SEM1-06,TS302,1,6,TS302-S06,66.25,58.91,False,54.49,56.95,58.77,53.26,59.71,"Campus has trees and nature, very peaceful."
TS302-SEM1-07,TS302,1,6,TS302-S07,66.0,69.44,False,59.34,51.56,57.44,57.38,61.65,Career guidance is helpful from the beginning.
TS302-SEM1-08,TS302,1,6,TS302-S08,69.78,98.24,False,59.88,61.89,63.69,47.08,59.13,Teaching incorporates both fundamentals and modern practical tools.
TS302-SEM1-09,TS302,1,6,TS302-S09,64.06,70.7,False,51.72,52.75,68.13,56.8,45.62,Excellent labs and digital board infrastructure.
TS302-SEM1-10,TS302,1,6,TS302-S10,77.85,49.79,False,63.44,59.01,52.9,62.32,55.88,"Campus has trees and nature, very peaceful."
TS302-SEM1-11,TS302,1,6,TS302-S11,59.26,61.37,False,57.06,61.07,58.35,61.86,56.12,Good focus on practical sessions and mentoring.
TS302-SEM1-12,TS302,1,6,TS302-S12,72.19,59.64,False,56.16,54.31,54.16,50.65,52.77,Career guidance is helpful from the beginning.
TS302-SEM1-13,TS302,1,6,TS302-S13,66.85,60.41,False,63.25,57.49,59.96,56.02,59.8,"Campus has trees and nature, very peaceful."
TS302-SEM1-14,TS302,1,6,TS302-S14,81.95,57.3,True,81.82,59.86,71.17,53.95,71.42,Career guidance is helpful from the beginning.
TS303-SEM1-01,TS303,1,6,TS303-S01,70.35,74.02,False,25.88,33.1,31.73,45.97,41.15,"Campus has trees and nature, very peaceful."
TS303-SEM1-02,TS303,1,6,TS303-S02,74.16,67.77,False,31.03,44.4,37.36,44.37,37.73,Teaching incorporates both fundamentals and modern practical tools.
TS303-SEM1-03,TS303,1,6,TS303-S03,70.25,70.2,False,36.24,43.64,50.68,47.0,31.48,Teaching incorporates both fundamentals and modern practical tools.
TS303-SEM1-04,TS303,1,6,TS303-S04,69.12,70.73,False,43.48,41.16,33.59,38.31,36.13,Good focus on practical sessions and mentoring.
TS303-SEM1-05,TS303,1,6,TS303-S05,75.48,72.05,True,56.45,62.86,36.25,50.98,57.01,"Strictness is moderate, allowing good learning freedom."
TS303-SEM1-06,TS303,1,6,TS303-S06,63.53,57.01,False,40.58,37.27,39.4,45.34,29.37,"Campus has trees and nature, very peaceful."
TS303-SEM1-07,TS303,1,6,TS303-S07,65.6,66.68,False,42.92,44.64,48.03,46.53,44.46,"Strictness is moderate, allowing good learning freedom."
TS303-SEM1-08,TS303,1,6,TS303-S08,72.39,64.53,False,39.64,36.42,37.34,38.61,32.44,"Strictness is moderate, allowing good learning freedom."
TS303-SEM1-09,TS303,1,6,TS303-S09,84.42,80.21,True,48.7,34.27,43.25,46.16,51.02,Excellent labs and digital board infrastructure.
TS303-SEM1-10,TS303,1,6,TS303-S10,68.58,64.15,False,41.87,35.63,48.41,46.09,39.66,Teaching incorporates both fundamentals and modern practical tools.
TS303-SEM1-11,TS303,1,6,TS303-S11,69.36,67.46,False,39.94,53.19,44.49,49.13,32.58,Good focus on practical sessions and mentoring.
TS303-SEM1-12,TS303,1,6,TS303-S12,79.18,49.24,False,33.78,43.7,35.46,38.47,30.61,"Campus has trees and nature, very peaceful."
TS303-SEM1-13,TS303,1,6,TS303-S13,74.27,60.41,False,43.0,56.49,42.57,40.94,37.06,Good focus on practical sessions and mentoring.
TS303-SEM1-14,TS303,1,6,TS303-S14,66.63,61.36,False,52.0,39.82,42.74,43.04,33.17,Teaching incorporates both fundamentals and modern practical tools.
TS304-SEM1-01,TS304,1,6,TS304-S01,79.94,72.42,True,73.63,67.61,71.27,70.47,78.45,"Strictness is moderate, allowing good learning freedom."
TS304-SEM1-02,TS304,1,6,TS304-S02,55.22,56.61,False,61.48,80.47,65.09,68.1,54.9,Good focus on practical sessions and mentoring.
TS304-SEM1-03,TS304,1,6,TS304-S03,82.32,53.87,True,70.63,77.99,71.79,71.48,82.12,"Campus has trees and nature, very peaceful."
TS304-SEM1-04,TS304,1,6,TS304-S04,79.97,60.14,False,58.6,62.25,59.6,51.69,49.72,Career guidance is helpful from the beginning.
TS304-SEM1-05,TS304,1,6,TS304-S05,70.67,51.3,False,60.37,56.36,61.54,63.96,63.91,Excellent labs and digital board infrastructure.
TS304-SEM1-06,TS304,1,6,TS304-S06,73.41,77.65,False,61.69,45.18,59.85,68.54,60.28,Teaching incorporates both fundamentals and modern practical tools.
TS304-SEM1-07,TS304,1,6,TS304-S07,68.48,54.04,False,57.42,59.3,64.83,61.27,60.3,"Strictness is moderate, allowing good learning freedom."
TS304-SEM1-08,TS304,1,6,TS304-S08,73.42,60.9,False,56.93,65.83,71.69,65.16,55.93,"Campus has trees and nature, very peaceful."
TS304-SEM1-09,TS304,1,6,TS304-S09,74.8,50.29,False,53.41,55.27,66.62,62.57,58.98,"Campus has trees and nature, very peaceful."
TS304-SEM1-10,TS304,1,6,TS304-S10,59.94,68.17,False,69.72,53.18,67.29,66.61,59.6,Good focus on practical sessions and mentoring.
TS304-SEM1-11,TS304,1,6,TS304-S11,70.52,58.96,False,56.07,51.71,70.57,57.78,58.98,Teaching incorporates both fundamentals and modern practical tools.
TS304-SEM1-12,TS304,1,6,TS304-S12,71.62,61.53,False,65.06,57.49,68.34,79.77,58.31,Career guidance is helpful from the beginning.
TS304-SEM1-13,TS304,1,6,TS304-S13,59.81,60.57,False,59.63,63.67,55.1,69.8,56.97,Career guidance is helpful from the beginning.
TS304-SEM1-14,TS304,1,6,TS304-S14,76.82,56.82,True,66.01,70.6,67.21,71.93,90.67,Excellent labs and digital board infrastructure.
TS305-SEM1-01,TS305,1,6,TS305-S01,71.07,73.12,False,63.68,48.44,64.51,61.2,50.42,"Strictness is moderate, allowing good learning freedom."
TS305-SEM1-02,TS305,1,6,TS305-S02,82.2,57.9,True,62.46,68.49,64.88,66.28,75.57,Excellent labs and digital board infrastructure.
TS305-SEM1-03,TS305,1,6,TS305-S03,67.52,66.98,False,52.48,68.14,52.3,66.84,62.43,Good focus on practical sessions and mentoring.
TS305-SEM1-04,TS305,1,6,TS305-S04,63.35,52.99,False,64.82,57.12,56.89,61.41,58.59,Teaching incorporates both fundamentals and modern practical tools.
TS305-SEM1-05,TS305,1,6,TS305-S05,62.32,74.37,False,43.46,45.66,50.89,62.64,46.75,Career guidance is helpful from the beginning.
TS305-SEM1-06,TS305,1,6,TS305-S06,67.36,52.72,False,46.86,50.73,57.49,59.59,36.99,Teaching incorporates both fundamentals and modern practical tools.
TS305-SEM1-07,TS305,1,6,TS305-S07,71.78,69.49,False,50.65,48.11,60.05,55.17,48.71,Good focus on practical sessions and mentoring.
TS305-SEM1-08,TS305,1,6,TS305-S08,71.87,72.79,False,55.79,60.1,60.97,56.46,58.22,Teaching incorporates both fundamentals and modern practical tools.
TS305-SEM1-09,TS305,1,6,TS305-S09,53.61,76.28,False,47.27,61.23,63.56,66.77,52.18,Teaching incorporates both fundamentals and modern practical tools.
TS305-SEM1-10,TS305,1,6,TS305-S10,77.2,47.2,False,44.34,60.36,55.33,61.53,56.51,Teaching incorporates both fundamentals and modern practical tools.
TS305-SEM1-11,TS305,1,6,TS305-S11,78.91,52.79,True,56.93,55.48,58.86,70.09,65.05,Good focus on practical sessions and mentoring.
TS305-SEM1-12,TS305,1,6,TS305-S12,74.71,61.85,False,59.0,62.56,51.13,68.81,46.01,Good focus on practical sessions and mentoring.
TS305-SEM1-13,TS305,1,6,TS305-S13,74.47,57.08,False,60.26,64.04,52.86,61.09,66.67,Good focus on practical sessions and mentoring.
TS305-SEM1-14,TS305,1,6,TS305-S14,64.43,54.8,False,48.29,48.92,51.05,62.75,52.7,Career guidance is helpful from the beginning.
TS306-SEM1-01,TS306,1,6,TS306-S01,76.44,57.29,True,83.28,70.73,80.98,68.05,78.0,"Campus has trees and nature, very peaceful."
TS306-SEM1-02,TS306,1,6,TS306-S02,75.58,66.94,True,80.57,76.75,68.4,77.85,81.98,"Strictness is moderate, allowing good learning freedom."
TS306-SEM1-03,TS306,1,6,TS306-S03,75.04,61.35,True,70.84,81.65,79.06,85.96,75.46,"Strictness is moderate, allowing good learning freedom."
TS306-SEM1-04,TS306,1,6,TS306-S04,72.73,55.08,False,65.13,88.88,73.37,68.5,61.58,"Strictness is moderate, allowing good learning freedom."
TS306-SEM1-05,TS306,1,6,TS306-S05,69.83,63.24,False,55.7,68.22,58.26,63.0,72.86,Teaching incorporates both fundamentals and modern practical tools.
TS306-SEM1-06,TS306,1,6,TS306-S06,69.84,76.26,False,59.99,48.82,63.59,89.16,55.79,Excellent labs and digital board infrastructure.
TS306-SEM1-07,TS306,1,6,TS306-S07,82.66,65.45,True,74.36,68.42,78.67,87.95,81.83,Excellent labs and digital board infrastructure.
TS306-SEM1-08,TS306,1,6,TS306-S08,76.44,57.74,True,80.28,91.89,71.02,79.77,86.2,"Campus has trees and nature, very peaceful."
TS306-SEM1-09,TS306,1,6,TS306-S09,72.85,67.18,False,58.98,62.38,64.47,72.52,61.9,Teaching incorporates both fundamentals and modern practical tools.
TS306-SEM1-10,TS306,1,6,TS306-S10,68.83,68.32,False,58.46,48.44,65.99,85.95,65.4,Teaching incorporates both fundamentals and modern practical tools.
TS306-SEM1-11,TS306,1,6,TS306-S11,66.92,66.45,False,64.04,68.73,73.25,74.2,63.45,Teaching incorporates both fundamentals and modern practical tools.
TS306-SEM1-12,TS306,1,6,TS306-S12,80.92,67.4,True,79.1,71.1,69.62,84.06,87.23,Good focus on practical sessions and mentoring.
TS306-SEM1-13,TS306,1,6,TS306-S13,74.57,67.66,False,59.52,60.86,62.44,71.54,67.76,"Strictness is moderate, allowing good learning freedom."
TS306-SEM1-14,TS306,1,6,TS306-S14,67.82,61.25,False,69.06,75.29,60.61,70.18,59.16,Career guidance is helpful from the beginning.
TS307-SEM1-01,TS307,1,6,TS307-S01,75.52,58.01,True,71.99,60.51,57.99,55.18,66.25,Good focus on practical sessions and mentoring.
TS307-SEM1-02,TS307,1,6,TS307-S02,62.75,57.56,False,52.38,68.78,51.22,53.28,48.76,Teaching incorporates both fundamentals and modern practical tools.
TS307-SEM1-03,TS307,1,6,TS307-S03,78.96,55.81,True,72.27,74.3,68.0,56.83,68.79,"Campus has trees and nature, very peaceful."
TS307-SEM1-04,TS307,1,6,TS307-S04,69.48,39.77,False,51.4,51.46,58.68,53.86,42.55,Teaching incorporates both fundamentals and modern practical tools.
TS307-SEM1-05,TS307,1,6,TS307-S05,86.03,65.88,True,57.0,45.32,64.68,52.53,61.66,Teaching incorporates both fundamentals and modern practical tools.
TS307-SEM1-06,TS307,1,6,TS307-S06,68.14,58.99,False,53.32,39.59,48.51,51.48,44.89,Career guidance is helpful from the beginning.
TS307-SEM1-07,TS307,1,6,TS307-S07,75.49,57.03,True,65.11,72.55,63.45,59.16,62.1,Teaching incorporates both fundamentals and modern practical tools.
TS307-SEM1-08,TS307,1,6,TS307-S08,79.0,64.16,True,51.2,63.86,68.4,50.25,61.16,Good focus on practical sessions and mentoring.
TS307-SEM1-09,TS307,1,6,TS307-S09,70.1,73.01,False,38.84,47.54,48.83,52.06,47.15,Excellent labs and digital board infrastructure.
TS307-SEM1-10,TS307,1,6,TS307-S10,69.92,60.2,False,54.57,61.72,58.98,52.14,54.78,Career guidance is helpful from the beginning.
TS307-SEM1-11,TS307,1,6,TS307-S11,66.41,65.88,False,63.95,38.05,51.19,42.47,49.31,"Strictness is moderate, allowing good learning freedom."
TS307-SEM1-12,TS307,1,6,TS307-S12,80.63,67.38,True,67.14,60.43,61.83,59.4,74.63,Career guidance is helpful from the beginning.
TS307-SEM1-13,TS307,1,6,TS307-S13,74.7,64.18,False,62.07,37.1,53.4,44.24,46.67,Career guidance is helpful from the beginning.
TS307-SEM1-14,TS307,1,6,TS307-S14,75.62,71.81,True,67.88,55.56,54.46,56.11,64.77,Teaching incorporates both fundamentals and modern practical tools.
TS308-SEM1-01,TS308,1,6,TS308-S01,69.27,71.99,False,59.01,43.57,72.11,79.58,59.84,Career guidance is helpful from the beginning.
TS308-SEM1-02,TS308,1,6,TS308-S02,72.05,65.03,False,60.95,66.24,61.64,77.3,54.5,"Strictness is moderate, allowing good learning freedom."
TS308-SEM1-03,TS308,1,6,TS308-S03,65.15,64.7,False,66.78,62.18,61.79,66.66,52.32,Career guidance is helpful from the beginning.
TS308-SEM1-04,TS308,1,6,TS308-S04,64.33,71.74,False,50.49,72.22,63.58,80.47,64.74,Good focus on practical sessions and mentoring.
TS308-SEM1-05,TS308,1,6,TS308-S05,71.82,73.34,False,70.2,79.32,61.54,65.02,58.28,"Campus has trees and nature, very peaceful."
TS308-SEM1-06,TS308,1,6,TS308-S06,73.07,42.47,False,61.27,47.97,72.63,79.7,54.81,Good focus on practical sessions and mentoring.
TS308-SEM1-07,TS308,1,6,TS308-S07,72.76,64.5,False,63.8,69.1,69.63,69.23,58.26,Good focus on practical sessions and mentoring.
TS308-SEM1-08,TS308,1,6,TS308-S08,82.72,58.48,True,68.93,95.8,73.33,76.28,82.36,"Campus has trees and nature, very peaceful."
TS308-SEM1-09,TS308,1,6,TS308-S09,65.56,68.84,False,67.08,84.76,66.02,77.13,48.77,"Campus has trees and nature, very peaceful."
TS308-SEM1-10,TS308,1,6,TS308-S10,69.26,54.86,False,59.82,64.39,68.84,73.48,61.28,Career guidance is helpful from the beginning.
TS308-SEM1-11,TS308,1,6,TS308-S11,71.31,55.77,False,56.62,70.41,71.76,72.45,59.14,Good focus on practical sessions and mentoring.
TS308-SEM1-12,TS308,1,6,TS308-S12,74.9,61.8,False,50.34,72.38,57.37,67.88,52.38,Teaching incorporates both fundamentals and modern practical tools.
TS308-SEM1-13,TS308,1,6,TS308-S13,71.03,52.36,False,52.29,71.59,64.77,81.38,55.26,Excellent labs and digital board infrastructure.
TS308-SEM1-14,TS308,1,6,TS308-S14,71.62,70.0,False,53.02,63.26,69.87,76.95,58.15,Excellent labs and digital board infrastructure.
TS309-SEM1-01,TS309,1,6,TS309-S01,63.76,52.17,False,58.67,60.74,65.32,58.16,57.9,Excellent labs and digital board infrastructure.
TS309-SEM1-02,TS309,1,6,TS309-S02,64.41,53.22,False,46.62,69.71,71.69,57.42,57.41,Good focus on practical sessions and mentoring.
TS309-SEM1-03,TS309,1,6,TS309-S03,68.81,59.83,False,65.72,65.89,65.27,64.15,61.58,"Strictness is moderate, allowing good learning freedom."
TS309-SEM1-04,TS309,1,6,TS309-S04,72.19,63.06,False,55.76,69.16,60.01,58.44,61.27,"Campus has trees and nature, very peaceful."
TS309-SEM1-05,TS309,1,6,TS309-S05,61.88,43.43,False,57.81,70.52,63.51,49.08,60.57,Career guidance is helpful from the beginning.
TS309-SEM1-06,TS309,1,6,TS309-S06,83.45,53.31,True,72.23,74.16,75.09,65.04,72.62,Career guidance is helpful from the beginning.
TS309-SEM1-07,TS309,1,6,TS309-S07,68.46,46.72,False,66.29,70.19,61.62,57.0,55.54,Excellent labs and digital board infrastructure.
TS309-SEM1-08,TS309,1,6,TS309-S08,61.41,47.79,False,56.85,63.4,62.01,66.53,54.64,Career guidance is helpful from the beginning.
TS309-SEM1-09,TS309,1,6,TS309-S09,67.42,62.53,False,49.69,66.41,58.45,57.69,55.17,Teaching incorporates both fundamentals and modern practical tools.
TS309-SEM1-10,TS309,1,6,TS309-S10,71.15,68.27,False,62.48,81.43,65.55,54.87,52.91,Teaching incorporates both fundamentals and modern practical tools.
TS309-SEM1-11,TS309,1,6,TS309-S11,74.08,76.61,False,63.21,59.47,64.34,57.68,61.32,"Campus has trees and nature, very peaceful."
TS309-SEM1-12,TS309,1,6,TS309-S12,73.81,64.64,False,50.99,71.5,55.12,56.88,53.32,Career guidance is helpful from the beginning.
TS309-SEM1-13,TS309,1,6,TS309-S13,68.34,67.83,False,58.06,46.02,61.09,54.01,62.36,Good focus on practical sessions and mentoring.
TS309-SEM1-14,TS309,1,6,TS309-S14,64.55,81.17,False,63.22,62.94,59.98,52.51,57.67,Career guidance is helpful from the beginning.
TS310-SEM1-01,TS310,1,6,TS310-S01,71.29,59.27,False,54.78,61.85,66.81,50.93,57.56,Good focus on practical sessions and mentoring.
TS310-SEM1-02,TS310,1,6,TS310-S02,77.79,57.87,True,67.83,86.84,77.4,64.89,80.83,"Strictness is moderate, allowing good learning freedom."
TS310-SEM1-03,TS310,1,6,TS310-S03,68.84,60.44,False,52.57,46.09,60.03,57.11,59.06,Excellent labs and digital board infrastructure.
TS310-SEM1-04,TS310,1,6,TS310-S04,75.93,60.77,True,68.98,83.57,73.08,75.19,83.82,Good focus on practical sessions and mentoring.
TS310-SEM1-05,TS310,1,6,TS310-S05,68.06,70.2,False,53.52,69.1,67.07,46.97,58.95,"Strictness is moderate, allowing good learning freedom."
TS310-SEM1-06,TS310,1,6,TS310-S06,66.86,58.6,False,54.97,68.1,59.51,51.98,52.89,Excellent labs and digital board infrastructure.
TS310-SEM1-07,TS310,1,6,TS310-S07,70.71,66.1,False,66.11,64.95,65.85,64.09,61.02,Teaching incorporates both fundamentals and modern practical tools.
TS310-SEM1-08,TS310,1,6,TS310-S08,78.2,87.05,True,74.65,67.12,71.48,73.58,68.84,Career guidance is helpful from the beginning.
TS310-SEM1-09,TS310,1,6,TS310-S09,79.55,57.73,True,76.06,66.62,72.23,59.74,79.31,"Strictness is moderate, allowing good learning freedom."
TS310-SEM1-10,TS310,1,6,TS310-S10,73.18,61.96,False,60.58,60.68,65.14,58.41,55.48,"Campus has trees and nature, very peaceful."
TS310-SEM1-11,TS310,1,6,TS310-S11,61.39,75.65,False,51.95,73.76,61.72,66.96,62.14,Career guidance is helpful from the beginning.
TS310-SEM1-12,TS310,1,6,TS310-S12,77.77,62.46,True,71.84,68.32,69.42,59.29,73.5,Excellent labs and digital board infrastructure.
TS310-SEM1-13,TS310,1,6,TS310-S13,54.46,59.0,False,59.69,54.58,61.58,60.63,62.0,Career guidance is helpful from the beginning.
TS310-SEM1-14,TS310,1,6,TS310-S14,78.33,65.05,True,75.06,85.24,72.44,68.22,80.3,"Campus has trees and nature, very peaceful."
TS311-SEM1-01,TS311,1,6,TS311-S01,70.41,65.13,False,48.57,51.09,53.29,54.14,54.74,Excellent labs and digital board infrastructure.
TS311-SEM1-02,TS311,1,6,TS311-S02,73.78,54.99,False,60.01,62.53,57.21,54.8,60.03,Excellent labs and digital board infrastructure.
TS311-SEM1-03,TS311,1,6,TS311-S03,81.64,46.85,False,60.39,67.81,60.5,53.54,49.49,"Campus has trees and nature, very peaceful."
TS311-SEM1-04,TS311,1,6,TS311-S04,82.26,70.35,True,81.22,55.96,63.77,64.49,68.16,Career guidance is helpful from the beginning.
TS311-SEM1-05,TS311,1,6,TS311-S05,60.96,72.04,False,48.71,47.87,55.42,54.96,50.61,"Campus has trees and nature, very peaceful."
TS311-SEM1-06,TS311,1,6,TS311-S06,77.78,73.69,True,63.63,63.0,59.75,63.18,64.49,Good focus on practical sessions and mentoring.
TS311-SEM1-07,TS311,1,6,TS311-S07,84.76,63.28,True,71.45,54.17,60.66,65.89,69.9,Teaching incorporates both fundamentals and modern practical tools.
TS311-SEM1-08,TS311,1,6,TS311-S08,78.29,34.7,False,58.13,49.68,51.37,46.01,48.44,"Campus has trees and nature, very peaceful."
TS311-SEM1-09,TS311,1,6,TS311-S09,81.54,71.69,True,66.54,64.88,56.32,53.87,68.49,Excellent labs and digital board infrastructure.
TS311-SEM1-10,TS311,1,6,TS311-S10,63.74,53.43,False,53.48,64.2,57.27,48.18,42.11,Good focus on practical sessions and mentoring.
TS311-SEM1-11,TS311,1,6,TS311-S11,72.72,55.71,False,53.92,52.39,56.87,63.55,56.49,Teaching incorporates both fundamentals and modern practical tools.
TS311-SEM1-12,TS311,1,6,TS311-S12,74.21,53.05,False,49.91,60.13,63.73,48.7,58.86,"Campus has trees and nature, very peaceful."
TS311-SEM1-13,TS311,1,6,TS311-S13,67.32,68.69,False,70.03,41.31,59.75,54.46,53.46,Teaching incorporates both fundamentals and modern practical tools.
TS311-SEM1-14,TS311,1,6,TS311-S14,68.29,37.21,False,48.7,56.8,63.97,58.78,58.58,Career guidance is helpful from the beginning.
TS312-SEM1-01,TS312,1,6,TS312-S01,75.1,56.93,True,74.5,71.38,65.28,76.37,71.68,Excellent labs and digital board infrastructure.
TS312-SEM1-02,TS312,1,6,TS312-S02,68.25,52.06,False,51.49,62.25,59.42,64.34,47.16,"Campus has trees and nature, very peaceful."
TS312-SEM1-03,TS312,1,6,TS312-S03,70.26,55.57,False,57.66,73.76,66.76,71.5,48.61,Excellent labs and digital board infrastructure.
TS312-SEM1-04,TS312,1,6,TS312-S04,58.96,46.81,False,53.04,58.0,56.97,67.81,51.23,Good focus on practical sessions and mentoring.
TS312-SEM1-05,TS312,1,6,TS312-S05,73.67,55.91,False,51.48,84.53,59.89,68.29,58.27,Good focus on practical sessions and mentoring.
TS312-SEM1-06,TS312,1,6,TS312-S06,77.26,58.34,True,67.36,89.0,60.88,72.77,73.16,Teaching incorporates both fundamentals and modern practical tools.
TS312-SEM1-07,TS312,1,6,TS312-S07,74.16,53.56,False,46.16,74.55,59.02,65.27,62.32,Good focus on practical sessions and mentoring.
TS312-SEM1-08,TS312,1,6,TS312-S08,70.24,56.83,False,45.25,62.2,64.43,63.26,57.19,"Strictness is moderate, allowing good learning freedom."
TS312-SEM1-09,TS312,1,6,TS312-S09,64.24,53.31,False,50.68,74.68,58.99,60.95,57.62,Good focus on practical sessions and mentoring.
TS312-SEM1-10,TS312,1,6,TS312-S10,74.97,65.4,False,57.82,64.03,66.34,67.01,55.39,"Campus has trees and nature, very peaceful."
TS312-SEM1-11,TS312,1,6,TS312-S11,74.3,52.55,False,67.43,70.65,60.22,65.14,59.8,Excellent labs and digital board infrastructure.
TS312-SEM1-12,TS312,1,6,TS312-S12,79.15,63.58,True,69.06,80.35,64.79,68.71,64.28,"Strictness is moderate, allowing good learning freedom."
TS312-SEM1-13,TS312,1,6,TS312-S13,80.83,69.42,False,52.15,73.75,61.07,65.21,56.0,Teaching incorporates both fundamentals and modern practical tools.
TS312-SEM1-14,TS312,1,6,TS312-S14,75.07,68.87,True,72.64,90.29,68.53,87.86,71.15,Good focus on practical sessions and mentoring.
TS313-SEM1-01,TS313,1,6,TS313-S01,70.4,47.78,False,59.17,72.88,66.98,69.63,64.0,Excellent labs and digital board infrastructure.
TS313-SEM1-02,TS313,1,6,TS313-S02,69.52,44.5,False,58.38,60.42,66.73,73.54,64.61,Career guidance is helpful from the beginning.
TS313-SEM1-03,TS313,1,6,TS313-S03,79.12,47.93,False,68.2,64.58,80.24,72.37,61.56,"Campus has trees and nature, very peaceful."
TS313-SEM1-04,TS313,1,6,TS313-S04,73.65,63.97,False,64.09,75.63,77.92,78.51,63.62,Good focus on practical sessions and mentoring.
TS313-SEM1-05,TS313,1,6,TS313-S05,82.66,66.82,True,80.7,79.14,74.66,81.89,72.97,Good focus on practical sessions and mentoring.
TS313-SEM1-06,TS313,1,6,TS313-S06,81.62,68.12,True,83.97,84.42,84.69,90.35,91.83,Good focus on practical sessions and mentoring.
TS313-SEM1-07,TS313,1,6,TS313-S07,70.33,67.41,False,63.48,78.7,59.56,65.35,62.2,Excellent labs and digital board infrastructure.
TS313-SEM1-08,TS313,1,6,TS313-S08,71.64,63.63,False,74.01,65.67,63.9,70.68,61.34,"Campus has trees and nature, very peaceful."
TS313-SEM1-09,TS313,1,6,TS313-S09,75.32,77.25,True,86.9,76.32,76.56,82.55,78.51,"Strictness is moderate, allowing good learning freedom."
TS313-SEM1-10,TS313,1,6,TS313-S10,67.94,65.74,False,58.18,79.62,68.36,76.24,65.4,"Strictness is moderate, allowing good learning freedom."
TS313-SEM1-11,TS313,1,6,TS313-S11,79.53,40.72,False,73.93,80.78,71.77,76.13,67.35,"Campus has trees and nature, very peaceful."
TS313-SEM1-12,TS313,1,6,TS313-S12,66.59,62.54,False,71.71,56.57,72.72,73.52,67.5,Excellent labs and digital board infrastructure.
TS313-SEM1-13,TS313,1,6,TS313-S13,64.37,54.56,False,57.99,59.62,74.52,69.47,61.05,Teaching incorporates both fundamentals and modern practical tools.
TS313-SEM1-14,TS313,1,6,TS313-S14,78.54,58.57,True,74.07,78.11,72.84,83.29,81.33,"Strictness is moderate, allowing good learning freedom."
TS314-SEM1-01,TS314,1,6,TS314-S01,71.46,50.17,False,66.36,63.77,61.97,52.1,73.35,"Strictness is moderate, allowing good learning freedom."
TS314-SEM1-02,TS314,1,6,TS314-S02,76.99,67.59,True,81.15,65.35,75.01,70.31,73.87,"Campus has trees and nature, very peaceful."
TS314-SEM1-03,TS314,1,6,TS314-S03,71.37,57.87,False,58.43,59.46,58.48,68.23,68.82,Excellent labs and digital board infrastructure.
TS314-SEM1-04,TS314,1,6,TS314-S04,66.44,73.1,False,62.82,63.69,60.53,58.5,63.67,Excellent labs and digital board infrastructure.
TS314-SEM1-05,TS314,1,6,TS314-S05,66.15,54.58,False,59.96,36.51,68.65,65.67,62.83,Good focus on practical sessions and mentoring.
TS314-SEM1-06,TS314,1,6,TS314-S06,77.66,57.56,True,71.94,71.98,72.39,69.97,77.81,Excellent labs and digital board infrastructure.
TS314-SEM1-07,TS314,1,6,TS314-S07,71.38,55.22,False,60.38,45.9,71.02,55.72,58.56,Good focus on practical sessions and mentoring.
TS314-SEM1-08,TS314,1,6,TS314-S08,65.64,67.7,False,59.75,44.23,68.41,57.37,60.89,Career guidance is helpful from the beginning.
TS314-SEM1-09,TS314,1,6,TS314-S09,76.99,52.12,True,72.38,81.67,74.4,68.71,72.81,Excellent labs and digital board infrastructure.
TS314-SEM1-10,TS314,1,6,TS314-S10,76.5,70.77,True,77.93,78.48,85.1,71.2,79.01,"Campus has trees and nature, very peaceful."
TS314-SEM1-11,TS314,1,6,TS314-S11,71.07,61.04,False,67.61,56.72,71.67,52.6,64.34,Good focus on practical sessions and mentoring.
TS314-SEM1-12,TS314,1,6,TS314-S12,77.67,70.06,True,79.38,70.57,68.38,70.35,79.35,Career guidance is helpful from the beginning.
TS314-SEM1-13,TS314,1,6,TS314-S13,77.54,60.59,True,78.73,78.35,78.75,63.13,82.52,Teaching incorporates both fundamentals and modern practical tools.
TS314-SEM1-14,TS314,1,6,TS314-S14,70.92,68.43,False,71.88,46.9,73.08,61.14,56.73,Teaching incorporates both fundamentals and modern practical tools.
TS315-SEM1-01,TS315,1,6,TS315-S01,86.1,87.56,True,91.69,86.56,85.46,77.51,94.05,Teaching incorporates both fundamentals and modern practical tools.
TS315-SEM1-02,TS315,1,6,TS315-S02,76.29,87.54,True,90.23,100.0,86.27,75.65,88.96,Good focus on practical sessions and mentoring.
TS315-SEM1-03,TS315,1,6,TS315-S03,70.66,74.09,False,67.48,81.53,69.9,71.85,70.52,Excellent labs and digital board infrastructure.
TS315-SEM1-04,TS315,1,6,TS315-S04,89.05,75.03,True,81.95,91.87,82.72,81.55,92.57,Good focus on practical sessions and mentoring.
TS315-SEM1-05,TS315,1,6,TS315-S05,76.66,54.24,True,82.47,94.93,74.76,86.75,88.02,Teaching incorporates both fundamentals and modern practical tools.
TS315-SEM1-06,TS315,1,6,TS315-S06,83.94,85.44,True,84.32,90.03,80.5,75.49,83.96,Excellent labs and digital board infrastructure.
TS315-SEM1-07,TS315,1,6,TS315-S07,80.45,69.38,True,85.09,84.24,85.28,88.83,74.12,Career guidance is helpful from the beginning.
TS315-SEM1-08,TS315,1,6,TS315-S08,73.4,50.95,False,68.37,73.74,74.77,81.67,67.8,Teaching incorporates both fundamentals and modern practical tools.
TS315-SEM1-09,TS315,1,6,TS315-S09,78.38,74.96,True,75.15,94.09,83.13,92.3,79.83,"Campus has trees and nature, very peaceful."
TS315-SEM1-10,TS315,1,6,TS315-S10,72.31,65.64,False,72.4,83.3,75.44,77.47,72.28,Excellent labs and digital board infrastructure.
TS315-SEM1-11,TS315,1,6,TS315-S11,79.24,85.56,True,77.64,84.4,74.06,77.82,87.97,Good focus on practical sessions and mentoring.
TS315-SEM1-12,TS315,1,6,TS315-S12,71.89,67.2,False,76.33,78.22,77.85,68.85,68.35,Good focus on practical sessions and mentoring.
TS315-SEM1-13,TS315,1,6,TS315-S13,93.32,68.38,True,87.5,79.23,84.6,72.83,73.88,"Campus has trees and nature, very peaceful."
TS315-SEM1-14,TS315,1,6,TS315-S14,83.89,65.2,True,89.27,91.43,74.88,86.73,84.51,"Strictness is moderate, allowing good learning freedom."
TS316-SEM1-01,TS316,1,6,TS316-S01,70.25,81.47,False,45.95,58.63,46.58,49.16,56.53,Good focus on practical sessions and mentoring.
TS316-SEM1-02,TS316,1,6,TS316-S02,76.11,48.0,False,42.3,64.11,52.93,48.97,42.6,"Campus has trees and nature, very peaceful."
TS316-SEM1-03,TS316,1,6,TS316-S03,70.1,76.14,False,44.29,46.48,55.49,44.38,41.82,Teaching incorporates both fundamentals and modern practical tools.
TS316-SEM1-04,TS316,1,6,TS316-S04,72.04,62.31,False,43.64,55.08,53.59,38.78,50.39,Teaching incorporates both fundamentals and modern practical tools.
TS316-SEM1-05,TS316,1,6,TS316-S05,68.58,70.06,False,60.97,50.76,49.27,58.89,42.3,Good focus on practical sessions and mentoring.
TS316-SEM1-06,TS316,1,6,TS316-S06,83.35,57.36,True,76.69,64.2,67.6,57.46,64.0,Excellent labs and digital board infrastructure.
TS316-SEM1-07,TS316,1,6,TS316-S07,54.45,72.12,False,50.8,50.4,55.45,50.85,41.77,"Strictness is moderate, allowing good learning freedom."
TS316-SEM1-08,TS316,1,6,TS316-S08,74.18,60.09,False,52.94,49.05,50.15,47.36,42.07,Good focus on practical sessions and mentoring.
TS316-SEM1-09,TS316,1,6,TS316-S09,68.86,66.32,False,43.99,41.89,56.44,49.79,50.33,Teaching incorporates both fundamentals and modern practical tools.
TS316-SEM1-10,TS316,1,6,TS316-S10,70.68,56.28,False,38.03,42.25,48.13,52.31,45.95,Excellent labs and digital board infrastructure.
TS316-SEM1-11,TS316,1,6,TS316-S11,65.85,34.19,False,51.27,58.31,57.32,44.83,51.63,"Campus has trees and nature, very peaceful."
TS316-SEM1-12,TS316,1,6,TS316-S12,75.4,67.61,True,61.7,75.95,67.88,57.33,65.45,Teaching incorporates both fundamentals and modern practical tools.
TS316-SEM1-13,TS316,1,6,TS316-S13,58.83,74.04,False,52.97,54.05,49.48,51.02,53.82,"Campus has trees and nature, very peaceful."
TS316-SEM1-14,TS316,1,6,TS316-S14,74.17,88.32,False,53.36,43.94,50.44,46.36,50.78,"Strictness is moderate, allowing good learning freedom."
TS317-SEM1-01,TS317,1,6,TS317-S01,63.04,48.76,False,72.32,51.57,58.85,63.47,53.15,"Strictness is moderate, allowing good learning freedom."
TS317-SEM1-02,TS317,1,6,TS317-S02,75.2,68.11,True,72.39,76.89,82.0,64.46,83.66,Career guidance is helpful from the beginning.
TS317-SEM1-03,TS317,1,6,TS317-S03,76.85,60.95,True,78.22,66.77,64.92,78.51,71.85,Excellent labs and digital board infrastructure.
TS317-SEM1-04,TS317,1,6,TS317-S04,65.44,56.84,False,63.78,60.59,62.46,71.79,58.41,Teaching incorporates both fundamentals and modern practical tools.
TS317-SEM1-05,TS317,1,6,TS317-S05,67.21,65.95,False,62.43,64.81,68.29,65.24,64.3,"Campus has trees and nature, very peaceful."
TS317-SEM1-06,TS317,1,6,TS317-S06,63.43,74.41,False,56.6,51.49,62.14,63.97,56.4,"Campus has trees and nature, very peaceful."
TS317-SEM1-07,TS317,1,6,TS317-S07,66.21,72.11,False,56.85,46.52,64.33,78.34,54.76,"Campus has trees and nature, very peaceful."
TS317-SEM1-08,TS317,1,6,TS317-S08,66.6,57.96,False,71.34,61.71,60.96,68.25,61.52,Good focus on practical sessions and mentoring.
TS317-SEM1-09,TS317,1,6,TS317-S09,74.92,51.38,False,58.69,73.59,68.12,70.92,59.81,Good focus on practical sessions and mentoring.
TS317-SEM1-10,TS317,1,6,TS317-S10,78.34,64.93,True,80.55,67.58,80.8,79.12,76.61,"Strictness is moderate, allowing good learning freedom."
TS317-SEM1-11,TS317,1,6,TS317-S11,70.89,63.32,False,61.04,75.14,63.38,57.05,58.78,Career guidance is helpful from the beginning.
TS317-SEM1-12,TS317,1,6,TS317-S12,76.52,72.15,False,58.27,64.23,62.8,52.24,55.82,"Strictness is moderate, allowing good learning freedom."
TS317-SEM1-13,TS317,1,6,TS317-S13,75.06,59.29,True,82.72,66.87,68.75,75.05,74.52,Career guidance is helpful from the beginning.
TS317-SEM1-14,TS317,1,6,TS317-S14,67.7,77.49,False,55.65,58.72,68.27,65.78,53.21,"Strictness is moderate, allowing good learning freedom."
TS318-SEM1-01,TS318,1,6,TS318-S01,77.27,63.34,True,68.8,72.34,66.31,62.75,71.27,"Campus has trees and nature, very peaceful."
TS318-SEM1-02,TS318,1,6,TS318-S02,78.17,36.26,False,65.59,63.89,60.0,66.58,59.98,Good focus on practical sessions and mentoring.
TS318-SEM1-03,TS318,1,6,TS318-S03,72.2,71.49,False,62.28,60.7,55.62,64.27,44.97,"Strictness is moderate, allowing good learning freedom."
TS318-SEM1-04,TS318,1,6,TS318-S04,74.67,57.8,False,53.48,64.54,54.82,65.53,53.47,Excellent labs and digital board infrastructure.
TS318-SEM1-05,TS318,1,6,TS318-S05,70.92,64.84,False,68.11,62.49,67.96,73.23,59.02,"Strictness is moderate, allowing good learning freedom."
TS318-SEM1-06,TS318,1,6,TS318-S06,60.94,59.6,False,50.63,82.21,56.15,55.87,41.32,Excellent labs and digital board infrastructure.
TS318-SEM1-07,TS318,1,6,TS318-S07,65.78,63.23,False,63.7,50.74,67.03,64.47,52.75,"Campus has trees and nature, very peaceful."
TS318-SEM1-08,TS318,1,6,TS318-S08,73.04,76.18,False,57.48,50.43,63.29,67.3,54.22,Good focus on practical sessions and mentoring.
TS318-SEM1-09,TS318,1,6,TS318-S09,78.13,39.11,False,59.32,65.57,53.93,55.95,60.16,"Strictness is moderate, allowing good learning freedom."
TS318-SEM1-10,TS318,1,6,TS318-S10,79.05,75.6,True,72.38,71.97,59.64,72.8,73.87,Excellent labs and digital board infrastructure.
TS318-SEM1-11,TS318,1,6,TS318-S11,76.47,56.28,True,71.66,82.98,71.91,73.52,67.26,Good focus on practical sessions and mentoring.
TS318-SEM1-12,TS318,1,6,TS318-S12,64.08,78.01,False,62.44,57.02,59.09,66.18,48.45,Career guidance is helpful from the beginning.
TS318-SEM1-13,TS318,1,6,TS318-S13,69.19,68.13,False,61.65,56.35,69.17,71.12,51.33,"Campus has trees and nature, very peaceful."
TS318-SEM1-14,TS318,1,6,TS318-S14,64.35,67.95,False,54.47,54.18,62.29,69.17,59.13,"Strictness is moderate, allowing good learning freedom."
TS319-SEM1-01,TS319,1,6,TS319-S01,70.42,61.35,False,46.74,53.17,48.11,53.84,52.12,"Strictness is moderate, allowing good learning freedom."
TS319-SEM1-02,TS319,1,6,TS319-S02,68.81,50.31,False,38.94,54.94,53.95,49.74,47.48,"Campus has trees and nature, very peaceful."
TS319-SEM1-03,TS319,1,6,TS319-S03,68.59,42.1,False,44.02,64.93,52.33,49.83,49.53,Good focus on practical sessions and mentoring.
TS319-SEM1-04,TS319,1,6,TS319-S04,66.96,64.23,False,50.08,44.24,52.83,55.06,43.01,Good focus on practical sessions and mentoring.
TS319-SEM1-05,TS319,1,6,TS319-S05,61.67,63.73,False,43.07,53.15,46.8,47.65,51.14,"Strictness is moderate, allowing good learning freedom."
TS319-SEM1-06,TS319,1,6,TS319-S06,71.83,45.51,False,49.26,51.86,52.07,53.12,42.38,Teaching incorporates both fundamentals and modern practical tools.
TS319-SEM1-07,TS319,1,6,TS319-S07,70.27,51.71,False,48.17,53.04,49.71,51.77,39.83,"Strictness is moderate, allowing good learning freedom."
TS319-SEM1-08,TS319,1,6,TS319-S08,72.76,68.01,False,43.76,40.71,42.53,48.22,53.48,Excellent labs and digital board infrastructure.
TS319-SEM1-09,TS319,1,6,TS319-S09,68.34,66.51,False,32.46,54.69,45.57,44.93,45.4,Career guidance is helpful from the beginning.
TS319-SEM1-10,TS319,1,6,TS319-S10,62.04,93.46,False,43.38,56.56,58.47,49.04,38.87,Excellent labs and digital board infrastructure.
TS319-SEM1-11,TS319,1,6,TS319-S11,72.62,43.62,False,45.02,65.12,43.95,42.34,54.28,Teaching incorporates both fundamentals and modern practical tools.
TS319-SEM1-12,TS319,1,6,TS319-S12,70.95,53.06,False,49.34,47.95,37.43,39.12,55.29,Good focus on practical sessions and mentoring.
TS319-SEM1-13,TS319,1,6,TS319-S13,73.97,76.64,False,40.83,51.26,50.16,44.0,46.06,Excellent labs and digital board infrastructure.
TS319-SEM1-14,TS319,1,6,TS319-S14,65.31,74.09,False,49.81,50.31,51.67,45.47,36.39,"Campus has trees and nature, very peaceful."
TS320-SEM1-01,TS320,1,6,TS320-S01,70.42,62.99,False,51.87,51.59,51.9,60.26,55.63,Excellent labs and digital board infrastructure.
TS320-SEM1-02,TS320,1,6,TS320-S02,85.59,66.58,True,71.02,58.7,65.82,68.73,72.73,Good focus on practical sessions and mentoring.
TS320-SEM1-03,TS320,1,6,TS320-S03,82.0,56.02,True,64.31,57.04,65.3,66.55,70.41,"Strictness is moderate, allowing good learning freedom."
TS320-SEM1-04,TS320,1,6,TS320-S04,72.9,72.06,False,55.06,51.15,40.85,53.51,49.8,Excellent labs and digital board infrastructure.
TS320-SEM1-05,TS320,1,6,TS320-S05,72.28,60.21,False,48.38,49.19,50.44,58.11,55.05,Teaching incorporates both fundamentals and modern practical tools.
TS320-SEM1-06,TS320,1,6,TS320-S06,64.49,61.39,False,56.34,54.46,59.18,61.97,51.58,Career guidance is helpful from the beginning.
TS320-SEM1-07,TS320,1,6,TS320-S07,69.03,75.15,False,50.0,53.83,58.18,53.69,48.49,Good focus on practical sessions and mentoring.
TS320-SEM1-08,TS320,1,6,TS320-S08,69.76,60.19,False,52.79,40.19,55.12,44.91,47.57,"Campus has trees and nature, very peaceful."
TS320-SEM1-09,TS320,1,6,TS320-S09,74.03,58.73,False,55.82,58.75,44.82,62.68,50.85,"Strictness is moderate, allowing good learning freedom."
TS320-SEM1-10,TS320,1,6,TS320-S10,68.58,57.3,False,39.1,57.71,58.86,51.42,45.08,Teaching incorporates both fundamentals and modern practical tools.
TS320-SEM1-11,TS320,1,6,TS320-S11,72.84,73.95,False,58.15,62.6,65.71,61.04,55.39,Good focus on practical sessions and mentoring.
TS320-SEM1-12,TS320,1,6,TS320-S12,72.52,58.53,False,58.41,48.12,57.72,51.85,51.3,"Campus has trees and nature, very peaceful."
TS320-SEM1-13,TS320,1,6,TS320-S13,73.61,63.63,False,51.5,60.23,59.07,47.1,49.38,"Campus has trees and nature, very peaceful."
TS320-SEM1-14,TS320,1,6,TS320-S14,69.49,63.94,False,49.11,66.17,55.26,61.42,44.84,Good focus on practical sessions and mentoring.
TS321-SEM1-01,TS321,1,6,TS321-S01,81.67,56.69,True,73.7,70.54,74.96,62.94,85.72,"Strictness is moderate, allowing good learning freedom."
TS321-SEM1-02,TS321,1,6,TS321-S02,75.22,72.51,True,78.35,81.1,71.92,66.9,72.66,Teaching incorporates both fundamentals and modern practical tools.
TS321-SEM1-03,TS321,1,6,TS321-S03,69.46,64.27,False,60.4,59.72,68.77,62.37,56.39,"Strictness is moderate, allowing good learning freedom."
TS321-SEM1-04,TS321,1,6,TS321-S04,77.64,67.51,True,67.39,64.78,72.22,79.21,84.61,"Strictness is moderate, allowing good learning freedom."
TS321-SEM1-05,TS321,1,6,TS321-S05,76.5,81.13,True,82.03,69.07,64.6,70.29,76.75,"Strictness is moderate, allowing good learning freedom."
TS321-SEM1-06,TS321,1,6,TS321-S06,87.51,62.0,False,67.16,57.56,66.09,70.4,54.72,"Strictness is moderate, allowing good learning freedom."
TS321-SEM1-07,TS321,1,6,TS321-S07,81.1,73.27,True,85.89,70.58,76.35,73.81,74.19,"Campus has trees and nature, very peaceful."
TS321-SEM1-08,TS321,1,6,TS321-S08,68.35,82.31,False,67.73,70.76,62.25,69.39,57.54,Career guidance is helpful from the beginning.
TS321-SEM1-09,TS321,1,6,TS321-S09,82.19,74.13,True,80.28,72.94,74.81,81.39,79.71,Teaching incorporates both fundamentals and modern practical tools.
TS321-SEM1-10,TS321,1,6,TS321-S10,66.96,74.55,False,57.3,63.4,63.01,49.49,60.25,"Campus has trees and nature, very peaceful."
TS321-SEM1-11,TS321,1,6,TS321-S11,85.04,65.2,True,74.46,75.41,71.86,72.5,79.23,Good focus on practical sessions and mentoring.
TS321-SEM1-12,TS321,1,6,TS321-S12,81.06,53.61,True,79.07,83.88,61.59,63.75,77.58,Good focus on practical sessions and mentoring.
TS321-SEM1-13,TS321,1,6,TS321-S13,78.72,57.19,True,87.24,73.72,71.24,74.97,78.28,"Strictness is moderate, allowing good learning freedom."
TS321-SEM1-14,TS321,1,6,TS321-S14,73.53,60.19,False,59.83,55.6,68.44,58.9,55.29,Teaching incorporates both fundamentals and modern practical tools.
TS322-SEM1-01,TS322,1,6,TS322-S01,87.13,45.27,False,64.05,64.88,62.36,56.63,50.68,"Campus has trees and nature, very peaceful."
TS322-SEM1-02,TS322,1,6,TS322-S02,65.68,84.23,False,60.06,49.87,55.88,48.45,61.09,"Campus has trees and nature, very peaceful."
TS322-SEM1-03,TS322,1,6,TS322-S03,72.27,67.09,False,57.15,68.33,59.15,62.37,56.51,Teaching incorporates both fundamentals and modern practical tools.
TS322-SEM1-04,TS322,1,6,TS322-S04,65.04,54.77,False,55.32,63.31,68.08,61.29,54.7,"Strictness is moderate, allowing good learning freedom."
TS322-SEM1-05,TS322,1,6,TS322-S05,73.86,60.43,False,57.0,72.87,60.02,62.17,51.91,Teaching incorporates both fundamentals and modern practical tools.
TS322-SEM1-06,TS322,1,6,TS322-S06,79.57,52.89,True,77.03,63.82,72.48,55.3,67.68,Teaching incorporates both fundamentals and modern practical tools.
TS322-SEM1-07,TS322,1,6,TS322-S07,71.43,86.1,False,58.01,62.08,66.88,54.08,39.97,Career guidance is helpful from the beginning.
TS322-SEM1-08,TS322,1,6,TS322-S08,82.4,68.05,True,71.48,79.16,67.49,68.47,83.32,Career guidance is helpful from the beginning.
TS322-SEM1-09,TS322,1,6,TS322-S09,64.54,67.17,False,49.81,73.25,62.6,56.47,47.64,"Strictness is moderate, allowing good learning freedom."
TS322-SEM1-10,TS322,1,6,TS322-S10,69.9,63.86,False,64.09,52.0,57.02,57.61,51.26,Career guidance is helpful from the beginning.
TS322-SEM1-11,TS322,1,6,TS322-S11,68.91,52.55,False,59.64,56.88,61.19,62.42,48.24,Good focus on practical sessions and mentoring.
TS322-SEM1-12,TS322,1,6,TS322-S12,75.56,64.09,True,70.34,68.59,68.41,68.17,67.24,Career guidance is helpful from the beginning.
TS322-SEM1-13,TS322,1,6,TS322-S13,81.45,55.04,True,78.13,68.01,69.32,54.45,63.23,Career guidance is helpful from the beginning.
TS322-SEM1-14,TS322,1,6,TS322-S14,71.85,63.89,False,63.78,67.16,53.18,68.21,49.19,Career guidance is helpful from the beginning.
TS323-SEM1-01,TS323,1,6,TS323-S01,75.96,89.05,True,69.96,75.06,77.79,72.97,73.53,"Campus has trees and nature, very peaceful."
TS323-SEM1-02,TS323,1,6,TS323-S02,69.01,62.99,False,51.02,64.62,68.81,59.42,53.61,Excellent labs and digital board infrastructure.
TS323-SEM1-03,TS323,1,6,TS323-S03,65.66,66.67,False,57.79,45.91,76.43,51.14,48.66,Career guidance is helpful from the beginning.
TS323-SEM1-04,TS323,1,6,TS323-S04,77.64,68.57,True,67.19,71.12,70.75,64.58,78.83,Teaching incorporates both fundamentals and modern practical tools.
TS323-SEM1-05,TS323,1,6,TS323-S05,75.43,75.36,True,76.72,65.64,71.57,70.95,78.1,Career guidance is helpful from the beginning.
TS323-SEM1-06,TS323,1,6,TS323-S06,75.12,43.11,False,54.1,58.13,64.19,66.76,58.6,Excellent labs and digital board infrastructure.
TS323-SEM1-07,TS323,1,6,TS323-S07,67.77,71.18,False,53.01,67.57,68.51,61.75,52.62,"Strictness is moderate, allowing good learning freedom."
TS323-SEM1-08,TS323,1,6,TS323-S08,67.82,51.06,False,52.32,56.02,59.06,52.15,53.44,"Strictness is moderate, allowing good learning freedom."
TS323-SEM1-09,TS323,1,6,TS323-S09,72.56,58.61,False,52.49,38.33,67.59,61.57,57.46,Good focus on practical sessions and mentoring.
TS323-SEM1-10,TS323,1,6,TS323-S10,73.08,66.97,False,59.3,58.25,65.68,67.67,62.78,Good focus on practical sessions and mentoring.
TS323-SEM1-11,TS323,1,6,TS323-S11,67.01,64.49,False,48.23,53.61,60.88,66.25,55.27,Career guidance is helpful from the beginning.
TS323-SEM1-12,TS323,1,6,TS323-S12,76.04,58.55,True,67.05,72.99,66.97,54.25,77.04,Teaching incorporates both fundamentals and modern practical tools.
TS323-SEM1-13,TS323,1,6,TS323-S13,66.42,63.93,False,51.09,57.58,47.51,61.6,51.48,Teaching incorporates both fundamentals and modern practical tools.
TS323-SEM1-14,TS323,1,6,TS323-S14,64.39,69.64,False,57.15,55.51,58.24,67.17,53.69,"Campus has trees and nature, very peaceful."
TS324-SEM1-01,TS324,1,6,TS324-S01,69.8,68.31,False,54.77,71.09,60.79,67.21,56.38,Teaching incorporates both fundamentals and modern practical tools.
TS324-SEM1-02,TS324,1,6,TS324-S02,55.56,57.79,False,66.6,52.43,62.71,64.54,62.53,"Campus has trees and nature, very peaceful."
TS324-SEM1-03,TS324,1,6,TS324-S03,69.84,62.23,False,62.07,56.52,74.3,61.48,63.37,"Campus has trees and nature, very peaceful."
TS324-SEM1-04,TS324,1,6,TS324-S04,79.65,60.62,True,79.03,67.73,63.37,73.14,86.08,Teaching incorporates both fundamentals and modern practical tools.
TS324-SEM1-05,TS324,1,6,TS324-S05,75.41,62.77,True,74.98,70.94,70.69,77.5,75.17,Teaching incorporates both fundamentals and modern practical tools.
TS324-SEM1-06,TS324,1,6,TS324-S06,70.11,70.79,False,60.68,65.23,69.09,67.17,58.1,"Campus has trees and nature, very peaceful."
TS324-SEM1-07,TS324,1,6,TS324-S07,64.08,51.04,False,65.51,65.43,60.9,70.01,60.93,Good focus on practical sessions and mentoring.
TS324-SEM1-08,TS324,1,6,TS324-S08,77.61,83.65,True,71.71,76.65,67.64,87.96,71.72,Career guidance is helpful from the beginning.
TS324-SEM1-09,TS324,1,6,TS324-S09,74.63,62.02,False,59.37,56.89,72.66,71.03,59.09,Good focus on practical sessions and mentoring.
TS324-SEM1-10,TS324,1,6,TS324-S10,82.39,60.81,True,67.81,60.41,76.4,76.48,88.58,"Strictness is moderate, allowing good learning freedom."
TS324-SEM1-11,TS324,1,6,TS324-S11,67.77,68.76,False,60.38,67.49,69.69,67.47,56.15,Teaching incorporates both fundamentals and modern practical tools.
TS324-SEM1-12,TS324,1,6,TS324-S12,69.96,50.87,False,64.04,38.23,62.95,73.06,64.25,Excellent labs and digital board infrastructure.
TS324-SEM1-13,TS324,1,6,TS324-S13,62.33,67.83,False,55.0,57.68,69.68,61.78,66.99,Teaching incorporates both fundamentals and modern practical tools.
TS324-SEM1-14,TS324,1,6,TS324-S14,73.54,66.63,False,68.31,67.83,69.87,63.69,54.3,"Campus has trees and nature, very peaceful."
TS325-SEM1-01,TS325,1,6,TS325-S01,80.75,57.05,True,75.77,69.0,66.18,79.94,70.79,Excellent labs and digital board infrastructure.
TS325-SEM1-02,TS325,1,6,TS325-S02,74.38,63.6,False,75.57,57.8,64.78,65.33,56.35,Excellent labs and digital board infrastructure.
TS325-SEM1-03,TS325,1,6,TS325-S03,70.82,69.95,False,55.52,62.91,56.32,62.05,44.69,Career guidance is helpful from the beginning.
TS325-SEM1-04,TS325,1,6,TS325-S04,74.19,55.51,False,69.27,55.1,66.33,73.7,52.87,"Strictness is moderate, allowing good learning freedom."
TS325-SEM1-05,TS325,1,6,TS325-S05,67.58,60.65,False,62.91,77.16,53.92,66.92,51.08,Teaching incorporates both fundamentals and modern practical tools.
TS325-SEM1-06,TS325,1,6,TS325-S06,69.83,79.07,False,51.48,46.02,61.11,69.11,51.99,Career guidance is helpful from the beginning.
TS325-SEM1-07,TS325,1,6,TS325-S07,67.91,63.6,False,48.0,62.25,58.36,75.15,55.69,"Strictness is moderate, allowing good learning freedom."
TS325-SEM1-08,TS325,1,6,TS325-S08,71.08,59.7,False,44.5,57.89,59.08,67.14,53.15,Good focus on practical sessions and mentoring.
TS325-SEM1-09,TS325,1,6,TS325-S09,80.57,59.31,True,69.93,62.13,58.77,71.15,66.86,Excellent labs and digital board infrastructure.
TS325-SEM1-10,TS325,1,6,TS325-S10,64.21,58.88,False,62.93,66.36,53.69,67.05,56.21,Career guidance is helpful from the beginning.
TS325-SEM1-11,TS325,1,6,TS325-S11,75.51,78.04,True,64.78,63.58,68.93,57.5,70.95,Good focus on practical sessions and mentoring.
TS325-SEM1-12,TS325,1,6,TS325-S12,61.31,61.98,False,68.52,66.09,53.97,64.32,49.65,Teaching incorporates both fundamentals and modern practical tools.
TS325-SEM1-13,TS325,1,6,TS325-S13,79.77,39.98,False,53.46,53.31,54.23,76.78,46.27,Teaching incorporates both fundamentals and modern practical tools.
TS325-SEM1-14,TS325,1,6,TS325-S14,64.83,77.96,False,55.5,57.47,56.97,66.82,51.95,"Campus has trees and nature, very peaceful."
TS326-SEM1-01,TS326,1,6,TS326-S01,79.16,62.31,True,65.12,62.86,60.77,73.86,72.7,Good focus on practical sessions and mentoring.
TS326-SEM1-02,TS326,1,6,TS326-S02,72.14,53.51,False,52.33,46.49,61.58,68.71,52.04,Good focus on practical sessions and mentoring.
TS326-SEM1-03,TS326,1,6,TS326-S03,64.61,56.64,False,49.17,44.53,52.93,60.69,51.08,Career guidance is helpful from the beginning.
TS326-SEM1-04,TS326,1,6,TS326-S04,79.31,61.09,True,56.65,64.04,59.19,65.05,63.62,"Strictness is moderate, allowing good learning freedom."
TS326-SEM1-05,TS326,1,6,TS326-S05,68.37,68.5,False,50.05,63.77,48.87,66.81,45.99,Excellent labs and digital board infrastructure.
TS326-SEM1-06,TS326,1,6,TS326-S06,71.26,66.27,False,56.55,59.8,59.69,58.06,57.52,"Strictness is moderate, allowing good learning freedom."
TS326-SEM1-07,TS326,1,6,TS326-S07,75.29,31.9,False,50.75,48.44,53.03,63.29,50.13,"Strictness is moderate, allowing good learning freedom."
TS326-SEM1-08,TS326,1,6,TS326-S08,67.7,76.63,False,42.84,40.68,49.16,62.14,50.43,Excellent labs and digital board infrastructure.
TS326-SEM1-09,TS326,1,6,TS326-S09,66.89,55.65,False,50.53,42.95,58.59,68.87,47.71,"Campus has trees and nature, very peaceful."
TS326-SEM1-10,TS326,1,6,TS326-S10,73.84,62.69,False,58.76,67.02,52.81,59.67,52.89,"Strictness is moderate, allowing good learning freedom."
TS326-SEM1-11,TS326,1,6,TS326-S11,73.83,52.49,False,39.7,46.72,56.24,57.11,43.32,"Campus has trees and nature, very peaceful."
TS326-SEM1-12,TS326,1,6,TS326-S12,68.28,79.91,False,43.79,48.98,52.02,71.21,41.23,"Campus has trees and nature, very peaceful."
TS326-SEM1-13,TS326,1,6,TS326-S13,67.05,62.25,False,51.57,60.48,59.69,55.26,50.17,Good focus on practical sessions and mentoring.
TS326-SEM1-14,TS326,1,6,TS326-S14,70.73,57.04,False,56.66,53.55,62.58,62.34,53.24,Teaching incorporates both fundamentals and modern practical tools.
TS327-SEM1-01,TS327,1,6,TS327-S01,78.0,72.33,False,51.63,67.59,68.29,66.12,50.91,Teaching incorporates both fundamentals and modern practical tools.
TS327-SEM1-02,TS327,1,6,TS327-S02,70.43,52.69,False,67.3,75.73,70.37,65.32,61.85,Career guidance is helpful from the beginning.
TS327-SEM1-03,TS327,1,6,TS327-S03,71.5,71.14,False,60.55,65.83,72.56,72.46,64.08,Excellent labs and digital board infrastructure.
TS327-SEM1-04,TS327,1,6,TS327-S04,81.48,82.88,True,73.27,88.54,75.3,71.16,76.05,Excellent labs and digital board infrastructure.
TS327-SEM1-05,TS327,1,6,TS327-S05,73.62,70.17,False,72.03,77.28,70.62,66.3,62.83,Career guidance is helpful from the beginning.
TS327-SEM1-06,TS327,1,6,TS327-S06,63.03,67.65,False,66.34,87.2,67.55,74.69,59.38,Good focus on practical sessions and mentoring.
TS327-SEM1-07,TS327,1,6,TS327-S07,82.18,76.49,True,78.11,80.11,72.9,68.7,82.09,Teaching incorporates both fundamentals and modern practical tools.
TS327-SEM1-08,TS327,1,6,TS327-S08,70.51,65.83,False,64.77,63.3,73.06,68.11,66.06,"Campus has trees and nature, very peaceful."
TS327-SEM1-09,TS327,1,6,TS327-S09,65.01,54.36,False,61.4,73.83,67.23,75.72,66.92,Teaching incorporates both fundamentals and modern practical tools.
TS327-SEM1-10,TS327,1,6,TS327-S10,67.61,91.46,False,63.24,82.22,66.33,71.29,66.5,Career guidance is helpful from the beginning.
TS327-SEM1-11,TS327,1,6,TS327-S11,62.97,79.47,False,59.06,69.09,64.73,64.13,59.15,Teaching incorporates both fundamentals and modern practical tools.
TS327-SEM1-12,TS327,1,6,TS327-S12,64.84,69.61,False,64.44,70.78,72.83,78.14,53.95,"Campus has trees and nature, very peaceful."
TS327-SEM1-13,TS327,1,6,TS327-S13,81.74,61.77,True,80.23,80.95,79.05,75.41,81.54,"Strictness is moderate, allowing good learning freedom."
TS327-SEM1-14,TS327,1,6,TS327-S14,69.39,51.72,False,68.2,67.69,69.76,76.45,60.95,"Strictness is moderate, allowing good learning freedom."
TS328-SEM1-01,TS328,1,6,TS328-S01,63.5,56.15,False,39.52,33.35,39.66,54.14,32.11,Excellent labs and digital board infrastructure.
TS328-SEM1-02,TS328,1,6,TS328-S02,65.33,54.13,False,30.93,42.48,41.29,50.38,34.74,Career guidance is helpful from the beginning.
TS328-SEM1-03,TS328,1,6,TS328-S03,62.45,64.98,False,32.84,41.74,40.99,42.85,30.68,Good focus on practical sessions and mentoring.
TS328-SEM1-04,TS328,1,6,TS328-S04,80.01,65.04,True,42.06,38.04,46.94,47.81,48.34,Teaching incorporates both fundamentals and modern practical tools.
TS328-SEM1-05,TS328,1,6,TS328-S05,69.05,65.93,False,29.63,35.15,32.67,47.66,32.3,Teaching incorporates both fundamentals and modern practical tools.
TS328-SEM1-06,TS328,1,6,TS328-S06,69.92,58.86,False,34.21,45.79,40.95,41.39,35.06,Good focus on practical sessions and mentoring.
TS328-SEM1-07,TS328,1,6,TS328-S07,80.21,69.06,True,48.82,58.85,41.98,73.55,38.33,Good focus on practical sessions and mentoring.
TS328-SEM1-08,TS328,1,6,TS328-S08,72.88,69.23,False,34.26,39.01,32.03,45.7,34.1,"Strictness is moderate, allowing good learning freedom."
TS328-SEM1-09,TS328,1,6,TS328-S09,59.32,71.05,False,32.54,42.2,41.46,71.53,38.22,"Campus has trees and nature, very peaceful."
TS328-SEM1-10,TS328,1,6,TS328-S10,64.79,83.62,False,16.95,34.23,38.1,47.21,32.64,Teaching incorporates both fundamentals and modern practical tools.
TS328-SEM1-11,TS328,1,6,TS328-S11,70.99,74.85,False,30.33,36.85,46.08,54.96,30.38,Career guidance is helpful from the beginning.
TS328-SEM1-12,TS328,1,6,TS328-S12,74.83,80.73,False,24.92,29.08,34.35,50.46,36.07,Teaching incorporates both fundamentals and modern practical tools.
TS328-SEM1-13,TS328,1,6,TS328-S13,67.41,52.58,False,25.36,30.24,33.95,36.17,28.42,"Campus has trees and nature, very peaceful."
TS328-SEM1-14,TS328,1,6,TS328-S14,65.7,60.36,False,43.42,25.03,42.3,59.16,36.05,Career guidance is helpful from the beginning.
TS329-SEM1-01,TS329,1,6,TS329-S01,72.67,74.09,False,73.21,61.09,63.4,63.65,56.1,Career guidance is helpful from the beginning.
TS329-SEM1-02,TS329,1,6,TS329-S02,62.25,34.95,False,42.17,52.04,65.69,63.5,50.9,Career guidance is helpful from the beginning.
TS329-SEM1-03,TS329,1,6,TS329-S03,75.42,65.53,True,71.67,73.69,76.36,68.49,79.33,"Strictness is moderate, allowing good learning freedom."
TS329-SEM1-04,TS329,1,6,TS329-S04,69.57,85.26,False,51.29,62.18,60.29,70.91,59.63,"Campus has trees and nature, very peaceful."
TS329-SEM1-05,TS329,1,6,TS329-S05,65.75,58.64,False,67.62,57.83,62.93,55.55,51.63,Teaching incorporates both fundamentals and modern practical tools.
TS329-SEM1-06,TS329,1,6,TS329-S06,67.75,71.26,False,59.28,66.82,53.43,65.26,52.96,"Strictness is moderate, allowing good learning freedom."
TS329-SEM1-07,TS329,1,6,TS329-S07,57.33,66.63,False,62.61,69.6,58.68,66.95,55.58,Excellent labs and digital board infrastructure.
TS329-SEM1-08,TS329,1,6,TS329-S08,67.44,53.03,False,54.57,55.15,59.3,59.46,53.92,Career guidance is helpful from the beginning.
TS329-SEM1-09,TS329,1,6,TS329-S09,65.6,77.24,False,43.94,56.39,57.84,61.16,48.64,Good focus on practical sessions and mentoring.
TS329-SEM1-10,TS329,1,6,TS329-S10,62.93,64.4,False,53.63,60.11,50.61,72.27,52.46,"Campus has trees and nature, very peaceful."
TS329-SEM1-11,TS329,1,6,TS329-S11,53.75,63.89,False,52.03,47.97,65.02,67.55,54.57,Career guidance is helpful from the beginning.
TS329-SEM1-12,TS329,1,6,TS329-S12,72.46,67.05,False,45.39,58.57,65.05,68.21,47.6,"Campus has trees and nature, very peaceful."
TS329-SEM1-13,TS329,1,6,TS329-S13,73.11,50.77,False,55.8,51.02,54.51,64.12,49.23,Good focus on practical sessions and mentoring.
TS329-SEM1-14,TS329,1,6,TS329-S14,67.23,65.52,False,45.97,54.46,51.17,53.84,58.71,Career guidance is helpful from the beginning.
TS330-SEM1-01,TS330,1,6,TS330-S01,69.94,61.2,False,32.79,37.33,40.0,39.63,32.44,Teaching incorporates both fundamentals and modern practical tools.
TS330-SEM1-02,TS330,1,6,TS330-S02,72.38,77.42,False,35.26,46.81,37.86,53.12,29.78,"Campus has trees and nature, very peaceful."
TS330-SEM1-03,TS330,1,6,TS330-S03,72.98,63.05,False,20.2,44.29,41.08,43.71,37.56,Career guidance is helpful from the beginning.
TS330-SEM1-04,TS330,1,6,TS330-S04,76.71,67.02,True,48.19,51.3,42.36,33.32,55.98,Career guidance is helpful from the beginning.
TS330-SEM1-05,TS330,1,6,TS330-S05,70.81,51.57,False,29.8,57.6,36.36,42.16,40.43,"Campus has trees and nature, very peaceful."
TS330-SEM1-06,TS330,1,6,TS330-S06,77.01,59.12,True,49.83,48.12,46.3,47.33,50.04,Good focus on practical sessions and mentoring.
TS330-SEM1-07,TS330,1,6,TS330-S07,77.38,44.71,False,32.77,43.4,37.44,43.65,30.76,"Campus has trees and nature, very peaceful."
TS330-SEM1-08,TS330,1,6,TS330-S08,68.11,50.71,False,22.47,44.5,38.63,38.57,34.15,Excellent labs and digital board infrastructure.
TS330-SEM1-09,TS330,1,6,TS330-S09,71.31,61.14,False,23.37,40.0,40.6,49.0,29.05,Teaching incorporates both fundamentals and modern practical tools.
TS330-SEM1-10,TS330,1,6,TS330-S10,77.2,76.14,True,47.9,55.07,48.38,42.61,49.58,Good focus on practical sessions and mentoring.
TS330-SEM1-11,TS330,1,6,TS330-S11,70.45,66.25,False,39.33,55.36,42.15,34.68,27.64,"Strictness is moderate, allowing good learning freedom."
TS330-SEM1-12,TS330,1,6,TS330-S12,78.04,68.05,True,40.5,22.29,35.03,45.79,46.55,"Strictness is moderate, allowing good learning freedom."
TS330-SEM1-13,TS330,1,6,TS330-S13,74.47,68.02,False,45.55,37.39,26.24,35.05,38.38,Teaching incorporates both fundamentals and modern practical tools.
TS330-SEM1-14,TS330,1,6,TS330-S14,72.08,72.12,False,28.62,39.53,27.43,38.63,30.05,Teaching incorporates both fundamentals and modern practical tools.
TS331-SEM1-01,TS331,1,6,TS331-S01,71.13,92.1,False,52.69,67.28,69.25,73.57,65.23,"Strictness is moderate, allowing good learning freedom."
TS331-SEM1-02,TS331,1,6,TS331-S02,81.69,82.4,True,83.09,92.83,82.27,88.42,84.64,"Campus has trees and nature, very peaceful."
TS331-SEM1-03,TS331,1,6,TS331-S03,78.19,62.75,True,73.06,82.38,67.56,90.79,80.41,Excellent labs and digital board infrastructure.
TS331-SEM1-04,TS331,1,6,TS331-S04,85.41,72.78,True,82.36,78.99,76.22,86.97,83.42,Career guidance is helpful from the beginning.
TS331-SEM1-05,TS331,1,6,TS331-S05,78.66,79.5,True,73.05,98.99,76.88,84.28,83.92,Excellent labs and digital board infrastructure.
TS331-SEM1-06,TS331,1,6,TS331-S06,86.6,81.41,True,78.97,81.21,80.61,90.64,79.46,Good focus on practical sessions and mentoring.
TS331-SEM1-07,TS331,1,6,TS331-S07,78.94,72.35,True,80.99,100.0,77.7,80.27,85.81,Excellent labs and digital board infrastructure.
TS331-SEM1-08,TS331,1,6,TS331-S08,88.28,79.75,True,79.77,81.6,67.41,95.52,82.15,Teaching incorporates both fundamentals and modern practical tools.
TS331-SEM1-09,TS331,1,6,TS331-S09,88.88,69.67,True,89.54,94.57,83.26,79.14,77.66,Career guidance is helpful from the beginning.
TS331-SEM1-10,TS331,1,6,TS331-S10,86.21,68.02,True,83.29,85.93,73.77,96.5,81.43,Excellent labs and digital board infrastructure.
TS331-SEM1-11,TS331,1,6,TS331-S11,85.54,72.93,True,90.74,100.0,87.31,89.56,81.38,Career guidance is helpful from the beginning.
TS331-SEM1-12,TS331,1,6,TS331-S12,75.19,77.66,True,81.79,77.25,80.85,88.07,81.64,Excellent labs and digital board infrastructure.
TS331-SEM1-13,TS331,1,6,TS331-S13,82.98,74.22,True,77.32,88.14,78.81,78.71,87.54,"Strictness is moderate, allowing good learning freedom."
TS331-SEM1-14,TS331,1,6,TS331-S14,81.7,64.38,True,83.04,66.21,81.15,96.29,88.5,Career guidance is helpful from the beginning.
TS332-SEM1-01,TS332,1,6,TS332-S01,81.92,62.71,True,71.4,99.22,63.07,64.87,77.6,Excellent labs and digital board infrastructure.
TS332-SEM1-02,TS332,1,6,TS332-S02,68.31,70.19,False,65.86,66.0,72.99,58.39,55.78,Good focus on practical sessions and mentoring.
TS332-SEM1-03,TS332,1,6,TS332-S03,81.43,48.95,False,63.55,82.82,52.47,62.99,64.2,Career guidance is helpful from the beginning.
TS332-SEM1-04,TS332,1,6,TS332-S04,70.38,62.59,False,62.59,72.78,61.44,69.61,60.74,"Campus has trees and nature, very peaceful."
TS332-SEM1-05,TS332,1,6,TS332-S05,65.12,57.34,False,52.99,71.99,67.92,66.29,62.22,Teaching incorporates both fundamentals and modern practical tools.
TS332-SEM1-06,TS332,1,6,TS332-S06,72.8,69.62,False,60.7,75.89,59.04,56.63,59.9,Career guidance is helpful from the beginning.
TS332-SEM1-07,TS332,1,6,TS332-S07,76.11,59.23,True,77.33,63.89,84.08,64.46,72.74,"Strictness is moderate, allowing good learning freedom."
TS332-SEM1-08,TS332,1,6,TS332-S08,78.9,62.2,True,72.65,73.23,68.47,76.75,74.98,Teaching incorporates both fundamentals and modern practical tools.
TS332-SEM1-09,TS332,1,6,TS332-S09,65.59,54.4,False,60.53,64.28,63.93,67.1,57.06,Excellent labs and digital board infrastructure.
TS332-SEM1-10,TS332,1,6,TS332-S10,66.84,55.03,False,69.82,87.68,65.7,69.36,54.77,Excellent labs and digital board infrastructure.
TS332-SEM1-11,TS332,1,6,TS332-S11,68.46,66.5,False,47.28,76.46,62.64,58.55,61.41,Excellent labs and digital board infrastructure.
TS332-SEM1-12,TS332,1,6,TS332-S12,80.65,58.87,True,78.19,82.2,67.48,73.35,78.39,Excellent labs and digital board infrastructure.
TS332-SEM1-13,TS332,1,6,TS332-S13,55.62,70.58,False,52.44,71.3,73.06,63.55,54.24,"Strictness is moderate, allowing good learning freedom."
TS332-SEM1-14,TS332,1,6,TS332-S14,75.35,76.02,True,61.31,89.74,76.74,74.32,68.47,Excellent labs and digital board infrastructure.
TS333-SEM1-01,TS333,1,6,TS333-S01,68.38,58.78,False,50.43,52.13,49.27,52.34,44.72,Good focus on practical sessions and mentoring.
TS333-SEM1-02,TS333,1,6,TS333-S02,70.34,65.09,False,47.04,50.26,54.06,71.84,46.67,Teaching incorporates both fundamentals and modern practical tools.
TS333-SEM1-03,TS333,1,6,TS333-S03,62.71,55.15,False,60.35,63.75,58.2,66.65,51.06,Career guidance is helpful from the beginning.
TS333-SEM1-04,TS333,1,6,TS333-S04,70.57,70.67,False,54.94,59.03,50.51,60.49,44.29,Good focus on practical sessions and mentoring.
TS333-SEM1-05,TS333,1,6,TS333-S05,77.98,65.03,True,66.95,50.98,64.91,66.19,63.25,Good focus on practical sessions and mentoring.
TS333-SEM1-06,TS333,1,6,TS333-S06,66.99,62.8,False,49.1,41.15,44.55,61.22,51.57,Good focus on practical sessions and mentoring.
TS333-SEM1-07,TS333,1,6,TS333-S07,76.3,72.01,True,61.38,61.39,64.52,79.11,63.2,Good focus on practical sessions and mentoring.
TS333-SEM1-08,TS333,1,6,TS333-S08,70.41,62.31,False,47.91,47.63,52.87,57.69,51.13,Good focus on practical sessions and mentoring.
TS333-SEM1-09,TS333,1,6,TS333-S09,80.84,59.16,True,62.85,56.7,63.93,63.89,68.62,Teaching incorporates both fundamentals and modern practical tools.
TS333-SEM1-10,TS333,1,6,TS333-S10,73.52,57.96,False,46.44,45.29,58.66,61.1,49.06,Career guidance is helpful from the beginning.
TS333-SEM1-11,TS333,1,6,TS333-S11,71.93,59.88,False,51.46,56.37,54.19,61.3,42.07,Teaching incorporates both fundamentals and modern practical tools.
TS333-SEM1-12,TS333,1,6,TS333-S12,68.38,58.94,False,49.6,38.36,56.6,64.36,44.59,"Strictness is moderate, allowing good learning freedom."
TS333-SEM1-13,TS333,1,6,TS333-S13,66.5,55.13,False,41.56,49.56,52.6,67.95,49.87,Career guidance is helpful from the beginning.
TS333-SEM1-14,TS333,1,6,TS333-S14,79.48,63.12,True,73.94,59.73,52.77,70.76,57.55,Good focus on practical sessions and mentoring.
TS334-SEM1-01,TS334,1,6,TS334-S01,68.33,70.87,False,54.29,58.39,61.75,68.27,52.25,"Strictness is moderate, allowing good learning freedom."
TS334-SEM1-02,TS334,1,6,TS334-S02,62.48,52.18,False,48.37,55.82,63.56,74.09,52.03,Good focus on practical sessions and mentoring.
TS334-SEM1-03,TS334,1,6,TS334-S03,75.3,46.89,False,49.53,51.7,52.88,65.25,47.81,Excellent labs and digital board infrastructure.
TS334-SEM1-04,TS334,1,6,TS334-S04,60.63,70.43,False,59.29,58.43,55.23,56.38,45.88,"Campus has trees and nature, very peaceful."
TS334-SEM1-05,TS334,1,6,TS334-S05,78.43,54.52,True,71.77,68.84,76.64,76.43,65.92,"Campus has trees and nature, very peaceful."
TS334-SEM1-06,TS334,1,6,TS334-S06,65.86,57.76,False,51.45,50.05,50.45,63.19,54.51,"Strictness is moderate, allowing good learning freedom."
TS334-SEM1-07,TS334,1,6,TS334-S07,83.15,62.77,True,54.96,72.99,58.02,70.6,67.85,Teaching incorporates both fundamentals and modern practical tools.
TS334-SEM1-08,TS334,1,6,TS334-S08,70.55,47.16,False,47.53,48.49,53.1,68.87,48.3,Teaching incorporates both fundamentals and modern practical tools.
TS334-SEM1-09,TS334,1,6,TS334-S09,67.96,68.5,False,54.03,72.38,61.12,49.84,54.09,Career guidance is helpful from the beginning.
TS334-SEM1-10,TS334,1,6,TS334-S10,76.12,78.59,True,72.65,63.28,64.52,62.45,61.2,Excellent labs and digital board infrastructure.
TS334-SEM1-11,TS334,1,6,TS334-S11,77.22,62.04,True,70.95,44.24,59.02,58.81,74.06,Career guidance is helpful from the beginning.
TS334-SEM1-12,TS334,1,6,TS334-S12,69.4,62.79,False,53.89,62.59,59.54,66.58,48.74,Excellent labs and digital board infrastructure.
TS334-SEM1-13,TS334,1,6,TS334-S13,77.12,55.45,True,56.85,79.53,58.1,77.24,70.75,"Campus has trees and nature, very peaceful."
TS334-SEM1-14,TS334,1,6,TS334-S14,73.2,65.67,False,45.68,68.97,54.26,67.85,47.35,"Campus has trees and nature, very peaceful."
TS335-SEM1-01,TS335,1,6,TS335-S01,87.55,67.42,True,82.09,93.19,81.01,77.59,89.84,Excellent labs and digital board infrastructure.
TS335-SEM1-02,TS335,1,6,TS335-S02,79.73,76.55,True,93.5,83.19,77.45,93.51,86.7,Career guidance is helpful from the beginning.
TS335-SEM1-03,TS335,1,6,TS335-S03,78.73,78.62,True,83.08,100.0,76.75,75.0,92.82,Teaching incorporates both fundamentals and modern practical tools.
TS335-SEM1-04,TS335,1,6,TS335-S04,79.72,78.19,True,74.19,95.8,78.88,95.03,82.71,"Strictness is moderate, allowing good learning freedom."
TS335-SEM1-05,TS335,1,6,TS335-S05,91.39,92.47,True,83.55,84.16,89.29,84.71,89.35,Excellent labs and digital board infrastructure.
TS335-SEM1-06,TS335,1,6,TS335-S06,81.14,79.72,True,81.11,100.0,80.67,89.81,80.38,Excellent labs and digital board infrastructure.
TS335-SEM1-07,TS335,1,6,TS335-S07,86.1,85.65,True,91.14,81.01,84.05,74.51,87.43,Excellent labs and digital board infrastructure.
TS335-SEM1-08,TS335,1,6,TS335-S08,77.24,74.31,True,95.11,76.41,87.91,92.03,88.31,Career guidance is helpful from the beginning.
TS335-SEM1-09,TS335,1,6,TS335-S09,90.15,70.85,True,81.63,92.38,81.2,79.34,83.35,Teaching incorporates both fundamentals and modern practical tools.
TS335-SEM1-10,TS335,1,6,TS335-S10,82.01,66.51,True,91.86,94.46,96.24,86.1,95.16,Career guidance is helpful from the beginning.
TS335-SEM1-11,TS335,1,6,TS335-S11,83.1,72.22,True,85.69,85.68,76.28,77.76,92.35,Good focus on practical sessions and mentoring.
TS335-SEM1-12,TS335,1,6,TS335-S12,87.0,92.79,True,81.77,77.48,86.97,78.28,86.53,Good focus on practical sessions and mentoring.
TS335-SEM1-13,TS335,1,6,TS335-S13,83.88,59.37,True,90.75,88.89,81.25,83.44,93.69,Excellent labs and digital board infrastructure.
TS335-SEM1-14,TS335,1,6,TS335-S14,82.32,74.8,True,67.89,95.44,81.67,78.38,97.24,Excellent labs and digital board infrastructure.
TS336-SEM1-01,TS336,1,6,TS336-S01,72.21,57.45,False,59.67,60.72,70.36,58.47,49.25,Excellent labs and digital board infrastructure.
TS336-SEM1-02,TS336,1,6,TS336-S02,62.49,72.38,False,60.94,69.6,65.18,61.64,66.85,Teaching incorporates both fundamentals and modern practical tools.
TS336-SEM1-03,TS336,1,6,TS336-S03,74.67,65.07,False,57.77,57.41,67.57,62.05,64.69,Teaching incorporates both fundamentals and modern practical tools.
TS336-SEM1-04,TS336,1,6,TS336-S04,82.27,50.4,True,79.2,79.77,79.41,64.56,87.2,Excellent labs and digital board infrastructure.
TS336-SEM1-05,TS336,1,6,TS336-S05,72.34,78.28,False,46.75,73.65,65.31,46.16,59.12,Teaching incorporates both fundamentals and modern practical tools.
TS336-SEM1-06,TS336,1,6,TS336-S06,64.57,56.8,False,63.03,68.77,66.98,59.66,70.97,"Campus has trees and nature, very peaceful."
TS336-SEM1-07,TS336,1,6,TS336-S07,73.56,63.13,False,63.72,69.55,57.27,62.87,65.65,Excellent labs and digital board infrastructure.
TS336-SEM1-08,TS336,1,6,TS336-S08,81.33,68.89,True,76.77,94.05,71.07,58.56,88.24,"Campus has trees and nature, very peaceful."
TS336-SEM1-09,TS336,1,6,TS336-S09,65.89,46.28,False,63.11,73.03,67.48,63.99,58.39,Career guidance is helpful from the beginning.
TS336-SEM1-10,TS336,1,6,TS336-S10,71.12,56.27,False,62.02,74.09,69.73,53.33,52.96,"Campus has trees and nature, very peaceful."
TS336-SEM1-11,TS336,1,6,TS336-S11,77.31,56.71,True,64.09,91.01,73.57,68.99,79.38,Career guidance is helpful from the beginning.
TS336-SEM1-12,TS336,1,6,TS336-S12,73.28,61.77,False,60.77,61.94,56.37,72.19,59.38,"Strictness is moderate, allowing good learning freedom."
TS336-SEM1-13,TS336,1,6,TS336-S13,69.37,53.99,False,67.49,70.91,60.88,56.9,60.75,Career guidance is helpful from the beginning.
TS336-SEM1-14,TS336,1,6,TS336-S14,69.68,70.15,False,73.94,66.38,63.77,53.74,58.43,Excellent labs and digital board infrastructure.
TS337-SEM1-01,TS337,1,6,TS337-S01,90.35,71.45,True,82.47,89.08,84.74,70.16,87.18,Excellent labs and digital board infrastructure.
TS337-SEM1-02,TS337,1,6,TS337-S02,75.78,89.47,True,91.78,88.42,72.46,92.41,94.45,Career guidance is helpful from the beginning.
TS337-SEM1-03,TS337,1,6,TS337-S03,89.5,75.93,True,86.09,94.07,79.99,77.19,90.17,Teaching incorporates both fundamentals and modern practical tools.
TS337-SEM1-04,TS337,1,6,TS337-S04,83.17,84.26,True,90.84,80.48,82.63,84.66,91.75,Good focus on practical sessions and mentoring.
TS337-SEM1-05,TS337,1,6,TS337-S05,87.15,74.42,True,91.75,92.72,84.11,78.11,98.2,"Campus has trees and nature, very peaceful."
TS337-SEM1-06,TS337,1,6,TS337-S06,83.49,74.13,True,84.91,79.39,84.19,73.63,88.21,Career guidance is helpful from the beginning.
TS337-SEM1-07,TS337,1,6,TS337-S07,72.44,53.46,False,75.38,70.87,77.87,76.36,70.43,Good focus on practical sessions and mentoring.
TS337-SEM1-08,TS337,1,6,TS337-S08,78.24,73.69,True,91.37,85.83,81.46,86.81,84.59,Excellent labs and digital board infrastructure.
TS337-SEM1-09,TS337,1,6,TS337-S09,71.25,64.39,False,78.03,80.36,77.16,77.12,78.64,Excellent labs and digital board infrastructure.
TS337-SEM1-10,TS337,1,6,TS337-S10,69.55,73.72,False,71.88,79.54,79.7,80.29,68.62,"Strictness is moderate, allowing good learning freedom."
TS337-SEM1-11,TS337,1,6,TS337-S11,71.86,100.0,False,71.66,80.4,82.01,72.98,76.16,"Strictness is moderate, allowing good learning freedom."
TS337-SEM1-12,TS337,1,6,TS337-S12,80.16,93.29,True,81.65,100.0,85.71,78.69,80.66,Career guidance is helpful from the beginning.
TS337-SEM1-13,TS337,1,6,TS337-S13,86.19,88.84,True,87.68,100.0,85.69,78.39,84.62,Teaching incorporates both fundamentals and modern practical tools.
TS337-SEM1-14,TS337,1,6,TS337-S14,85.33,80.02,True,87.91,95.14,84.44,88.13,91.43,Career guidance is helpful from the beginning.
TS338-SEM1-01,TS338,1,6,TS338-S01,72.78,59.49,False,66.39,64.89,54.1,77.55,50.1,"Campus has trees and nature, very peaceful."
TS338-SEM1-02,TS338,1,6,TS338-S02,75.29,68.79,False,63.7,66.14,60.26,56.2,47.4,"Strictness is moderate, allowing good learning freedom."
TS338-SEM1-03,TS338,1,6,TS338-S03,88.78,69.78,True,87.2,72.67,68.38,65.85,72.64,Good focus on practical sessions and mentoring.
TS338-SEM1-04,TS338,1,6,TS338-S04,70.4,58.58,False,64.45,71.3,66.69,61.43,56.23,Teaching incorporates both fundamentals and modern practical tools.
TS338-SEM1-05,TS338,1,6,TS338-S05,74.35,81.17,False,58.84,64.26,67.52,67.2,58.44,"Strictness is moderate, allowing good learning freedom."
TS338-SEM1-06,TS338,1,6,TS338-S06,74.93,57.29,False,53.99,64.93,59.68,59.47,59.45,Career guidance is helpful from the beginning.
TS338-SEM1-07,TS338,1,6,TS338-S07,75.42,54.57,True,74.78,89.2,73.95,82.66,72.32,"Campus has trees and nature, very peaceful."
TS338-SEM1-08,TS338,1,6,TS338-S08,74.49,60.68,False,53.49,66.75,57.51,63.98,53.62,"Campus has trees and nature, very peaceful."
TS338-SEM1-09,TS338,1,6,TS338-S09,69.97,61.71,False,45.45,57.73,69.7,68.4,58.65,Teaching incorporates both fundamentals and modern practical tools.
TS338-SEM1-10,TS338,1,6,TS338-S10,74.5,60.92,False,52.55,60.79,71.64,65.26,64.45,"Campus has trees and nature, very peaceful."
TS338-SEM1-11,TS338,1,6,TS338-S11,69.51,58.81,False,58.31,63.78,57.15,68.37,48.49,"Campus has trees and nature, very peaceful."
TS338-SEM1-12,TS338,1,6,TS338-S12,74.19,64.25,False,62.22,61.21,65.54,71.04,56.48,"Campus has trees and nature, very peaceful."
TS338-SEM1-13,TS338,1,6,TS338-S13,83.86,66.71,True,81.06,79.27,77.74,64.33,72.34,"Campus has trees and nature, very peaceful."
TS338-SEM1-14,TS338,1,6,TS338-S14,70.21,43.12,False,58.84,62.21,51.85,63.86,62.78,Career guidance is helpful from the beginning.
TS339-SEM1-01,TS339,1,6,TS339-S01,65.83,80.72,False,39.72,40.99,37.17,41.64,30.27,"Strictness is moderate, allowing good learning freedom."
TS339-SEM1-02,TS339,1,6,TS339-S02,61.78,66.75,False,30.89,33.43,34.99,36.72,33.93,"Strictness is moderate, allowing good learning freedom."
TS339-SEM1-03,TS339,1,6,TS339-S03,66.09,66.7,False,31.49,30.61,33.91,34.36,30.53,Teaching incorporates both fundamentals and modern practical tools.
TS339-SEM1-04,TS339,1,6,TS339-S04,72.63,73.12,False,32.67,65.03,41.83,33.17,27.78,Good focus on practical sessions and mentoring.
TS339-SEM1-05,TS339,1,6,TS339-S05,69.91,59.51,False,41.01,38.93,42.61,34.48,39.33,Good focus on practical sessions and mentoring.
TS339-SEM1-06,TS339,1,6,TS339-S06,78.32,65.34,True,57.19,58.0,48.84,43.69,60.51,"Campus has trees and nature, very peaceful."
TS339-SEM1-07,TS339,1,6,TS339-S07,72.68,69.29,False,32.39,55.71,42.7,32.16,34.1,"Strictness is moderate, allowing good learning freedom."
TS339-SEM1-08,TS339,1,6,TS339-S08,70.69,62.05,False,37.71,42.13,32.51,44.88,35.78,Career guidance is helpful from the beginning.
TS339-SEM1-09,TS339,1,6,TS339-S09,73.63,61.52,False,41.9,44.09,38.9,32.75,40.71,"Campus has trees and nature, very peaceful."
TS339-SEM1-10,TS339,1,6,TS339-S10,73.21,61.65,False,33.84,41.14,45.86,28.73,37.8,"Campus has trees and nature, very peaceful."
TS339-SEM1-11,TS339,1,6,TS339-S11,76.24,64.16,True,41.56,59.01,39.48,42.23,52.71,"Strictness is moderate, allowing good learning freedom."
TS339-SEM1-12,TS339,1,6,TS339-S12,76.61,53.04,True,53.66,52.33,37.37,41.19,61.49,Career guidance is helpful from the beginning.
TS339-SEM1-13,TS339,1,6,TS339-S13,75.29,50.14,True,56.35,39.9,46.02,49.03,44.83,Excellent labs and digital board infrastructure.
TS339-SEM1-14,TS339,1,6,TS339-S14,70.32,59.85,False,33.96,54.71,46.56,32.42,29.37,"Strictness is moderate, allowing good learning freedom."
TS340-SEM1-01,TS340,1,6,TS340-S01,69.87,42.76,False,74.26,66.65,63.35,69.54,54.62,Teaching incorporates both fundamentals and modern practical tools.
TS340-SEM1-02,TS340,1,6,TS340-S02,66.37,77.36,False,60.4,67.22,68.03,67.76,58.82,Good focus on practical sessions and mentoring.
TS340-SEM1-03,TS340,1,6,TS340-S03,85.61,54.59,True,80.46,67.09,79.62,74.6,80.16,Career guidance is helpful from the beginning.
TS340-SEM1-04,TS340,1,6,TS340-S04,73.77,58.6,False,69.01,72.56,70.1,59.72,59.77,Good focus on practical sessions and mentoring.
TS340-SEM1-05,TS340,1,6,TS340-S05,71.33,79.38,False,55.03,62.26,72.92,63.17,58.23,Career guidance is helpful from the beginning.
TS340-SEM1-06,TS340,1,6,TS340-S06,82.04,65.66,True,81.85,78.3,74.97,81.12,75.28,"Strictness is moderate, allowing good learning freedom."
TS340-SEM1-07,TS340,1,6,TS340-S07,82.4,56.66,True,80.55,72.99,76.93,76.57,70.69,Career guidance is helpful from the beginning.
TS340-SEM1-08,TS340,1,6,TS340-S08,71.48,49.51,False,66.56,66.23,71.9,64.62,55.04,Excellent labs and digital board infrastructure.
TS340-SEM1-09,TS340,1,6,TS340-S09,65.54,82.2,False,81.69,83.38,59.81,60.54,56.19,"Campus has trees and nature, very peaceful."
TS340-SEM1-10,TS340,1,6,TS340-S10,76.64,83.08,True,78.66,69.97,73.09,76.33,83.93,Teaching incorporates both fundamentals and modern practical tools.
TS340-SEM1-11,TS340,1,6,TS340-S11,69.01,66.01,False,65.17,68.17,65.54,69.53,61.04,Excellent labs and digital board infrastructure.
TS340-SEM1-12,TS340,1,6,TS340-S12,67.31,70.85,False,72.96,68.73,67.29,73.35,62.44,Good focus on practical sessions and mentoring.
TS340-SEM1-13,TS340,1,6,TS340-S13,78.84,63.06,True,87.92,87.51,73.73,82.29,74.18,Teaching incorporates both fundamentals and modern practical tools.
TS340-SEM1-14,TS340,1,6,TS340-S14,70.79,70.34,False,72.69,61.35,67.38,68.82,61.05,"Campus has trees and nature, very peaceful."
TS341-SEM1-01,TS341,1,6,TS341-S01,68.56,57.2,False,62.74,85.89,60.65,65.62,50.36,"Strictness is moderate, allowing good learning freedom."
TS341-SEM1-02,TS341,1,6,TS341-S02,74.63,55.1,False,69.7,73.41,62.82,64.53,60.06,Excellent labs and digital board infrastructure.
TS341-SEM1-03,TS341,1,6,TS341-S03,76.15,50.31,True,74.22,82.22,77.77,64.64,81.02,Career guidance is helpful from the beginning.
TS341-SEM1-04,TS341,1,6,TS341-S04,74.19,57.02,False,65.08,67.46,55.18,45.59,52.16,Good focus on practical sessions and mentoring.
TS341-SEM1-05,TS341,1,6,TS341-S05,68.73,63.72,False,63.82,68.46,57.19,63.91,57.15,Excellent labs and digital board infrastructure.
TS341-SEM1-06,TS341,1,6,TS341-S06,82.43,67.57,True,72.35,86.1,71.34,63.45,80.33,Excellent labs and digital board infrastructure.
TS341-SEM1-07,TS341,1,6,TS341-S07,74.18,60.43,False,55.4,78.63,55.17,56.87,54.57,Teaching incorporates both fundamentals and modern practical tools.
TS341-SEM1-08,TS341,1,6,TS341-S08,73.81,48.36,False,56.97,67.79,65.96,64.53,56.87,Good focus on practical sessions and mentoring.
TS341-SEM1-09,TS341,1,6,TS341-S09,67.77,72.89,False,64.2,75.52,60.35,63.12,60.62,Good focus on practical sessions and mentoring.
TS341-SEM1-10,TS341,1,6,TS341-S10,68.47,52.73,False,61.97,60.06,63.19,71.55,58.97,Good focus on practical sessions and mentoring.
TS341-SEM1-11,TS341,1,6,TS341-S11,65.72,66.73,False,56.63,77.29,66.79,64.11,54.49,Teaching incorporates both fundamentals and modern practical tools.
TS341-SEM1-12,TS341,1,6,TS341-S12,66.9,87.9,False,46.49,56.44,69.75,71.51,60.04,Good focus on practical sessions and mentoring.
TS341-SEM1-13,TS341,1,6,TS341-S13,60.05,67.39,False,54.36,69.73,66.27,69.23,54.99,Teaching incorporates both fundamentals and modern practical tools.
TS341-SEM1-14,TS341,1,6,TS341-S14,79.71,70.13,True,71.36,74.46,70.93,76.97,66.99,Career guidance is helpful from the beginning.
TS342-SEM1-01,TS342,1,6,TS342-S01,89.32,85.83,True,79.21,91.86,84.95,70.84,100.0,Teaching incorporates both fundamentals and modern practical tools.
TS342-SEM1-02,TS342,1,6,TS342-S02,82.07,92.02,True,79.56,85.8,75.46,81.94,82.36,"Campus has trees and nature, very peaceful."
TS342-SEM1-03,TS342,1,6,TS342-S03,80.77,77.48,False,63.04,69.09,65.92,79.43,70.82,"Strictness is moderate, allowing good learning freedom."
TS342-SEM1-04,TS342,1,6,TS342-S04,74.95,89.06,False,74.6,73.41,73.43,71.87,65.85,Good focus on practical sessions and mentoring.
TS342-SEM1-05,TS342,1,6,TS342-S05,89.04,77.74,True,93.58,83.53,78.21,94.55,82.33,"Campus has trees and nature, very peaceful."
TS342-SEM1-06,TS342,1,6,TS342-S06,77.05,75.0,True,81.28,66.56,82.96,76.42,86.01,"Campus has trees and nature, very peaceful."
TS342-SEM1-07,TS342,1,6,TS342-S07,77.14,64.16,True,82.01,77.53,87.63,76.73,86.54,Career guidance is helpful from the beginning.
TS342-SEM1-08,TS342,1,6,TS342-S08,81.78,58.09,True,85.56,83.63,78.86,82.54,89.14,Excellent labs and digital board infrastructure.
TS342-SEM1-09,TS342,1,6,TS342-S09,85.52,81.66,True,86.45,73.14,81.32,75.09,92.03,Career guidance is helpful from the beginning.
TS342-SEM1-10,TS342,1,6,TS342-S10,90.24,74.94,True,92.37,86.68,85.43,88.39,80.82,"Strictness is moderate, allowing good learning freedom."
TS342-SEM1-11,TS342,1,6,TS342-S11,83.49,80.54,True,97.27,92.99,88.3,85.15,83.06,Teaching incorporates both fundamentals and modern practical tools.
TS342-SEM1-12,TS342,1,6,TS342-S12,74.39,74.01,False,75.98,78.59,84.35,73.84,68.0,"Strictness is moderate, allowing good learning freedom."
TS342-SEM1-13,TS342,1,6,TS342-S13,82.05,63.44,True,84.3,86.28,86.87,78.18,89.19,Teaching incorporates both fundamentals and modern practical tools.
TS342-SEM1-14,TS342,1,6,TS342-S14,81.95,84.75,True,68.66,76.77,75.3,94.26,94.87,Good focus on practical sessions and mentoring.
TS343-SEM1-01,TS343,1,6,TS343-S01,72.92,48.79,False,56.73,63.69,67.27,83.25,55.67,"Campus has trees and nature, very peaceful."
TS343-SEM1-02,TS343,1,6,TS343-S02,70.66,60.34,False,58.3,58.06,59.4,69.76,57.21,Career guidance is helpful from the beginning.
TS343-SEM1-03,TS343,1,6,TS343-S03,73.79,54.44,False,64.79,60.1,52.73,81.04,50.49,Excellent labs and digital board infrastructure.
TS343-SEM1-04,TS343,1,6,TS343-S04,69.54,60.13,False,61.03,57.97,62.94,65.93,48.34,Career guidance is helpful from the beginning.
TS343-SEM1-05,TS343,1,6,TS343-S05,72.19,54.75,False,54.63,64.4,55.84,70.96,54.4,Good focus on practical sessions and mentoring.
TS343-SEM1-06,TS343,1,6,TS343-S06,59.24,72.08,False,56.63,59.18,57.16,79.5,53.05,Career guidance is helpful from the beginning.
TS343-SEM1-07,TS343,1,6,TS343-S07,79.36,44.89,False,56.23,58.77,61.41,83.79,47.03,Excellent labs and digital board infrastructure.
TS343-SEM1-08,TS343,1,6,TS343-S08,63.63,58.47,False,44.5,76.89,64.52,78.47,57.77,Excellent labs and digital board infrastructure.
TS343-SEM1-09,TS343,1,6,TS343-S09,79.63,55.85,True,71.91,64.4,62.21,79.19,73.76,"Campus has trees and nature, very peaceful."
TS343-SEM1-10,TS343,1,6,TS343-S10,77.47,49.29,False,54.71,58.0,52.9,78.06,53.32,"Campus has trees and nature, very peaceful."
TS343-SEM1-11,TS343,1,6,TS343-S11,66.37,57.18,False,59.06,66.26,61.55,86.8,59.43,Good focus on practical sessions and mentoring.
TS343-SEM1-12,TS343,1,6,TS343-S12,75.31,54.97,True,65.24,74.41,54.63,79.4,64.86,"Campus has trees and nature, very peaceful."
TS343-SEM1-13,TS343,1,6,TS343-S13,70.28,46.61,False,56.02,62.17,56.6,73.45,54.95,"Strictness is moderate, allowing good learning freedom."
TS343-SEM1-14,TS343,1,6,TS343-S14,71.72,75.48,False,51.74,62.73,61.15,65.84,54.29,"Strictness is moderate, allowing good learning freedom."
TS344-SEM1-01,TS344,1,6,TS344-S01,67.52,50.89,False,44.4,46.9,57.37,64.06,56.38,Teaching incorporates both fundamentals and modern practical tools.
TS344-SEM1-02,TS344,1,6,TS344-S02,73.18,43.26,False,56.03,38.97,62.63,61.91,52.52,"Campus has trees and nature, very peaceful."
TS344-SEM1-03,TS344,1,6,TS344-S03,76.9,72.14,False,53.39,41.5,56.49,50.52,47.23,Teaching incorporates both fundamentals and modern practical tools.
TS344-SEM1-04,TS344,1,6,TS344-S04,67.6,42.38,False,60.14,53.88,64.07,61.31,54.76,Career guidance is helpful from the beginning.
TS344-SEM1-05,TS344,1,6,TS344-S05,76.77,63.51,True,65.2,61.97,63.87,75.6,67.1,Teaching incorporates both fundamentals and modern practical tools.
TS344-SEM1-06,TS344,1,6,TS344-S06,79.73,48.37,False,54.86,50.68,53.16,52.51,54.78,Good focus on practical sessions and mentoring.
TS344-SEM1-07,TS344,1,6,TS344-S07,69.98,52.35,False,59.65,51.96,59.92,63.06,59.99,Excellent labs and digital board infrastructure.
TS344-SEM1-08,TS344,1,6,TS344-S08,58.28,60.93,False,44.2,73.94,59.02,62.34,49.13,Good focus on practical sessions and mentoring.
TS344-SEM1-09,TS344,1,6,TS344-S09,69.87,72.99,False,57.35,65.55,54.09,55.19,54.83,Good focus on practical sessions and mentoring.
TS344-SEM1-10,TS344,1,6,TS344-S10,75.99,66.19,True,62.61,64.86,57.55,58.18,70.45,"Strictness is moderate, allowing good learning freedom."
TS344-SEM1-11,TS344,1,6,TS344-S11,67.34,64.29,False,53.73,45.83,54.44,64.17,54.18,Good focus on practical sessions and mentoring.
TS344-SEM1-12,TS344,1,6,TS344-S12,73.48,62.55,False,48.82,47.62,46.26,52.68,49.16,"Strictness is moderate, allowing good learning freedom."
TS344-SEM1-13,TS344,1,6,TS344-S13,75.29,55.97,True,66.7,63.32,65.11,67.7,76.29,Good focus on practical sessions and mentoring.
TS344-SEM1-14,TS344,1,6,TS344-S14,66.08,79.59,False,49.12,50.66,55.62,65.55,46.96,"Campus has trees and nature, very peaceful."
TS345-SEM1-01,TS345,1,6,TS345-S01,68.37,51.93,False,69.28,60.53,61.33,71.2,53.27,"Strictness is moderate, allowing good learning freedom."
TS345-SEM1-02,TS345,1,6,TS345-S02,79.38,51.74,True,71.72,77.61,72.08,67.87,71.67,Career guidance is helpful from the beginning.
TS345-SEM1-03,TS345,1,6,TS345-S03,68.76,66.75,False,67.73,61.76,64.1,65.72,61.69,Excellent labs and digital board infrastructure.
TS345-SEM1-04,TS345,1,6,TS345-S04,71.98,57.66,False,61.49,65.21,55.61,64.33,65.6,Teaching incorporates both fundamentals and modern practical tools.
TS345-SEM1-05,TS345,1,6,TS345-S05,80.36,73.76,True,70.55,73.12,70.88,65.31,74.98,"Strictness is moderate, allowing good learning freedom."
TS345-SEM1-06,TS345,1,6,TS345-S06,67.63,48.05,False,69.28,72.38,67.44,69.05,63.22,Teaching incorporates both fundamentals and modern practical tools.
TS345-SEM1-07,TS345,1,6,TS345-S07,67.6,79.99,False,59.07,54.16,68.49,70.15,60.18,Career guidance is helpful from the beginning.
TS345-SEM1-08,TS345,1,6,TS345-S08,79.47,63.81,True,74.12,78.69,75.09,81.04,83.86,Good focus on practical sessions and mentoring.
TS345-SEM1-09,TS345,1,6,TS345-S09,62.59,60.31,False,56.23,79.17,62.82,67.97,58.2,"Strictness is moderate, allowing good learning freedom."
TS345-SEM1-10,TS345,1,6,TS345-S10,60.13,49.45,False,62.19,72.05,70.34,58.78,63.25,Good focus on practical sessions and mentoring.
TS345-SEM1-11,TS345,1,6,TS345-S11,77.7,67.13,True,77.97,78.73,81.67,83.97,82.91,Excellent labs and digital board infrastructure.
TS345-SEM1-12,TS345,1,6,TS345-S12,72.32,61.69,False,64.12,69.15,65.1,78.57,57.73,Teaching incorporates both fundamentals and modern practical tools.
TS345-SEM1-13,TS345,1,6,TS345-S13,79.77,40.02,False,62.03,64.79,68.83,64.58,68.62,Good focus on practical sessions and mentoring.
TS345-SEM1-14,TS345,1,6,TS345-S14,70.55,51.71,False,57.89,63.72,71.31,72.19,55.67,"Campus has trees and nature, very peaceful."
TS346-SEM1-01,TS346,1,6,TS346-S01,63.95,68.3,False,35.28,35.96,40.61,54.12,51.6,Excellent labs and digital board infrastructure.
TS346-SEM1-02,TS346,1,6,TS346-S02,71.55,71.43,False,38.42,58.51,45.82,53.47,43.27,"Campus has trees and nature, very peaceful."
TS346-SEM1-03,TS346,1,6,TS346-S03,60.49,53.15,False,46.43,33.87,50.88,40.97,46.1,"Strictness is moderate, allowing good learning freedom."
TS346-SEM1-04,TS346,1,6,TS346-S04,63.84,66.43,False,50.3,47.32,49.0,58.38,39.49,"Strictness is moderate, allowing good learning freedom."
TS346-SEM1-05,TS346,1,6,TS346-S05,68.79,68.41,False,47.94,46.73,43.33,55.31,37.21,"Strictness is moderate, allowing good learning freedom."
TS346-SEM1-06,TS346,1,6,TS346-S06,85.67,50.04,True,61.45,63.06,51.53,66.62,63.05,"Campus has trees and nature, very peaceful."
TS346-SEM1-07,TS346,1,6,TS346-S07,70.51,65.86,False,52.67,61.54,50.37,41.82,37.11,Career guidance is helpful from the beginning.
TS346-SEM1-08,TS346,1,6,TS346-S08,63.51,55.57,False,45.63,50.38,55.03,37.02,43.35,Career guidance is helpful from the beginning.
TS346-SEM1-09,TS346,1,6,TS346-S09,74.76,33.92,False,48.12,70.51,53.27,51.31,42.03,"Campus has trees and nature, very peaceful."
TS346-SEM1-10,TS346,1,6,TS346-S10,73.4,77.37,False,43.32,58.22,51.72,59.22,48.85,Career guidance is helpful from the beginning.
TS346-SEM1-11,TS346,1,6,TS346-S11,73.14,63.25,False,43.52,56.48,46.45,50.15,42.43,"Campus has trees and nature, very peaceful."
TS346-SEM1-12,TS346,1,6,TS346-S12,63.95,64.2,False,36.25,45.08,52.74,50.48,44.17,Good focus on practical sessions and mentoring.
TS346-SEM1-13,TS346,1,6,TS346-S13,66.81,72.49,False,40.08,54.32,55.9,40.28,41.37,Career guidance is helpful from the beginning.
TS346-SEM1-14,TS346,1,6,TS346-S14,69.01,64.73,False,39.74,39.35,49.13,46.1,42.67,"Campus has trees and nature, very peaceful."
TS347-SEM1-01,TS347,1,6,TS347-S01,74.22,51.23,False,52.51,65.0,50.49,59.02,61.65,"Strictness is moderate, allowing good learning freedom."
TS347-SEM1-02,TS347,1,6,TS347-S02,69.51,53.18,False,68.95,75.34,63.81,73.95,65.4,Excellent labs and digital board infrastructure.
TS347-SEM1-03,TS347,1,6,TS347-S03,71.9,56.88,False,60.34,48.71,66.65,64.33,58.09,Excellent labs and digital board infrastructure.
TS347-SEM1-04,TS347,1,6,TS347-S04,72.25,53.52,False,59.6,49.47,61.4,59.63,53.43,Career guidance is helpful from the beginning.
TS347-SEM1-05,TS347,1,6,TS347-S05,58.45,57.71,False,62.72,61.77,69.23,60.59,55.42,Excellent labs and digital board infrastructure.
TS347-SEM1-06,TS347,1,6,TS347-S06,77.5,61.13,True,86.5,68.31,68.39,67.35,74.37,Teaching incorporates both fundamentals and modern practical tools.
TS347-SEM1-07,TS347,1,6,TS347-S07,78.13,67.74,True,75.98,52.42,73.96,73.93,75.82,Teaching incorporates both fundamentals and modern practical tools.
TS347-SEM1-08,TS347,1,6,TS347-S08,79.31,59.26,True,67.35,58.2,67.82,71.43,78.55,Excellent labs and digital board infrastructure.
TS347-SEM1-09,TS347,1,6,TS347-S09,65.42,77.07,False,54.02,59.64,63.87,68.1,60.07,"Strictness is moderate, allowing good learning freedom."
TS347-SEM1-10,TS347,1,6,TS347-S10,85.57,55.97,True,73.31,78.21,73.06,74.63,68.34,"Campus has trees and nature, very peaceful."
TS347-SEM1-11,TS347,1,6,TS347-S11,69.28,52.23,False,57.13,53.74,61.22,63.84,55.84,Excellent labs and digital board infrastructure.
TS347-SEM1-12,TS347,1,6,TS347-S12,70.23,52.72,False,60.03,53.13,60.82,66.01,44.9,"Strictness is moderate, allowing good learning freedom."
TS347-SEM1-13,TS347,1,6,TS347-S13,86.95,67.25,True,70.68,71.1,64.76,76.25,67.39,Excellent labs and digital board infrastructure.
TS347-SEM1-14,TS347,1,6,TS347-S14,64.39,54.9,False,68.87,51.53,65.48,53.93,57.94,Excellent labs and digital board infrastructure.
TS348-SEM1-01,TS348,1,6,TS348-S01,80.14,67.81,True,57.56,49.97,61.46,65.12,72.61,"Campus has trees and nature, very peaceful."
TS348-SEM1-02,TS348,1,6,TS348-S02,67.59,60.41,False,35.42,25.49,54.61,46.39,36.12,"Campus has trees and nature, very peaceful."
TS348-SEM1-03,TS348,1,6,TS348-S03,65.02,65.43,False,50.29,32.08,58.17,47.33,47.36,"Strictness is moderate, allowing good learning freedom."
TS348-SEM1-04,TS348,1,6,TS348-S04,72.23,61.88,False,42.37,44.98,53.34,50.31,46.49,Teaching incorporates both fundamentals and modern practical tools.
TS348-SEM1-05,TS348,1,6,TS348-S05,78.61,57.29,True,60.73,66.57,51.96,66.33,61.33,Career guidance is helpful from the beginning.
TS348-SEM1-06,TS348,1,6,TS348-S06,84.67,66.35,True,61.02,60.62,62.39,57.65,67.81,Teaching incorporates both fundamentals and modern practical tools.
TS348-SEM1-07,TS348,1,6,TS348-S07,51.83,55.56,False,48.12,49.19,56.85,49.99,44.04,"Campus has trees and nature, very peaceful."
TS348-SEM1-08,TS348,1,6,TS348-S08,77.23,73.52,True,61.07,75.57,59.39,59.81,72.15,"Campus has trees and nature, very peaceful."
TS348-SEM1-09,TS348,1,6,TS348-S09,81.17,69.08,True,62.67,59.32,68.75,76.21,60.99,"Strictness is moderate, allowing good learning freedom."
TS348-SEM1-10,TS348,1,6,TS348-S10,77.12,53.85,True,56.78,68.53,60.18,60.27,64.24,"Campus has trees and nature, very peaceful."
TS348-SEM1-11,TS348,1,6,TS348-S11,74.26,66.1,False,43.88,31.68,45.35,41.84,46.96,"Campus has trees and nature, very peaceful."
TS348-SEM1-12,TS348,1,6,TS348-S12,67.1,71.8,False,49.43,30.5,49.94,38.77,40.27,"Campus has trees and nature, very peaceful."
TS348-SEM1-13,TS348,1,6,TS348-S13,69.06,52.55,False,59.3,51.17,50.35,60.07,41.12,"Strictness is moderate, allowing good learning freedom."
TS348-SEM1-14,TS348,1,6,TS348-S14,70.01,70.54,False,41.3,50.66,53.45,55.04,54.98,"Strictness is moderate, allowing good learning freedom."
TS349-SEM1-01,TS349,1,6,TS349-S01,66.97,56.94,False,54.43,33.5,50.91,73.13,58.45,"Strictness is moderate, allowing good learning freedom."
TS349-SEM1-02,TS349,1,6,TS349-S02,79.26,62.44,True,62.37,33.73,58.83,62.9,66.82,"Campus has trees and nature, very peaceful."
TS349-SEM1-03,TS349,1,6,TS349-S03,74.9,78.51,False,50.87,37.34,53.7,62.6,48.12,Good focus on practical sessions and mentoring.
TS349-SEM1-04,TS349,1,6,TS349-S04,67.18,67.25,False,43.82,38.34,56.76,54.03,46.92,Good focus on practical sessions and mentoring.
TS349-SEM1-05,TS349,1,6,TS349-S05,72.1,61.58,False,44.87,48.0,50.09,68.64,46.67,Excellent labs and digital board infrastructure.
TS349-SEM1-06,TS349,1,6,TS349-S06,75.65,69.33,False,44.88,51.21,47.57,51.12,51.71,Good focus on practical sessions and mentoring.
TS349-SEM1-07,TS349,1,6,TS349-S07,70.8,54.93,False,47.69,39.01,65.58,64.85,44.56,Teaching incorporates both fundamentals and modern practical tools.
TS349-SEM1-08,TS349,1,6,TS349-S08,70.12,67.97,False,44.82,40.9,53.19,53.45,54.16,Excellent labs and digital board infrastructure.
TS349-SEM1-09,TS349,1,6,TS349-S09,67.71,60.84,False,51.38,58.06,54.25,71.56,46.87,Career guidance is helpful from the beginning.
TS349-SEM1-10,TS349,1,6,TS349-S10,70.68,71.37,False,62.2,43.25,60.86,63.82,44.88,"Strictness is moderate, allowing good learning freedom."
TS349-SEM1-11,TS349,1,6,TS349-S11,71.89,61.59,False,44.49,46.68,55.08,60.99,49.03,"Campus has trees and nature, very peaceful."
TS349-SEM1-12,TS349,1,6,TS349-S12,68.0,86.46,False,51.98,55.77,56.87,67.78,44.8,"Strictness is moderate, allowing good learning freedom."
TS349-SEM1-13,TS349,1,6,TS349-S13,71.47,57.52,False,47.25,47.51,53.45,50.18,47.17,Good focus on practical sessions and mentoring.
TS349-SEM1-14,TS349,1,6,TS349-S14,69.68,70.81,False,42.0,41.27,50.93,63.21,45.95,"Strictness is moderate, allowing good learning freedom."
TS350-SEM1-01,TS350,1,6,TS350-S01,84.24,65.54,True,86.66,100.0,77.06,84.86,80.61,Teaching incorporates both fundamentals and modern practical tools.
TS350-SEM1-02,TS350,1,6,TS350-S02,74.97,70.8,False,63.68,60.56,73.52,72.39,69.17,"Strictness is moderate, allowing good learning freedom."
TS350-SEM1-03,TS350,1,6,TS350-S03,87.13,66.35,True,84.75,79.45,70.44,75.54,92.2,Career guidance is helpful from the beginning.
TS350-SEM1-04,TS350,1,6,TS350-S04,89.92,91.0,True,90.59,81.94,82.14,81.71,85.53,"Campus has trees and nature, very peaceful."
TS350-SEM1-05,TS350,1,6,TS350-S05,86.47,82.65,True,70.16,67.92,81.72,82.79,87.66,"Campus has trees and nature, very peaceful."
TS350-SEM1-06,TS350,1,6,TS350-S06,74.7,88.62,False,62.71,81.84,64.58,82.44,61.68,Career guidance is helpful from the beginning.
TS350-SEM1-07,TS350,1,6,TS350-S07,81.95,85.76,True,77.4,75.13,71.47,75.07,80.17,Career guidance is helpful from the beginning.
TS350-SEM1-08,TS350,1,6,TS350-S08,76.87,59.94,True,82.14,79.92,75.34,82.35,82.75,Career guidance is helpful from the beginning.
TS350-SEM1-09,TS350,1,6,TS350-S09,86.9,68.23,True,80.41,76.54,71.26,83.42,79.91,"Strictness is moderate, allowing good learning freedom."
TS350-SEM1-10,TS350,1,6,TS350-S10,81.53,79.2,True,85.4,77.58,78.02,83.97,83.37,Teaching incorporates both fundamentals and modern practical tools.
TS350-SEM1-11,TS350,1,6,TS350-S11,73.74,56.71,False,75.05,71.72,69.62,85.2,80.66,Excellent labs and digital board infrastructure.
TS350-SEM1-12,TS350,1,6,TS350-S12,73.0,74.61,False,72.34,56.99,64.7,84.54,66.07,"Strictness is moderate, allowing good learning freedom."
TS350-SEM1-13,TS350,1,6,TS350-S13,77.84,58.59,True,73.93,71.88,74.56,83.79,78.83,Excellent labs and digital board infrastructure.
TS350-SEM1-14,TS350,1,6,TS350-S14,76.3,84.45,True,82.43,83.52,74.04,88.0,86.47,Good focus on practical sessions and mentoring.
TS351-SEM1-01,TS351,1,6,TS351-S01,73.06,48.07,False,52.64,62.35,54.92,44.48,38.03,"Campus has trees and nature, very peaceful."
TS351-SEM1-02,TS351,1,6,TS351-S02,75.85,51.21,True,62.07,65.73,56.14,54.03,62.26,"Strictness is moderate, allowing good learning freedom."
TS351-SEM1-03,TS351,1,6,TS351-S03,66.5,58.2,False,37.11,55.73,64.76,48.63,50.77,"Strictness is moderate, allowing good learning freedom."
TS351-SEM1-04,TS351,1,6,TS351-S04,70.43,48.54,False,60.32,43.08,55.55,49.57,50.75,Good focus on practical sessions and mentoring.
TS351-SEM1-05,TS351,1,6,TS351-S05,71.6,50.36,False,42.83,68.66,52.42,61.34,42.98,"Strictness is moderate, allowing good learning freedom."
TS351-SEM1-06,TS351,1,6,TS351-S06,76.28,49.16,False,47.0,67.63,46.9,44.13,48.95,Excellent labs and digital board infrastructure.
TS351-SEM1-07,TS351,1,6,TS351-S07,72.69,80.96,False,45.37,50.4,52.4,41.82,38.32,"Strictness is moderate, allowing good learning freedom."
TS351-SEM1-08,TS351,1,6,TS351-S08,63.66,30.0,False,46.31,39.44,48.12,54.39,40.09,Career guidance is helpful from the beginning.
TS351-SEM1-09,TS351,1,6,TS351-S09,76.14,46.2,False,42.71,63.77,48.68,56.0,56.59,"Strictness is moderate, allowing good learning freedom."
TS351-SEM1-10,TS351,1,6,TS351-S10,69.49,55.34,False,33.86,52.18,52.71,52.9,51.77,"Campus has trees and nature, very peaceful."
TS351-SEM1-11,TS351,1,6,TS351-S11,65.84,80.71,False,45.13,52.76,50.48,43.65,38.82,Excellent labs and digital board infrastructure.
TS351-SEM1-12,TS351,1,6,TS351-S12,73.26,52.36,False,45.49,46.55,49.01,37.48,28.98,"Campus has trees and nature, very peaceful."
TS351-SEM1-13,TS351,1,6,TS351-S13,77.03,73.25,True,63.33,61.58,51.2,60.66,68.51,Good focus on practical sessions and mentoring.
TS351-SEM1-14,TS351,1,6,TS351-S14,78.36,79.45,True,55.83,59.99,59.74,64.39,61.56,"Strictness is moderate, allowing good learning freedom."
TS352-SEM1-01,TS352,1,6,TS352-S01,81.03,59.67,True,78.01,67.9,72.42,59.61,71.67,Excellent labs and digital board infrastructure.
TS352-SEM1-02,TS352,1,6,TS352-S02,76.93,68.72,False,50.96,44.46,54.01,50.59,57.28,Good focus on practical sessions and mentoring.
TS352-SEM1-03,TS352,1,6,TS352-S03,62.01,46.0,False,59.97,70.36,67.15,43.34,57.66,"Campus has trees and nature, very peaceful."
TS352-SEM1-04,TS352,1,6,TS352-S04,77.73,57.05,True,62.72,65.92,70.37,64.31,75.59,Teaching incorporates both fundamentals and modern practical tools.
TS352-SEM1-05,TS352,1,6,TS352-S05,76.35,64.16,True,69.02,61.58,66.4,64.76,69.84,Career guidance is helpful from the beginning.
TS352-SEM1-06,TS352,1,6,TS352-S06,78.42,52.12,True,76.72,71.41,59.46,62.19,70.01,Good focus on practical sessions and mentoring.
TS352-SEM1-07,TS352,1,6,TS352-S07,64.07,64.23,False,50.21,59.77,68.98,56.2,54.54,"Strictness is moderate, allowing good learning freedom."
TS352-SEM1-08,TS352,1,6,TS352-S08,71.04,71.14,False,55.87,54.09,57.04,49.02,60.17,"Campus has trees and nature, very peaceful."
TS352-SEM1-09,TS352,1,6,TS352-S09,69.08,67.55,False,61.52,50.17,57.73,57.85,56.4,"Strictness is moderate, allowing good learning freedom."
TS352-SEM1-10,TS352,1,6,TS352-S10,70.93,66.62,False,63.78,57.5,58.86,55.09,51.68,Excellent labs and digital board infrastructure.
TS352-SEM1-11,TS352,1,6,TS352-S11,72.86,62.02,False,52.81,54.58,60.08,58.78,51.33,Good focus on practical sessions and mentoring.
TS352-SEM1-12,TS352,1,6,TS352-S12,67.14,58.26,False,61.08,63.63,63.01,58.67,61.51,"Strictness is moderate, allowing good learning freedom."
TS352-SEM1-13,TS352,1,6,TS352-S13,72.95,53.98,False,57.24,46.92,63.67,51.44,56.26,"Campus has trees and nature, very peaceful."
TS352-SEM1-14,TS352,1,6,TS352-S14,71.49,58.17,False,59.05,56.82,58.55,47.8,57.48,"Strictness is moderate, allowing good learning freedom."
TS353-SEM1-01,TS353,1,6,TS353-S01,65.05,78.32,False,51.45,54.31,53.18,75.27,49.83,Teaching incorporates both fundamentals and modern practical tools.
TS353-SEM1-02,TS353,1,6,TS353-S02,74.7,59.97,False,52.03,56.3,63.53,63.09,43.38,Good focus on practical sessions and mentoring.
TS353-SEM1-03,TS353,1,6,TS353-S03,74.36,60.85,False,54.71,57.04,53.71,68.19,59.71,"Campus has trees and nature, very peaceful."
TS353-SEM1-04,TS353,1,6,TS353-S04,60.85,62.82,False,49.18,52.4,45.64,64.99,48.0,Good focus on practical sessions and mentoring.
TS353-SEM1-05,TS353,1,6,TS353-S05,68.74,74.03,False,49.78,55.84,49.74,57.38,57.75,"Strictness is moderate, allowing good learning freedom."
TS353-SEM1-06,TS353,1,6,TS353-S06,75.67,74.88,True,68.59,78.08,66.32,79.31,70.43,"Campus has trees and nature, very peaceful."
TS353-SEM1-07,TS353,1,6,TS353-S07,71.99,38.46,False,54.92,64.48,62.16,58.06,50.25,Career guidance is helpful from the beginning.
TS353-SEM1-08,TS353,1,6,TS353-S08,62.46,45.87,False,55.5,69.83,62.93,65.46,60.65,"Campus has trees and nature, very peaceful."
TS353-SEM1-09,TS353,1,6,TS353-S09,69.64,70.98,False,44.51,34.55,54.01,62.1,51.59,"Campus has trees and nature, very peaceful."
TS353-SEM1-10,TS353,1,6,TS353-S10,70.88,65.61,False,62.86,65.6,52.59,47.75,45.04,"Campus has trees and nature, very peaceful."
TS353-SEM1-11,TS353,1,6,TS353-S11,80.06,56.96,True,70.26,69.25,62.99,65.84,79.56,Excellent labs and digital board infrastructure.
TS353-SEM1-12,TS353,1,6,TS353-S12,66.26,73.21,False,57.4,64.62,55.82,53.95,44.68,"Campus has trees and nature, very peaceful."
TS353-SEM1-13,TS353,1,6,TS353-S13,67.35,65.7,False,57.76,62.21,57.72,69.08,39.97,Career guidance is helpful from the beginning.
TS353-SEM1-14,TS353,1,6,TS353-S14,58.76,46.52,False,57.97,43.62,56.37,57.37,51.2,Teaching incorporates both fundamentals and modern practical tools.
TS354-SEM1-01,TS354,1,6,TS354-S01,72.98,68.29,False,62.14,63.11,45.51,81.68,56.89,Career guidance is helpful from the beginning.
TS354-SEM1-02,TS354,1,6,TS354-S02,63.86,63.98,False,59.71,46.91,58.68,68.14,51.03,Teaching incorporates both fundamentals and modern practical tools.
TS354-SEM1-03,TS354,1,6,TS354-S03,75.42,55.78,True,76.32,66.01,72.78,89.9,78.13,"Strictness is moderate, allowing good learning freedom."
TS354-SEM1-04,TS354,1,6,TS354-S04,75.6,70.54,True,76.99,60.09,68.52,84.13,73.52,Excellent labs and digital board infrastructure.
TS354-SEM1-05,TS354,1,6,TS354-S05,87.01,60.09,True,72.23,76.1,64.53,81.55,73.53,Excellent labs and digital board infrastructure.
TS354-SEM1-06,TS354,1,6,TS354-S06,71.64,56.02,False,64.48,76.82,57.7,66.93,53.71,Excellent labs and digital board infrastructure.
TS354-SEM1-07,TS354,1,6,TS354-S07,80.44,59.42,True,66.42,83.75,67.42,83.27,69.92,Teaching incorporates both fundamentals and modern practical tools.
TS354-SEM1-08,TS354,1,6,TS354-S08,66.65,61.96,False,58.52,66.38,53.46,69.07,52.46,Career guidance is helpful from the beginning.
TS354-SEM1-09,TS354,1,6,TS354-S09,72.72,50.7,False,57.32,54.33,61.22,70.12,50.84,Good focus on practical sessions and mentoring.
TS354-SEM1-10,TS354,1,6,TS354-S10,73.71,73.13,False,62.78,68.38,68.05,73.81,65.25,Excellent labs and digital board infrastructure.
TS354-SEM1-11,TS354,1,6,TS354-S11,76.54,52.5,True,72.8,76.52,67.75,75.95,77.85,Teaching incorporates both fundamentals and modern practical tools.
TS354-SEM1-12,TS354,1,6,TS354-S12,65.3,65.04,False,58.15,48.74,70.78,74.87,49.97,"Strictness is moderate, allowing good learning freedom."
TS354-SEM1-13,TS354,1,6,TS354-S13,72.29,44.7,False,60.06,66.37,75.41,75.36,52.6,Career guidance is helpful from the beginning.
TS354-SEM1-14,TS354,1,6,TS354-S14,73.24,76.4,False,60.9,66.14,65.7,77.81,48.89,Excellent labs and digital board infrastructure.
TS355-SEM1-01,TS355,1,6,TS355-S01,74.58,70.98,False,54.29,59.76,64.58,54.35,47.41,"Campus has trees and nature, very peaceful."
TS355-SEM1-02,TS355,1,6,TS355-S02,75.49,70.23,True,74.97,63.75,72.79,69.37,67.56,Career guidance is helpful from the beginning.
TS355-SEM1-03,TS355,1,6,TS355-S03,80.55,70.27,True,66.87,71.45,61.45,71.73,70.61,Teaching incorporates both fundamentals and modern practical tools.
TS355-SEM1-04,TS355,1,6,TS355-S04,73.29,41.79,False,50.01,58.67,64.72,62.02,57.07,Good focus on practical sessions and mentoring.
TS355-SEM1-05,TS355,1,6,TS355-S05,63.11,57.51,False,57.13,56.14,63.27,61.26,52.22,Good focus on practical sessions and mentoring.
TS355-SEM1-06,TS355,1,6,TS355-S06,75.92,56.63,True,72.24,58.93,73.55,58.75,69.96,Good focus on practical sessions and mentoring.
TS355-SEM1-07,TS355,1,6,TS355-S07,81.76,81.76,True,76.08,72.84,64.0,72.61,67.15,"Campus has trees and nature, very peaceful."
TS355-SEM1-08,TS355,1,6,TS355-S08,62.63,67.04,False,58.83,47.16,58.74,55.69,51.15,Career guidance is helpful from the beginning.
TS355-SEM1-09,TS355,1,6,TS355-S09,69.38,69.41,False,52.45,46.55,68.03,65.77,57.93,Excellent labs and digital board infrastructure.
TS355-SEM1-10,TS355,1,6,TS355-S10,75.65,71.41,True,72.24,67.66,64.26,75.12,70.13,Career guidance is helpful from the beginning.
TS355-SEM1-11,TS355,1,6,TS355-S11,72.71,65.7,False,58.18,48.53,60.46,56.68,54.35,Good focus on practical sessions and mentoring.
TS355-SEM1-12,TS355,1,6,TS355-S12,76.68,80.0,True,74.64,57.94,69.14,63.11,77.47,"Campus has trees and nature, very peaceful."
TS355-SEM1-13,TS355,1,6,TS355-S13,65.6,52.23,False,59.98,70.08,64.74,60.68,48.51,"Strictness is moderate, allowing good learning freedom."
TS355-SEM1-14,TS355,1,6,TS355-S14,69.43,63.26,False,54.99,48.41,65.88,70.65,62.88,Good focus on practical sessions and mentoring.
TS356-SEM1-01,TS356,1,6,TS356-S01,74.11,48.61,False,44.61,53.67,59.13,51.92,46.44,Teaching incorporates both fundamentals and modern practical tools.
TS356-SEM1-02,TS356,1,6,TS356-S02,77.26,65.19,True,61.05,79.18,71.3,64.07,70.83,Career guidance is helpful from the beginning.
TS356-SEM1-03,TS356,1,6,TS356-S03,74.98,65.31,False,44.15,52.91,55.87,45.42,57.56,"Campus has trees and nature, very peaceful."
TS356-SEM1-04,TS356,1,6,TS356-S04,75.0,79.82,True,58.01,78.16,61.14,66.79,75.93,"Strictness is moderate, allowing good learning freedom."
TS356-SEM1-05,TS356,1,6,TS356-S05,80.11,72.73,True,66.33,82.78,64.75,56.29,70.6,Good focus on practical sessions and mentoring.
TS356-SEM1-06,TS356,1,6,TS356-S06,78.89,73.12,True,72.87,73.22,61.66,53.66,75.54,"Campus has trees and nature, very peaceful."
TS356-SEM1-07,TS356,1,6,TS356-S07,81.17,77.7,True,65.13,68.16,70.9,63.45,67.27,"Strictness is moderate, allowing good learning freedom."
TS356-SEM1-08,TS356,1,6,TS356-S08,72.97,69.14,False,56.88,71.14,63.67,59.08,46.57,Teaching incorporates both fundamentals and modern practical tools.
TS356-SEM1-09,TS356,1,6,TS356-S09,67.78,52.09,False,54.93,53.94,59.37,56.04,51.62,Teaching incorporates both fundamentals and modern practical tools.
TS356-SEM1-10,TS356,1,6,TS356-S10,77.44,55.84,True,62.33,74.64,72.74,67.67,67.55,Career guidance is helpful from the beginning.
TS356-SEM1-11,TS356,1,6,TS356-S11,77.97,48.48,False,61.9,62.21,60.54,40.37,52.91,"Campus has trees and nature, very peaceful."
TS356-SEM1-12,TS356,1,6,TS356-S12,83.33,65.41,True,65.14,62.32,64.08,51.6,70.89,Good focus on practical sessions and mentoring.
TS356-SEM1-13,TS356,1,6,TS356-S13,78.96,58.2,True,66.31,71.26,68.19,61.39,72.94,Good focus on practical sessions and mentoring.
TS356-SEM1-14,TS356,1,6,TS356-S14,75.43,71.13,True,68.68,73.63,63.28,61.6,64.18,Excellent labs and digital board infrastructure.
TS357-SEM1-01,TS357,1,6,TS357-S01,80.57,52.26,True,62.1,74.01,76.75,61.66,73.7,Good focus on practical sessions and mentoring.
TS357-SEM1-02,TS357,1,6,TS357-S02,70.67,59.85,False,52.83,62.3,70.97,57.28,58.27,Career guidance is helpful from the beginning.
TS357-SEM1-03,TS357,1,6,TS357-S03,73.33,58.04,False,60.79,58.95,65.21,59.87,50.09,Teaching incorporates both fundamentals and modern practical tools.
TS357-SEM1-04,TS357,1,6,TS357-S04,61.21,40.62,False,56.66,68.64,59.47,58.81,53.85,Good focus on practical sessions and mentoring.
TS357-SEM1-05,TS357,1,6,TS357-S05,66.99,84.03,False,54.33,51.18,58.64,60.74,54.25,Excellent labs and digital board infrastructure.
TS357-SEM1-06,TS357,1,6,TS357-S06,73.72,54.7,False,55.59,56.34,62.66,64.57,61.21,Career guidance is helpful from the beginning.
TS357-SEM1-07,TS357,1,6,TS357-S07,80.45,48.87,False,52.88,54.65,63.1,53.83,53.67,"Strictness is moderate, allowing good learning freedom."
TS357-SEM1-08,TS357,1,6,TS357-S08,76.11,72.7,True,75.04,66.7,70.22,74.13,78.42,Career guidance is helpful from the beginning.
TS357-SEM1-09,TS357,1,6,TS357-S09,77.31,71.51,True,76.92,68.96,73.09,74.65,82.89,Career guidance is helpful from the beginning.
TS357-SEM1-10,TS357,1,6,TS357-S10,75.57,65.94,True,67.93,83.56,70.77,68.12,72.86,Career guidance is helpful from the beginning.
TS357-SEM1-11,TS357,1,6,TS357-S11,64.96,76.72,False,61.54,59.04,64.87,58.27,48.59,Career guidance is helpful from the beginning.
TS357-SEM1-12,TS357,1,6,TS357-S12,70.93,47.93,False,60.54,74.68,59.91,65.04,53.92,Career guidance is helpful from the beginning.
TS357-SEM1-13,TS357,1,6,TS357-S13,71.88,53.22,False,62.83,72.77,64.08,63.5,59.79,Teaching incorporates both fundamentals and modern practical tools.
TS357-SEM1-14,TS357,1,6,TS357-S14,70.51,75.07,False,56.01,49.42,58.51,63.98,55.18,Teaching incorporates both fundamentals and modern practical tools.
TS358-SEM1-01,TS358,1,6,TS358-S01,62.36,80.03,False,52.48,69.85,59.79,63.25,46.31,Excellent labs and digital board infrastructure.
TS358-SEM1-02,TS358,1,6,TS358-S02,67.97,66.67,False,57.99,70.86,56.4,69.81,54.19,Good focus on practical sessions and mentoring.
TS358-SEM1-03,TS358,1,6,TS358-S03,75.8,67.13,True,71.37,76.94,70.79,81.36,68.68,"Strictness is moderate, allowing good learning freedom."
TS358-SEM1-04,TS358,1,6,TS358-S04,65.0,74.87,False,48.14,71.52,55.31,61.55,53.46,"Campus has trees and nature, very peaceful."
TS358-SEM1-05,TS358,1,6,TS358-S05,63.29,52.3,False,45.82,68.6,59.8,65.41,53.55,Teaching incorporates both fundamentals and modern practical tools.
TS358-SEM1-06,TS358,1,6,TS358-S06,71.89,57.18,False,61.59,49.14,52.64,73.48,55.19,"Campus has trees and nature, very peaceful."
TS358-SEM1-07,TS358,1,6,TS358-S07,59.85,65.19,False,46.32,73.65,64.46,77.91,52.36,Excellent labs and digital board infrastructure.
TS358-SEM1-08,TS358,1,6,TS358-S08,64.7,56.59,False,52.75,66.33,50.7,65.3,48.78,Good focus on practical sessions and mentoring.
TS358-SEM1-09,TS358,1,6,TS358-S09,68.92,75.83,False,61.87,69.09,63.04,63.74,53.61,Teaching incorporates both fundamentals and modern practical tools.
TS358-SEM1-10,TS358,1,6,TS358-S10,62.56,49.66,False,56.62,54.29,63.31,65.03,52.37,"Strictness is moderate, allowing good learning freedom."
TS358-SEM1-11,TS358,1,6,TS358-S11,68.36,66.51,False,59.92,56.21,57.23,64.2,55.46,Teaching incorporates both fundamentals and modern practical tools.
TS358-SEM1-12,TS358,1,6,TS358-S12,73.85,60.98,False,60.11,62.16,52.87,73.35,58.76,"Strictness is moderate, allowing good learning freedom."
TS358-SEM1-13,TS358,1,6,TS358-S13,63.74,63.79,False,63.66,60.81,63.71,71.99,55.2,"Strictness is moderate, allowing good learning freedom."
TS358-SEM1-14,TS358,1,6,TS358-S14,84.86,68.5,True,68.85,72.87,64.03,65.65,67.36,Good focus on practical sessions and mentoring.
TS359-SEM1-01,TS359,1,6,TS359-S01,62.61,58.6,False,69.13,70.8,61.09,83.35,57.69,Good focus on practical sessions and mentoring.
TS359-SEM1-02,TS359,1,6,TS359-S02,74.24,70.35,False,67.19,71.16,59.58,80.03,56.83,"Strictness is moderate, allowing good learning freedom."
TS359-SEM1-03,TS359,1,6,TS359-S03,77.83,73.11,True,71.24,79.88,80.26,76.41,81.13,"Campus has trees and nature, very peaceful."
TS359-SEM1-04,TS359,1,6,TS359-S04,68.99,69.86,False,60.85,67.26,63.5,66.62,67.98,"Campus has trees and nature, very peaceful."
TS359-SEM1-05,TS359,1,6,TS359-S05,69.85,52.49,False,54.63,70.86,64.56,66.93,58.79,Good focus on practical sessions and mentoring.
TS359-SEM1-06,TS359,1,6,TS359-S06,72.73,50.39,False,62.82,80.11,65.89,66.61,67.94,Teaching incorporates both fundamentals and modern practical tools.
TS359-SEM1-07,TS359,1,6,TS359-S07,71.47,60.25,False,67.79,72.33,69.01,63.57,58.46,Career guidance is helpful from the beginning.
TS359-SEM1-08,TS359,1,6,TS359-S08,83.17,51.6,True,89.11,88.52,77.11,75.19,77.54,Excellent labs and digital board infrastructure.
TS359-SEM1-09,TS359,1,6,TS359-S09,70.14,65.37,False,72.29,73.96,65.81,72.42,65.26,Excellent labs and digital board infrastructure.
TS359-SEM1-10,TS359,1,6,TS359-S10,74.02,59.51,False,57.94,81.64,67.35,74.47,59.28,"Campus has trees and nature, very peaceful."
TS359-SEM1-11,TS359,1,6,TS359-S11,67.79,66.97,False,57.06,63.71,76.2,77.96,64.74,Good focus on practical sessions and mentoring.
TS359-SEM1-12,TS359,1,6,TS359-S12,65.56,64.21,False,64.22,69.48,68.21,64.41,52.31,Teaching incorporates both fundamentals and modern practical tools.
TS359-SEM1-13,TS359,1,6,TS359-S13,73.78,63.62,False,66.17,79.18,71.22,81.91,68.56,Teaching incorporates both fundamentals and modern practical tools.
TS359-SEM1-14,TS359,1,6,TS359-S14,72.35,63.58,False,66.01,60.75,73.26,76.51,54.37,"Campus has trees and nature, very peaceful."
TS360-SEM1-01,TS360,1,6,TS360-S01,77.17,64.93,True,69.92,77.49,63.93,70.51,72.6,"Campus has trees and nature, very peaceful."
TS360-SEM1-02,TS360,1,6,TS360-S02,63.68,46.45,False,59.69,72.6,68.92,71.3,65.25,Career guidance is helpful from the beginning.
TS360-SEM1-03,TS360,1,6,TS360-S03,65.23,54.57,False,63.69,72.23,73.43,63.56,64.37,"Strictness is moderate, allowing good learning freedom."
TS360-SEM1-04,TS360,1,6,TS360-S04,71.14,65.58,False,64.86,70.39,61.65,66.95,63.75,Excellent labs and digital board infrastructure.
TS360-SEM1-05,TS360,1,6,TS360-S05,72.64,34.37,False,61.47,75.99,61.63,71.69,57.47,Excellent labs and digital board infrastructure.
TS360-SEM1-06,TS360,1,6,TS360-S06,70.08,64.06,False,57.0,77.86,72.85,58.69,59.6,Excellent labs and digital board infrastructure.
TS360-SEM1-07,TS360,1,6,TS360-S07,83.36,72.99,True,83.53,53.2,76.6,67.15,80.83,"Campus has trees and nature, very peaceful."
TS360-SEM1-08,TS360,1,6,TS360-S08,73.48,63.34,False,66.04,66.6,63.54,70.87,60.56,Career guidance is helpful from the beginning.
TS360-SEM1-09,TS360,1,6,TS360-S09,68.58,60.22,False,60.94,67.8,68.75,60.07,68.13,"Strictness is moderate, allowing good learning freedom."
TS360-SEM1-10,TS360,1,6,TS360-S10,73.34,43.64,False,64.18,63.12,66.39,64.37,63.92,Good focus on practical sessions and mentoring.
TS360-SEM1-11,TS360,1,6,TS360-S11,76.0,64.21,True,72.18,91.49,80.5,74.31,80.82,"Campus has trees and nature, very peaceful."
TS360-SEM1-12,TS360,1,6,TS360-S12,77.7,58.84,True,73.81,82.9,71.19,67.96,73.35,Career guidance is helpful from the beginning.
TS360-SEM1-13,TS360,1,6,TS360-S13,66.1,55.6,False,58.83,71.42,62.65,68.24,70.37,"Campus has trees and nature, very peaceful."
TS360-SEM1-14,TS360,1,6,TS360-S14,79.5,51.39,True,68.91,82.13,74.8,73.33,73.28,Good focus on practical sessions and mentoring.
TS361-SEM1-01,TS361,1,6,TS361-S01,68.59,44.97,False,59.62,59.21,66.43,68.12,56.5,Good focus on practical sessions and mentoring.
TS361-SEM1-02,TS361,1,6,TS361-S02,77.57,49.89,False,46.48,64.54,63.3,53.8,61.63,Career guidance is helpful from the beginning.
TS361-SEM1-03,TS361,1,6,TS361-S03,61.81,60.88,False,65.19,65.41,65.59,62.32,59.43,Teaching incorporates both fundamentals and modern practical tools.
TS361-SEM1-04,TS361,1,6,TS361-S04,75.05,55.55,True,79.32,88.17,79.06,56.41,82.84,Good focus on practical sessions and mentoring.
TS361-SEM1-05,TS361,1,6,TS361-S05,68.19,80.01,False,54.36,54.33,64.34,62.75,56.83,Good focus on practical sessions and mentoring.
TS361-SEM1-06,TS361,1,6,TS361-S06,77.66,74.37,True,84.43,63.51,68.57,87.37,78.44,"Strictness is moderate, allowing good learning freedom."
TS361-SEM1-07,TS361,1,6,TS361-S07,68.06,64.64,False,64.82,66.06,70.99,59.97,55.32,Good focus on practical sessions and mentoring.
TS361-SEM1-08,TS361,1,6,TS361-S08,66.66,53.69,False,60.84,54.85,66.04,68.96,52.47,Good focus on practical sessions and mentoring.
TS361-SEM1-09,TS361,1,6,TS361-S09,68.22,56.9,False,59.27,62.04,69.11,71.04,54.55,"Strictness is moderate, allowing good learning freedom."
TS361-SEM1-10,TS361,1,6,TS361-S10,76.15,75.75,True,75.82,72.92,64.57,69.69,69.12,Teaching incorporates both fundamentals and modern practical tools.
TS361-SEM1-11,TS361,1,6,TS361-S11,78.84,59.36,True,70.88,62.08,75.15,75.18,81.26,Excellent labs and digital board infrastructure.
TS361-SEM1-12,TS361,1,6,TS361-S12,61.49,75.19,False,59.83,69.58,51.41,67.63,58.22,Excellent labs and digital board infrastructure.
TS361-SEM1-13,TS361,1,6,TS361-S13,70.68,61.02,False,57.01,52.06,58.27,65.33,65.15,Good focus on practical sessions and mentoring.
TS361-SEM1-14,TS361,1,6,TS361-S14,78.64,64.3,True,86.97,78.81,74.56,64.17,77.87,Teaching incorporates both fundamentals and modern practical tools.
TS362-SEM1-01,TS362,1,6,TS362-S01,71.51,46.54,False,49.87,51.82,45.48,58.44,57.26,"Campus has trees and nature, very peaceful."
TS362-SEM1-02,TS362,1,6,TS362-S02,71.5,59.27,False,55.39,65.77,47.81,72.94,50.12,"Strictness is moderate, allowing good learning freedom."
TS362-SEM1-03,TS362,1,6,TS362-S03,77.44,56.05,True,64.43,62.06,67.99,60.23,67.27,"Strictness is moderate, allowing good learning freedom."
TS362-SEM1-04,TS362,1,6,TS362-S04,75.6,66.25,True,54.45,58.82,58.35,60.27,66.76,Teaching incorporates both fundamentals and modern practical tools.
TS362-SEM1-05,TS362,1,6,TS362-S05,67.42,49.07,False,42.6,48.14,54.85,57.33,49.26,Career guidance is helpful from the beginning.
TS362-SEM1-06,TS362,1,6,TS362-S06,71.54,59.97,False,55.02,49.09,58.4,64.09,48.15,"Strictness is moderate, allowing good learning freedom."
TS362-SEM1-07,TS362,1,6,TS362-S07,67.15,62.4,False,53.83,49.68,58.18,72.16,48.81,"Campus has trees and nature, very peaceful."
TS362-SEM1-08,TS362,1,6,TS362-S08,79.82,66.75,True,60.93,68.15,57.23,74.39,63.41,Excellent labs and digital board infrastructure.
TS362-SEM1-09,TS362,1,6,TS362-S09,82.57,66.38,True,57.19,76.2,61.03,65.35,63.86,Excellent labs and digital board infrastructure.
TS362-SEM1-10,TS362,1,6,TS362-S10,64.55,62.1,False,50.13,50.37,57.71,74.5,42.01,Teaching incorporates both fundamentals and modern practical tools.
TS362-SEM1-11,TS362,1,6,TS362-S11,71.32,78.58,False,46.47,64.4,57.1,65.68,58.3,Excellent labs and digital board infrastructure.
TS362-SEM1-12,TS362,1,6,TS362-S12,61.26,63.91,False,48.13,60.56,55.36,59.97,43.7,Teaching incorporates both fundamentals and modern practical tools.
TS362-SEM1-13,TS362,1,6,TS362-S13,65.88,83.26,False,42.85,70.69,49.96,62.3,58.98,"Strictness is moderate, allowing good learning freedom."
TS362-SEM1-14,TS362,1,6,TS362-S14,76.77,47.62,False,49.11,60.67,60.29,62.01,48.34,Teaching incorporates both fundamentals and modern practical tools.
TS363-SEM1-01,TS363,1,6,TS363-S01,76.57,56.3,True,67.53,100.0,66.87,79.6,73.04,"Strictness is moderate, allowing good learning freedom."
TS363-SEM1-02,TS363,1,6,TS363-S02,61.7,71.21,False,59.13,52.16,70.88,71.76,47.28,Teaching incorporates both fundamentals and modern practical tools.
TS363-SEM1-03,TS363,1,6,TS363-S03,73.88,52.91,False,45.2,64.25,57.72,62.29,48.96,Teaching incorporates both fundamentals and modern practical tools.
TS363-SEM1-04,TS363,1,6,TS363-S04,65.8,58.43,False,58.75,67.57,58.7,60.79,52.72,"Strictness is moderate, allowing good learning freedom."
TS363-SEM1-05,TS363,1,6,TS363-S05,65.47,44.82,False,60.13,55.79,59.33,68.82,48.09,Teaching incorporates both fundamentals and modern practical tools.
TS363-SEM1-06,TS363,1,6,TS363-S06,79.32,56.0,True,64.45,77.84,65.06,74.53,66.25,Career guidance is helpful from the beginning.
TS363-SEM1-07,TS363,1,6,TS363-S07,71.75,55.5,False,65.21,62.23,60.53,71.2,51.42,Career guidance is helpful from the beginning.
TS363-SEM1-08,TS363,1,6,TS363-S08,77.4,67.8,True,72.16,63.52,68.07,77.26,68.3,Career guidance is helpful from the beginning.
TS363-SEM1-09,TS363,1,6,TS363-S09,92.76,47.26,False,54.32,65.06,58.45,65.66,53.99,Teaching incorporates both fundamentals and modern practical tools.
TS363-SEM1-10,TS363,1,6,TS363-S10,65.26,64.84,False,55.8,64.48,58.5,81.25,55.75,Excellent labs and digital board infrastructure.
TS363-SEM1-11,TS363,1,6,TS363-S11,73.04,66.25,False,55.1,70.85,55.83,85.01,53.8,"Campus has trees and nature, very peaceful."
TS363-SEM1-12,TS363,1,6,TS363-S12,88.96,84.17,True,70.3,79.36,70.53,79.53,76.9,Career guidance is helpful from the beginning.
TS363-SEM1-13,TS363,1,6,TS363-S13,61.45,55.9,False,53.72,61.1,50.2,77.04,47.33,"Strictness is moderate, allowing good learning freedom."
TS363-SEM1-14,TS363,1,6,TS363-S14,67.95,69.55,False,62.21,61.91,53.68,66.86,58.44,Good focus on practical sessions and mentoring.
TS364-SEM1-01,TS364,1,6,TS364-S01,92.67,77.77,False,74.6,74.27,65.35,92.24,60.54,Good focus on practical sessions and mentoring.
TS364-SEM1-02,TS364,1,6,TS364-S02,89.25,82.6,True,87.66,78.76,84.91,86.14,79.6,"Strictness is moderate, allowing good learning freedom."
TS364-SEM1-03,TS364,1,6,TS364-S03,71.01,73.76,False,58.35,84.95,64.63,79.04,64.8,"Strictness is moderate, allowing good learning freedom."
TS364-SEM1-04,TS364,1,6,TS364-S04,83.03,66.33,True,83.46,83.32,76.23,91.62,91.47,"Strictness is moderate, allowing good learning freedom."
TS364-SEM1-05,TS364,1,6,TS364-S05,98.17,65.59,True,71.04,88.9,72.66,89.98,90.66,Teaching incorporates both fundamentals and modern practical tools.
TS364-SEM1-06,TS364,1,6,TS364-S06,79.53,65.68,True,86.75,74.42,80.18,83.2,89.79,"Campus has trees and nature, very peaceful."
TS364-SEM1-07,TS364,1,6,TS364-S07,82.74,90.28,True,83.85,83.36,80.76,84.93,73.23,Career guidance is helpful from the beginning.
TS364-SEM1-08,TS364,1,6,TS364-S08,86.07,75.54,True,79.47,74.11,70.19,94.56,87.34,"Strictness is moderate, allowing good learning freedom."
TS364-SEM1-09,TS364,1,6,TS364-S09,73.89,100.0,False,61.72,79.18,72.5,73.75,68.23,Teaching incorporates both fundamentals and modern practical tools.
TS364-SEM1-10,TS364,1,6,TS364-S10,80.89,68.63,True,86.23,89.21,78.41,90.44,84.35,"Strictness is moderate, allowing good learning freedom."
TS364-SEM1-11,TS364,1,6,TS364-S11,85.0,65.28,True,90.62,83.34,82.34,84.22,83.36,Excellent labs and digital board infrastructure.
TS364-SEM1-12,TS364,1,6,TS364-S12,91.12,78.64,True,87.83,78.12,81.69,98.42,85.58,"Campus has trees and nature, very peaceful."
TS364-SEM1-13,TS364,1,6,TS364-S13,85.87,89.13,True,86.69,94.24,75.64,94.6,84.46,Excellent labs and digital board infrastructure.
TS364-SEM1-14,TS364,1,6,TS364-S14,71.85,82.91,False,68.43,72.87,75.71,75.63,70.34,Excellent labs and digital board infrastructure.
TS365-SEM1-01,TS365,1,6,TS365-S01,68.5,49.01,False,46.05,32.68,47.05,41.67,46.79,"Strictness is moderate, allowing good learning freedom."
TS365-SEM1-02,TS365,1,6,TS365-S02,74.74,72.74,False,34.27,33.75,42.97,48.02,39.14,Good focus on practical sessions and mentoring.
TS365-SEM1-03,TS365,1,6,TS365-S03,78.9,67.46,True,57.57,58.68,58.13,45.79,53.46,Career guidance is helpful from the beginning.
TS365-SEM1-04,TS365,1,6,TS365-S04,74.38,76.14,False,39.58,52.08,44.96,44.09,44.54,Teaching incorporates both fundamentals and modern practical tools.
TS365-SEM1-05,TS365,1,6,TS365-S05,72.66,57.57,False,37.77,44.85,41.32,42.92,39.07,Excellent labs and digital board infrastructure.
TS365-SEM1-06,TS365,1,6,TS365-S06,73.72,52.15,False,38.26,44.33,40.96,40.87,43.28,"Strictness is moderate, allowing good learning freedom."
TS365-SEM1-07,TS365,1,6,TS365-S07,80.18,58.87,True,54.29,57.98,55.24,48.97,54.07,Excellent labs and digital board infrastructure.
TS365-SEM1-08,TS365,1,6,TS365-S08,86.71,49.06,False,46.19,59.22,43.51,46.99,30.4,Teaching incorporates both fundamentals and modern practical tools.
TS365-SEM1-09,TS365,1,6,TS365-S09,72.15,73.6,False,41.5,47.61,53.45,49.26,42.32,"Campus has trees and nature, very peaceful."
TS365-SEM1-10,TS365,1,6,TS365-S10,67.14,37.55,False,43.02,47.35,48.59,45.1,39.0,Teaching incorporates both fundamentals and modern practical tools.
TS365-SEM1-11,TS365,1,6,TS365-S11,72.18,50.9,False,29.71,40.22,39.27,44.07,30.62,Teaching incorporates both fundamentals and modern practical tools.
TS365-SEM1-12,TS365,1,6,TS365-S12,69.14,81.29,False,40.33,47.69,44.86,45.62,36.15,Career guidance is helpful from the beginning.
TS365-SEM1-13,TS365,1,6,TS365-S13,71.01,56.58,False,31.82,56.69,40.37,53.95,34.96,Good focus on practical sessions and mentoring.
TS365-SEM1-14,TS365,1,6,TS365-S14,63.85,81.36,False,31.9,29.19,37.55,43.52,32.09,Excellent labs and digital board infrastructure.
TS366-SEM1-01,TS366,1,6,TS366-S01,69.17,60.21,False,45.61,64.58,54.17,56.6,53.04,Good focus on practical sessions and mentoring.
TS366-SEM1-02,TS366,1,6,TS366-S02,75.81,76.2,False,56.22,69.28,56.57,68.06,46.94,"Campus has trees and nature, very peaceful."
TS366-SEM1-03,TS366,1,6,TS366-S03,72.91,65.05,False,44.94,74.33,55.6,60.57,58.03,Excellent labs and digital board infrastructure.
TS366-SEM1-04,TS366,1,6,TS366-S04,73.29,62.4,False,52.53,56.17,54.23,57.04,50.62,Good focus on practical sessions and mentoring.
TS366-SEM1-05,TS366,1,6,TS366-S05,80.27,71.29,True,65.99,85.42,54.51,63.59,61.6,"Campus has trees and nature, very peaceful."
TS366-SEM1-06,TS366,1,6,TS366-S06,86.66,69.72,True,65.91,67.64,73.09,51.19,69.77,"Strictness is moderate, allowing good learning freedom."
TS366-SEM1-07,TS366,1,6,TS366-S07,71.57,51.71,False,50.62,51.25,63.98,58.1,54.7,Career guidance is helpful from the beginning.
TS366-SEM1-08,TS366,1,6,TS366-S08,69.09,75.45,False,52.34,72.79,58.97,57.75,55.13,"Campus has trees and nature, very peaceful."
TS366-SEM1-09,TS366,1,6,TS366-S09,97.11,50.69,True,58.37,77.53,64.26,76.61,66.85,Good focus on practical sessions and mentoring.
TS366-SEM1-10,TS366,1,6,TS366-S10,77.71,41.2,False,53.04,57.25,59.09,64.86,47.13,Teaching incorporates both fundamentals and modern practical tools.
TS366-SEM1-11,TS366,1,6,TS366-S11,75.24,58.43,True,68.6,66.18,58.13,70.15,64.74,Excellent labs and digital board infrastructure.
TS366-SEM1-12,TS366,1,6,TS366-S12,79.68,44.25,False,57.74,64.28,55.66,58.84,42.9,Career guidance is helpful from the beginning.
TS366-SEM1-13,TS366,1,6,TS366-S13,78.73,57.7,True,79.12,71.42,58.81,69.83,69.45,Good focus on practical sessions and mentoring.
TS366-SEM1-14,TS366,1,6,TS366-S14,78.06,62.83,True,78.44,68.15,60.83,55.34,70.03,"Strictness is moderate, allowing good learning freedom."
TS367-SEM1-01,TS367,1,6,TS367-S01,69.34,75.56,False,49.52,53.03,54.31,51.62,44.08,Career guidance is helpful from the beginning.
TS367-SEM1-02,TS367,1,6,TS367-S02,70.43,47.97,False,50.27,60.33,58.55,57.68,44.67,"Campus has trees and nature, very peaceful."
TS367-SEM1-03,TS367,1,6,TS367-S03,69.53,65.45,False,56.39,56.04,53.14,59.02,48.9,Good focus on practical sessions and mentoring.
TS367-SEM1-04,TS367,1,6,TS367-S04,65.89,65.07,False,52.77,49.36,53.51,57.39,43.04,Teaching incorporates both fundamentals and modern practical tools.
TS367-SEM1-05,TS367,1,6,TS367-S05,67.64,68.32,False,49.72,51.83,62.08,60.62,54.14,Teaching incorporates both fundamentals and modern practical tools.
TS367-SEM1-06,TS367,1,6,TS367-S06,67.29,59.16,False,52.6,60.03,68.09,59.03,56.08,"Strictness is moderate, allowing good learning freedom."
TS367-SEM1-07,TS367,1,6,TS367-S07,85.73,79.16,True,73.55,69.24,63.47,70.57,73.08,Teaching incorporates both fundamentals and modern practical tools.
TS367-SEM1-08,TS367,1,6,TS367-S08,75.04,60.32,True,59.42,69.52,64.85,70.51,61.37,Teaching incorporates both fundamentals and modern practical tools.
TS367-SEM1-09,TS367,1,6,TS367-S09,72.62,59.98,False,52.32,68.18,63.07,64.62,51.13,Excellent labs and digital board infrastructure.
TS367-SEM1-10,TS367,1,6,TS367-S10,70.86,74.04,False,62.93,71.01,59.11,58.76,54.12,"Strictness is moderate, allowing good learning freedom."
TS367-SEM1-11,TS367,1,6,TS367-S11,76.53,58.0,True,84.95,65.02,67.92,62.44,68.04,Career guidance is helpful from the beginning.
TS367-SEM1-12,TS367,1,6,TS367-S12,66.47,52.81,False,56.37,62.21,65.87,58.68,51.44,Good focus on practical sessions and mentoring.
TS367-SEM1-13,TS367,1,6,TS367-S13,71.74,52.27,False,56.2,56.87,49.49,65.17,47.79,Teaching incorporates both fundamentals and modern practical tools.
TS367-SEM1-14,TS367,1,6,TS367-S14,73.98,65.66,False,53.92,50.19,63.64,54.15,38.38,Excellent labs and digital board infrastructure.
TS368-SEM1-01,TS368,1,6,TS368-S01,71.12,54.24,False,52.61,63.83,60.45,59.52,66.3,Teaching incorporates both fundamentals and modern practical tools.
TS368-SEM1-02,TS368,1,6,TS368-S02,66.18,43.13,False,48.2,73.39,55.92,65.83,68.44,"Strictness is moderate, allowing good learning freedom."
TS368-SEM1-03,TS368,1,6,TS368-S03,73.09,65.24,False,57.41,69.8,63.51,68.76,66.88,"Strictness is moderate, allowing good learning freedom."
TS368-SEM1-04,TS368,1,6,TS368-S04,69.44,54.12,False,60.14,77.58,62.9,68.5,61.15,Teaching incorporates both fundamentals and modern practical tools.
TS368-SEM1-05,TS368,1,6,TS368-S05,84.92,71.23,True,61.44,81.11,68.06,70.99,71.61,"Campus has trees and nature, very peaceful."
TS368-SEM1-06,TS368,1,6,TS368-S06,68.97,56.75,False,59.9,64.52,61.0,70.08,58.58,"Strictness is moderate, allowing good learning freedom."
TS368-SEM1-07,TS368,1,6,TS368-S07,72.03,61.51,False,55.22,81.4,74.75,74.33,49.77,Good focus on practical sessions and mentoring.
TS368-SEM1-08,TS368,1,6,TS368-S08,68.03,69.08,False,56.09,64.29,57.73,64.73,54.48,Career guidance is helpful from the beginning.
TS368-SEM1-09,TS368,1,6,TS368-S09,57.65,73.51,False,63.09,59.22,68.93,67.67,64.39,"Campus has trees and nature, very peaceful."
TS368-SEM1-10,TS368,1,6,TS368-S10,76.41,54.25,True,78.86,88.35,76.58,86.37,81.35,"Campus has trees and nature, very peaceful."
TS368-SEM1-11,TS368,1,6,TS368-S11,67.29,63.77,False,54.3,79.58,60.31,80.29,57.13,Career guidance is helpful from the beginning.
TS368-SEM1-12,TS368,1,6,TS368-S12,71.74,57.35,False,56.29,65.66,65.75,67.01,56.45,Teaching incorporates both fundamentals and modern practical tools.
TS368-SEM1-13,TS368,1,6,TS368-S13,73.84,56.57,False,60.56,84.03,61.72,65.08,52.82,Teaching incorporates both fundamentals and modern practical tools.
TS368-SEM1-14,TS368,1,6,TS368-S14,69.97,65.75,False,57.42,60.83,66.4,69.71,61.66,Good focus on practical sessions and mentoring.
TS369-SEM1-01,TS369,1,6,TS369-S01,72.16,55.02,False,69.19,60.5,50.47,62.26,60.04,Teaching incorporates both fundamentals and modern practical tools.
TS369-SEM1-02,TS369,1,6,TS369-S02,72.35,66.02,False,58.05,75.48,58.56,61.6,56.27,"Campus has trees and nature, very peaceful."
TS369-SEM1-03,TS369,1,6,TS369-S03,78.04,54.05,True,75.91,78.84,68.75,70.93,77.54,"Campus has trees and nature, very peaceful."
TS369-SEM1-04,TS369,1,6,TS369-S04,74.06,77.74,False,62.09,59.31,75.2,67.61,62.67,"Strictness is moderate, allowing good learning freedom."
TS369-SEM1-05,TS369,1,6,TS369-S05,70.9,69.4,False,49.05,79.64,69.88,60.67,63.75,"Campus has trees and nature, very peaceful."
TS369-SEM1-06,TS369,1,6,TS369-S06,75.71,51.91,True,77.65,76.2,71.3,74.14,78.28,Career guidance is helpful from the beginning.
TS369-SEM1-07,TS369,1,6,TS369-S07,83.27,55.47,True,69.87,82.69,66.82,70.46,83.3,"Strictness is moderate, allowing good learning freedom."
TS369-SEM1-08,TS369,1,6,TS369-S08,72.31,52.09,False,67.07,70.15,64.97,55.93,51.34,Teaching incorporates both fundamentals and modern practical tools.
TS369-SEM1-09,TS369,1,6,TS369-S09,85.51,56.27,True,77.28,69.13,74.89,76.84,72.11,Teaching incorporates both fundamentals and modern practical tools.
TS369-SEM1-10,TS369,1,6,TS369-S10,70.21,66.31,False,54.09,59.99,64.81,73.5,55.13,Teaching incorporates both fundamentals and modern practical tools.
TS369-SEM1-11,TS369,1,6,TS369-S11,70.3,86.8,False,66.17,53.72,64.23,65.24,66.63,Teaching incorporates both fundamentals and modern practical tools.
TS369-SEM1-12,TS369,1,6,TS369-S12,80.36,67.6,True,67.6,71.73,65.91,74.92,79.28,Good focus on practical sessions and mentoring.
TS369-SEM1-13,TS369,1,6,TS369-S13,72.64,77.44,False,64.62,76.38,69.18,66.86,54.18,"Strictness is moderate, allowing good learning freedom."
TS369-SEM1-14,TS369,1,6,TS369-S14,77.85,66.73,True,79.5,87.56,71.9,64.24,73.88,"Strictness is moderate, allowing good learning freedom."
TS370-SEM1-01,TS370,1,6,TS370-S01,68.18,72.75,False,57.63,64.98,60.25,71.07,63.5,Good focus on practical sessions and mentoring.
TS370-SEM1-02,TS370,1,6,TS370-S02,71.46,68.41,False,69.94,52.94,59.53,65.0,52.35,"Campus has trees and nature, very peaceful."
TS370-SEM1-03,TS370,1,6,TS370-S03,62.69,45.97,False,61.7,44.67,62.8,42.18,61.0,"Campus has trees and nature, very peaceful."
TS370-SEM1-04,TS370,1,6,TS370-S04,75.03,59.88,True,79.59,64.63,67.43,75.06,80.24,Career guidance is helpful from the beginning.
TS370-SEM1-05,TS370,1,6,TS370-S05,70.39,44.4,False,66.39,61.49,64.52,45.72,61.48,Excellent labs and digital board infrastructure.
TS370-SEM1-06,TS370,1,6,TS370-S06,71.63,56.6,False,55.79,61.84,67.15,60.47,61.61,"Campus has trees and nature, very peaceful."
TS370-SEM1-07,TS370,1,6,TS370-S07,65.09,55.48,False,64.93,57.72,73.4,64.42,52.97,"Strictness is moderate, allowing good learning freedom."
TS370-SEM1-08,TS370,1,6,TS370-S08,62.59,69.84,False,57.17,68.29,62.11,64.21,57.14,Teaching incorporates both fundamentals and modern practical tools.
TS370-SEM1-09,TS370,1,6,TS370-S09,73.53,69.29,False,60.93,66.25,56.32,65.25,58.93,"Campus has trees and nature, very peaceful."
TS370-SEM1-10,TS370,1,6,TS370-S10,70.43,38.09,False,50.8,62.78,66.58,65.21,58.78,"Campus has trees and nature, very peaceful."
TS370-SEM1-11,TS370,1,6,TS370-S11,64.81,51.72,False,48.16,61.95,74.34,62.21,55.01,Good focus on practical sessions and mentoring.
TS370-SEM1-12,TS370,1,6,TS370-S12,72.15,60.64,False,50.39,62.99,64.27,61.74,68.75,Teaching incorporates both fundamentals and modern practical tools.
TS370-SEM1-13,TS370,1,6,TS370-S13,71.39,80.23,False,55.85,48.88,60.76,69.8,55.02,Career guidance is helpful from the beginning.
TS370-SEM1-14,TS370,1,6,TS370-S14,63.44,65.4,False,58.51,65.55,61.45,57.22,67.11,Career guidance is helpful from the beginning.
TS371-SEM1-01,TS371,1,6,TS371-S01,74.0,83.34,False,52.09,58.38,60.9,60.37,54.0,Career guidance is helpful from the beginning.
TS371-SEM1-02,TS371,1,6,TS371-S02,60.49,58.29,False,61.4,77.2,67.37,64.21,56.54,"Campus has trees and nature, very peaceful."
TS371-SEM1-03,TS371,1,6,TS371-S03,73.98,56.46,False,50.38,63.96,59.58,68.49,42.23,Career guidance is helpful from the beginning.
TS371-SEM1-04,TS371,1,6,TS371-S04,70.96,74.09,False,59.59,54.11,53.59,63.18,58.06,"Strictness is moderate, allowing good learning freedom."
TS371-SEM1-05,TS371,1,6,TS371-S05,75.1,63.15,True,71.68,76.77,71.82,67.78,67.7,Career guidance is helpful from the beginning.
TS371-SEM1-06,TS371,1,6,TS371-S06,76.37,56.89,True,78.69,74.0,68.18,69.34,76.32,Career guidance is helpful from the beginning.
TS371-SEM1-07,TS371,1,6,TS371-S07,64.3,62.04,False,57.82,66.38,51.59,67.02,52.04,"Strictness is moderate, allowing good learning freedom."
TS371-SEM1-08,TS371,1,6,TS371-S08,68.09,46.38,False,69.53,60.95,61.36,57.14,46.48,Good focus on practical sessions and mentoring.
TS371-SEM1-09,TS371,1,6,TS371-S09,76.89,48.5,False,63.95,76.38,56.25,60.68,41.41,Teaching incorporates both fundamentals and modern practical tools.
TS371-SEM1-10,TS371,1,6,TS371-S10,61.54,68.32,False,63.66,55.72,56.98,53.97,48.48,Good focus on practical sessions and mentoring.
TS371-SEM1-11,TS371,1,6,TS371-S11,79.97,65.1,True,73.53,90.94,65.16,66.45,75.04,"Strictness is moderate, allowing good learning freedom."
TS371-SEM1-12,TS371,1,6,TS371-S12,78.04,70.22,True,67.61,58.18,60.98,72.62,69.46,"Strictness is moderate, allowing good learning freedom."
TS371-SEM1-13,TS371,1,6,TS371-S13,73.48,59.61,False,56.5,62.13,63.86,68.54,54.04,Teaching incorporates both fundamentals and modern practical tools.
TS371-SEM1-14,TS371,1,6,TS371-S14,70.77,61.64,False,51.43,70.66,57.32,62.49,55.01,Good focus on practical sessions and mentoring.
TS372-SEM1-01,TS372,1,6,TS372-S01,84.02,60.66,True,60.48,62.33,61.51,56.5,73.3,Teaching incorporates both fundamentals and modern practical tools.
TS372-SEM1-02,TS372,1,6,TS372-S02,67.75,65.59,False,43.62,57.79,66.03,44.87,58.93,Career guidance is helpful from the beginning.
TS372-SEM1-03,TS372,1,6,TS372-S03,66.98,57.4,False,46.61,55.95,51.9,50.27,32.93,Excellent labs and digital board infrastructure.
TS372-SEM1-04,TS372,1,6,TS372-S04,66.12,80.94,False,40.22,51.69,55.73,45.42,42.42,Career guidance is helpful from the beginning.
TS372-SEM1-05,TS372,1,6,TS372-S05,74.67,70.36,False,45.09,57.81,56.97,52.17,48.52,Excellent labs and digital board infrastructure.
TS372-SEM1-06,TS372,1,6,TS372-S06,82.26,62.47,True,61.36,74.24,55.2,39.24,66.97,"Strictness is moderate, allowing good learning freedom."
TS372-SEM1-07,TS372,1,6,TS372-S07,69.34,84.48,False,50.27,64.44,50.21,49.25,48.52,Career guidance is helpful from the beginning.
TS372-SEM1-08,TS372,1,6,TS372-S08,80.28,63.91,True,68.9,58.83,55.58,52.43,63.04,Good focus on practical sessions and mentoring.
TS372-SEM1-09,TS372,1,6,TS372-S09,72.1,55.32,False,55.39,63.39,56.82,50.08,37.43,Excellent labs and digital board infrastructure.
TS372-SEM1-10,TS372,1,6,TS372-S10,72.7,70.58,False,56.71,52.92,59.18,47.53,33.75,Career guidance is helpful from the beginning.
TS372-SEM1-11,TS372,1,6,TS372-S11,71.4,53.6,False,44.99,62.96,54.15,42.58,43.28,"Campus has trees and nature, very peaceful."
TS372-SEM1-12,TS372,1,6,TS372-S12,74.63,60.16,False,52.85,47.94,50.76,38.97,43.9,Excellent labs and digital board infrastructure.
TS372-SEM1-13,TS372,1,6,TS372-S13,85.07,54.64,True,57.72,63.08,59.31,60.0,62.64,Teaching incorporates both fundamentals and modern practical tools.
TS372-SEM1-14,TS372,1,6,TS372-S14,72.69,43.26,False,43.48,63.23,48.39,50.3,42.04,"Strictness is moderate, allowing good learning freedom."
TS373-SEM1-01,TS373,1,6,TS373-S01,71.61,78.4,False,56.93,62.91,62.71,67.84,61.28,"Strictness is moderate, allowing good learning freedom."
TS373-SEM1-02,TS373,1,6,TS373-S02,69.96,58.81,False,67.7,57.56,77.6,62.81,56.85,Good focus on practical sessions and mentoring.
TS373-SEM1-03,TS373,1,6,TS373-S03,74.22,67.32,False,55.94,70.73,59.2,61.02,49.84,Career guidance is helpful from the beginning.
TS373-SEM1-04,TS373,1,6,TS373-S04,72.84,60.24,False,47.79,62.57,63.73,69.77,51.46,Career guidance is helpful from the beginning.
TS373-SEM1-05,TS373,1,6,TS373-S05,70.19,51.0,False,64.22,62.68,66.46,62.46,49.35,Teaching incorporates both fundamentals and modern practical tools.
TS373-SEM1-06,TS373,1,6,TS373-S06,71.58,50.16,False,66.59,82.57,67.06,60.77,57.98,Career guidance is helpful from the beginning.
TS373-SEM1-07,TS373,1,6,TS373-S07,73.74,72.85,False,58.74,71.29,55.47,66.06,53.57,Career guidance is helpful from the beginning.
TS373-SEM1-08,TS373,1,6,TS373-S08,72.26,51.62,False,62.34,73.13,62.7,59.42,60.74,Teaching incorporates both fundamentals and modern practical tools.
TS373-SEM1-09,TS373,1,6,TS373-S09,81.34,81.22,True,75.54,67.5,77.44,57.68,81.83,Teaching incorporates both fundamentals and modern practical tools.
TS373-SEM1-10,TS373,1,6,TS373-S10,72.16,37.68,False,61.89,66.77,61.63,62.99,57.77,"Campus has trees and nature, very peaceful."
TS373-SEM1-11,TS373,1,6,TS373-S11,71.87,47.24,False,62.29,64.99,71.8,69.77,62.73,"Strictness is moderate, allowing good learning freedom."
TS373-SEM1-12,TS373,1,6,TS373-S12,83.17,69.36,True,58.52,79.95,79.52,76.98,73.33,"Campus has trees and nature, very peaceful."
TS373-SEM1-13,TS373,1,6,TS373-S13,72.36,56.44,False,61.7,63.94,71.07,65.34,59.16,Teaching incorporates both fundamentals and modern practical tools.
TS373-SEM1-14,TS373,1,6,TS373-S14,67.03,57.82,False,52.94,79.36,61.3,65.57,50.12,"Strictness is moderate, allowing good learning freedom."
TS374-SEM1-01,TS374,1,6,TS374-S01,56.36,44.56,False,51.02,52.81,55.5,69.91,47.12,"Strictness is moderate, allowing good learning freedom."
TS374-SEM1-02,TS374,1,6,TS374-S02,71.43,65.46,False,40.88,57.28,51.17,62.95,38.02,Excellent labs and digital board infrastructure.
TS374-SEM1-03,TS374,1,6,TS374-S03,72.03,55.72,False,41.63,56.22,50.44,60.84,43.37,"Strictness is moderate, allowing good learning freedom."
TS374-SEM1-04,TS374,1,6,TS374-S04,69.64,82.15,False,39.92,44.97,36.58,50.18,49.48,Excellent labs and digital board infrastructure.
TS374-SEM1-05,TS374,1,6,TS374-S05,74.46,63.44,False,42.77,49.72,50.04,52.82,46.9,"Strictness is moderate, allowing good learning freedom."
TS374-SEM1-06,TS374,1,6,TS374-S06,69.9,62.24,False,47.44,45.84,52.42,45.19,46.93,Excellent labs and digital board infrastructure.
TS374-SEM1-07,TS374,1,6,TS374-S07,65.34,61.74,False,50.82,43.83,57.19,63.59,42.77,Good focus on practical sessions and mentoring.
TS374-SEM1-08,TS374,1,6,TS374-S08,71.13,74.12,False,37.24,51.51,50.51,58.26,44.8,"Strictness is moderate, allowing good learning freedom."
TS374-SEM1-09,TS374,1,6,TS374-S09,74.71,53.77,False,53.73,42.27,56.38,53.31,34.25,"Campus has trees and nature, very peaceful."
TS374-SEM1-10,TS374,1,6,TS374-S10,72.38,68.07,False,40.65,44.46,52.47,49.79,47.67,Excellent labs and digital board infrastructure.
TS374-SEM1-11,TS374,1,6,TS374-S11,70.74,48.8,False,62.0,48.52,52.65,63.49,50.34,Excellent labs and digital board infrastructure.
TS374-SEM1-12,TS374,1,6,TS374-S12,75.29,72.58,True,65.33,65.78,58.18,66.31,67.4,"Strictness is moderate, allowing good learning freedom."
TS374-SEM1-13,TS374,1,6,TS374-S13,58.2,70.51,False,43.26,53.18,43.66,49.36,44.2,"Strictness is moderate, allowing good learning freedom."
TS374-SEM1-14,TS374,1,6,TS374-S14,75.22,56.12,True,59.08,58.19,62.19,60.75,60.19,Excellent labs and digital board infrastructure.
TS375-SEM1-01,TS375,1,6,TS375-S01,72.02,70.88,False,50.61,40.02,58.87,49.02,47.28,Teaching incorporates both fundamentals and modern practical tools.
TS375-SEM1-02,TS375,1,6,TS375-S02,67.35,77.26,False,61.47,50.93,52.08,71.24,45.48,Career guidance is helpful from the beginning.
TS375-SEM1-03,TS375,1,6,TS375-S03,63.7,42.13,False,51.58,33.82,62.06,57.43,42.54,"Strictness is moderate, allowing good learning freedom."
TS375-SEM1-04,TS375,1,6,TS375-S04,78.69,70.76,True,54.77,42.26,69.77,51.08,60.89,"Strictness is moderate, allowing good learning freedom."
TS375-SEM1-05,TS375,1,6,TS375-S05,72.33,48.71,False,52.24,38.35,61.42,65.22,50.35,Good focus on practical sessions and mentoring.
TS375-SEM1-06,TS375,1,6,TS375-S06,69.87,51.67,False,50.16,37.69,64.56,62.83,44.62,Career guidance is helpful from the beginning.
TS375-SEM1-07,TS375,1,6,TS375-S07,81.4,61.54,True,73.18,61.03,55.62,64.43,84.92,"Campus has trees and nature, very peaceful."
TS375-SEM1-08,TS375,1,6,TS375-S08,68.69,59.43,False,48.14,40.03,58.49,52.88,44.82,"Strictness is moderate, allowing good learning freedom."
TS375-SEM1-09,TS375,1,6,TS375-S09,73.85,59.49,False,51.95,47.29,49.11,69.7,54.69,"Strictness is moderate, allowing good learning freedom."
TS375-SEM1-10,TS375,1,6,TS375-S10,66.27,66.77,False,48.03,56.21,59.26,68.45,44.23,"Strictness is moderate, allowing good learning freedom."
TS375-SEM1-11,TS375,1,6,TS375-S11,63.87,43.42,False,67.02,54.79,61.2,52.31,52.15,Career guidance is helpful from the beginning.
TS375-SEM1-12,TS375,1,6,TS375-S12,61.67,66.55,False,51.09,45.16,52.26,67.97,46.36,Good focus on practical sessions and mentoring.
TS375-SEM1-13,TS375,1,6,TS375-S13,80.12,61.53,True,68.27,61.22,63.11,80.83,72.61,Excellent labs and digital board infrastructure.
TS375-SEM1-14,TS375,1,6,TS375-S14,56.66,59.92,False,59.89,41.04,54.99,61.39,56.93,Excellent labs and digital board infrastructure.
TS376-SEM1-01,TS376,1,6,TS376-S01,65.04,39.34,False,43.09,55.71,54.16,50.31,48.79,Teaching incorporates both fundamentals and modern practical tools.
TS376-SEM1-02,TS376,1,6,TS376-S02,75.88,65.53,False,57.37,53.9,52.95,52.61,51.42,Teaching incorporates both fundamentals and modern practical tools.
TS376-SEM1-03,TS376,1,6,TS376-S03,69.45,66.0,False,55.05,56.25,46.16,54.56,44.18,"Strictness is moderate, allowing good learning freedom."
TS376-SEM1-04,TS376,1,6,TS376-S04,68.15,37.29,False,40.43,66.7,49.47,62.84,44.58,Good focus on practical sessions and mentoring.
TS376-SEM1-05,TS376,1,6,TS376-S05,74.92,59.47,False,54.05,58.28,55.22,63.29,50.51,Excellent labs and digital board infrastructure.
TS376-SEM1-06,TS376,1,6,TS376-S06,67.87,43.27,False,49.5,63.75,54.92,50.64,48.91,Career guidance is helpful from the beginning.
TS376-SEM1-07,TS376,1,6,TS376-S07,75.96,75.94,False,64.9,71.93,55.0,57.48,55.1,Career guidance is helpful from the beginning.
TS376-SEM1-08,TS376,1,6,TS376-S08,66.22,53.98,False,42.43,58.26,49.85,53.78,47.98,Good focus on practical sessions and mentoring.
TS376-SEM1-09,TS376,1,6,TS376-S09,63.73,75.66,False,57.31,56.62,61.56,58.24,53.65,Teaching incorporates both fundamentals and modern practical tools.
TS376-SEM1-10,TS376,1,6,TS376-S10,63.86,58.64,False,53.92,58.99,53.28,55.24,50.02,Career guidance is helpful from the beginning.
TS376-SEM1-11,TS376,1,6,TS376-S11,72.67,77.58,False,44.22,61.06,57.67,48.45,46.44,"Campus has trees and nature, very peaceful."
TS376-SEM1-12,TS376,1,6,TS376-S12,73.04,77.03,False,50.97,66.37,58.27,39.37,48.56,Good focus on practical sessions and mentoring.
TS376-SEM1-13,TS376,1,6,TS376-S13,69.39,77.03,False,54.35,67.3,56.75,56.54,52.33,"Campus has trees and nature, very peaceful."
TS376-SEM1-14,TS376,1,6,TS376-S14,71.87,74.84,False,43.74,68.61,52.34,59.99,40.3,"Campus has trees and nature, very peaceful."
TS377-SEM1-01,TS377,1,6,TS377-S01,75.39,92.24,True,79.43,72.1,82.78,88.47,89.87,Teaching incorporates both fundamentals and modern practical tools.
TS377-SEM1-02,TS377,1,6,TS377-S02,98.36,62.64,True,87.42,81.99,72.33,90.76,84.51,Excellent labs and digital board infrastructure.
TS377-SEM1-03,TS377,1,6,TS377-S03,75.62,66.07,True,93.46,76.76,74.0,93.09,97.95,Good focus on practical sessions and mentoring.
TS377-SEM1-04,TS377,1,6,TS377-S04,96.0,60.84,True,85.63,70.05,78.36,82.98,90.04,Excellent labs and digital board infrastructure.
TS377-SEM1-05,TS377,1,6,TS377-S05,73.8,84.44,False,74.51,83.65,72.36,83.08,64.48,"Strictness is moderate, allowing good learning freedom."
TS377-SEM1-06,TS377,1,6,TS377-S06,86.06,72.63,False,71.47,61.56,81.61,81.19,75.63,Career guidance is helpful from the beginning.
TS377-SEM1-07,TS377,1,6,TS377-S07,88.72,66.87,True,76.36,95.3,84.29,88.9,86.28,Career guidance is helpful from the beginning.
TS377-SEM1-08,TS377,1,6,TS377-S08,76.18,87.83,True,93.59,84.15,84.61,94.12,88.13,Good focus on practical sessions and mentoring.
TS377-SEM1-09,TS377,1,6,TS377-S09,93.67,87.48,True,86.83,66.17,83.02,85.42,88.53,Teaching incorporates both fundamentals and modern practical tools.
TS377-SEM1-10,TS377,1,6,TS377-S10,92.7,69.58,True,81.78,100.0,80.36,89.25,96.89,Career guidance is helpful from the beginning.
TS377-SEM1-11,TS377,1,6,TS377-S11,85.98,52.45,True,81.75,71.55,80.28,71.36,89.29,Career guidance is helpful from the beginning.
TS377-SEM1-12,TS377,1,6,TS377-S12,82.04,67.92,True,94.03,80.95,88.15,86.94,94.96,Excellent labs and digital board infrastructure.
TS377-SEM1-13,TS377,1,6,TS377-S13,85.51,76.11,True,93.46,83.85,78.59,86.75,87.43,Career guidance is helpful from the beginning.
TS377-SEM1-14,TS377,1,6,TS377-S14,87.24,56.18,True,88.44,85.37,84.88,78.51,88.28,Teaching incorporates both fundamentals and modern practical tools.
TS378-SEM1-01,TS378,1,6,TS378-S01,88.29,73.68,True,73.02,88.55,75.03,100.0,79.51,Career guidance is helpful from the beginning.
TS378-SEM1-02,TS378,1,6,TS378-S02,88.07,87.76,True,80.38,80.38,97.49,83.63,79.38,Career guidance is helpful from the beginning.
TS378-SEM1-03,TS378,1,6,TS378-S03,84.95,64.52,True,80.34,86.36,77.27,80.93,90.47,"Campus has trees and nature, very peaceful."
TS378-SEM1-04,TS378,1,6,TS378-S04,83.73,75.28,True,86.81,78.45,81.47,74.04,86.46,Teaching incorporates both fundamentals and modern practical tools.
TS378-SEM1-05,TS378,1,6,TS378-S05,83.16,72.7,True,90.07,76.25,84.63,91.39,80.91,Career guidance is helpful from the beginning.
TS378-SEM1-06,TS378,1,6,TS378-S06,86.49,70.7,True,77.46,81.3,80.46,84.93,86.98,"Strictness is moderate, allowing good learning freedom."
TS378-SEM1-07,TS378,1,6,TS378-S07,77.15,69.48,True,80.6,78.24,75.87,82.35,79.94,"Strictness is moderate, allowing good learning freedom."
TS378-SEM1-08,TS378,1,6,TS378-S08,86.38,70.51,True,81.86,71.05,75.8,93.23,79.63,Teaching incorporates both fundamentals and modern practical tools.
TS378-SEM1-09,TS378,1,6,TS378-S09,81.14,97.06,True,80.01,66.32,80.91,80.5,87.86,Teaching incorporates both fundamentals and modern practical tools.
TS378-SEM1-10,TS378,1,6,TS378-S10,77.94,77.77,True,87.1,71.67,80.52,90.89,77.48,Career guidance is helpful from the beginning.
TS378-SEM1-11,TS378,1,6,TS378-S11,92.12,76.41,True,81.01,82.59,75.6,94.39,94.04,Career guidance is helpful from the beginning.
TS378-SEM1-12,TS378,1,6,TS378-S12,94.88,57.34,True,85.67,76.57,81.94,76.49,92.43,Teaching incorporates both fundamentals and modern practical tools.
TS378-SEM1-13,TS378,1,6,TS378-S13,72.8,77.5,False,73.81,67.42,79.94,67.16,66.92,Excellent labs and digital board infrastructure.
TS378-SEM1-14,TS378,1,6,TS378-S14,71.88,67.27,False,66.11,67.78,79.43,71.07,59.3,Excellent labs and digital board infrastructure.
TS379-SEM1-01,TS379,1,6,TS379-S01,71.98,57.95,False,45.16,52.67,49.9,43.41,48.63,Teaching incorporates both fundamentals and modern practical tools.
TS379-SEM1-02,TS379,1,6,TS379-S02,81.06,67.68,False,35.31,76.45,47.77,39.4,51.63,Teaching incorporates both fundamentals and modern practical tools.
TS379-SEM1-03,TS379,1,6,TS379-S03,65.39,65.72,False,44.53,55.07,51.55,36.29,44.69,Excellent labs and digital board infrastructure.
TS379-SEM1-04,TS379,1,6,TS379-S04,78.16,61.25,True,61.86,57.52,55.7,38.85,68.69,Excellent labs and digital board infrastructure.
TS379-SEM1-05,TS379,1,6,TS379-S05,81.63,70.43,True,56.07,72.99,55.7,45.29,58.44,"Strictness is moderate, allowing good learning freedom."
TS379-SEM1-06,TS379,1,6,TS379-S06,83.21,57.36,True,64.6,60.3,58.51,44.45,70.55,"Campus has trees and nature, very peaceful."
TS379-SEM1-07,TS379,1,6,TS379-S07,66.54,65.65,False,44.34,49.7,56.69,40.33,36.16,Excellent labs and digital board infrastructure.
TS379-SEM1-08,TS379,1,6,TS379-S08,74.55,54.93,False,48.25,63.94,53.09,48.79,38.82,Excellent labs and digital board infrastructure.
TS379-SEM1-09,TS379,1,6,TS379-S09,79.19,59.03,True,46.58,64.63,54.37,45.83,64.98,Good focus on practical sessions and mentoring.
TS379-SEM1-10,TS379,1,6,TS379-S10,82.32,52.98,True,57.9,59.2,53.23,60.31,63.37,"Strictness is moderate, allowing good learning freedom."
TS379-SEM1-11,TS379,1,6,TS379-S11,70.86,55.15,False,47.71,51.99,60.96,44.96,46.0,"Strictness is moderate, allowing good learning freedom."
TS379-SEM1-12,TS379,1,6,TS379-S12,72.7,75.08,False,47.17,53.28,52.11,48.2,51.22,Career guidance is helpful from the beginning.
TS379-SEM1-13,TS379,1,6,TS379-S13,73.29,64.29,False,53.26,35.22,51.75,39.95,45.6,"Campus has trees and nature, very peaceful."
TS379-SEM1-14,TS379,1,6,TS379-S14,74.13,74.45,False,39.0,51.34,46.86,39.81,38.45,"Campus has trees and nature, very peaceful."
TS380-SEM1-01,TS380,1,6,TS380-S01,77.92,65.05,True,66.26,60.15,60.71,65.05,57.5,Teaching incorporates both fundamentals and modern practical tools.
TS380-SEM1-02,TS380,1,6,TS380-S02,69.57,81.68,False,39.43,63.5,54.63,59.23,41.67,Good focus on practical sessions and mentoring.
TS380-SEM1-03,TS380,1,6,TS380-S03,64.51,74.89,False,39.29,33.27,51.97,52.23,43.88,Career guidance is helpful from the beginning.
TS380-SEM1-04,TS380,1,6,TS380-S04,63.94,56.19,False,46.84,57.74,57.12,60.34,44.96,"Campus has trees and nature, very peaceful."
TS380-SEM1-05,TS380,1,6,TS380-S05,70.56,71.24,False,39.64,52.07,50.42,54.9,51.41,Excellent labs and digital board infrastructure.
TS380-SEM1-06,TS380,1,6,TS380-S06,73.91,49.74,False,48.88,66.05,46.83,68.5,45.71,Excellent labs and digital board infrastructure.
TS380-SEM1-07,TS380,1,6,TS380-S07,73.21,73.98,False,47.65,58.69,50.89,49.81,46.48,Excellent labs and digital board infrastructure.
TS380-SEM1-08,TS380,1,6,TS380-S08,73.51,58.2,False,31.13,60.55,46.12,53.57,38.32,Career guidance is helpful from the beginning.
TS380-SEM1-09,TS380,1,6,TS380-S09,60.25,66.62,False,60.56,50.93,54.53,59.77,45.8,"Strictness is moderate, allowing good learning freedom."
TS380-SEM1-10,TS380,1,6,TS380-S10,71.6,69.82,False,39.18,56.37,56.1,64.54,46.06,"Strictness is moderate, allowing good learning freedom."
TS380-SEM1-11,TS380,1,6,TS380-S11,72.59,58.39,False,44.31,43.15,52.94,68.52,45.9,"Campus has trees and nature, very peaceful."
TS380-SEM1-12,TS380,1,6,TS380-S12,72.1,67.99,False,33.72,51.52,50.06,50.09,45.23,"Strictness is moderate, allowing good learning freedom."
TS380-SEM1-13,TS380,1,6,TS380-S13,60.9,68.91,False,47.78,54.05,54.23,61.21,46.8,Career guidance is helpful from the beginning.
TS380-SEM1-14,TS380,1,6,TS380-S14,73.7,53.4,False,55.84,65.54,52.57,61.23,48.18,Teaching incorporates both fundamentals and modern practical tools.
TS381-SEM1-01,TS381,1,6,TS381-S01,72.74,42.3,False,42.04,49.33,54.0,42.07,52.4,Teaching incorporates both fundamentals and modern practical tools.
TS381-SEM1-02,TS381,1,6,TS381-S02,79.45,52.06,True,62.92,62.42,61.47,63.16,64.08,"Strictness is moderate, allowing good learning freedom."
TS381-SEM1-03,TS381,1,6,TS381-S03,65.49,57.63,False,49.64,59.97,58.69,50.91,45.89,Good focus on practical sessions and mentoring.
TS381-SEM1-04,TS381,1,6,TS381-S04,68.04,72.94,False,45.63,48.59,51.8,43.61,48.2,Teaching incorporates both fundamentals and modern practical tools.
TS381-SEM1-05,TS381,1,6,TS381-S05,70.14,89.68,False,43.79,51.16,56.58,58.34,50.67,"Campus has trees and nature, very peaceful."
TS381-SEM1-06,TS381,1,6,TS381-S06,70.32,50.53,False,63.5,57.42,52.62,58.48,38.98,"Campus has trees and nature, very peaceful."
TS381-SEM1-07,TS381,1,6,TS381-S07,69.26,51.57,False,48.5,42.27,54.86,60.75,51.23,"Strictness is moderate, allowing good learning freedom."
TS381-SEM1-08,TS381,1,6,TS381-S08,74.64,63.92,False,44.99,56.88,50.95,42.43,42.41,"Campus has trees and nature, very peaceful."
TS381-SEM1-09,TS381,1,6,TS381-S09,76.75,50.74,True,60.3,45.94,62.14,64.5,68.23,Excellent labs and digital board infrastructure.
TS381-SEM1-10,TS381,1,6,TS381-S10,73.33,53.47,False,40.11,57.7,55.07,46.95,39.24,Excellent labs and digital board infrastructure.
TS381-SEM1-11,TS381,1,6,TS381-S11,71.89,63.37,False,53.1,58.59,51.09,59.86,43.75,"Campus has trees and nature, very peaceful."
TS381-SEM1-12,TS381,1,6,TS381-S12,70.15,70.48,False,53.24,61.16,50.6,54.08,41.16,"Strictness is moderate, allowing good learning freedom."
TS381-SEM1-13,TS381,1,6,TS381-S13,77.4,56.09,True,58.85,56.45,44.96,57.21,67.41,Teaching incorporates both fundamentals and modern practical tools.
TS381-SEM1-14,TS381,1,6,TS381-S14,74.48,66.12,False,56.05,48.66,45.77,56.61,47.28,Teaching incorporates both fundamentals and modern practical tools.
TS382-SEM1-01,TS382,1,6,TS382-S01,70.52,63.13,False,60.8,56.01,51.93,76.82,56.77,Good focus on practical sessions and mentoring.
TS382-SEM1-02,TS382,1,6,TS382-S02,64.34,69.78,False,70.24,70.64,72.59,63.0,57.44,Career guidance is helpful from the beginning.
TS382-SEM1-03,TS382,1,6,TS382-S03,74.13,60.83,False,56.22,37.43,70.65,60.67,60.71,Good focus on practical sessions and mentoring.
TS382-SEM1-04,TS382,1,6,TS382-S04,72.07,61.7,False,56.96,62.69,65.39,76.08,55.56,"Strictness is moderate, allowing good learning freedom."
TS382-SEM1-05,TS382,1,6,TS382-S05,64.77,49.6,False,64.42,58.93,57.06,65.92,55.72,"Strictness is moderate, allowing good learning freedom."
TS382-SEM1-06,TS382,1,6,TS382-S06,64.3,61.69,False,65.71,60.15,53.35,75.57,61.74,"Strictness is moderate, allowing good learning freedom."
TS382-SEM1-07,TS382,1,6,TS382-S07,78.98,62.59,True,76.6,95.02,75.95,84.56,71.07,Career guidance is helpful from the beginning.
TS382-SEM1-08,TS382,1,6,TS382-S08,66.31,63.16,False,57.03,56.8,61.54,69.18,52.99,Teaching incorporates both fundamentals and modern practical tools.
TS382-SEM1-09,TS382,1,6,TS382-S09,75.94,54.48,True,64.9,71.9,70.19,71.6,74.54,"Campus has trees and nature, very peaceful."
TS382-SEM1-10,TS382,1,6,TS382-S10,71.41,57.39,False,55.48,64.68,62.33,76.11,51.01,Excellent labs and digital board infrastructure.
TS382-SEM1-11,TS382,1,6,TS382-S11,70.87,55.86,False,58.55,63.26,56.28,73.92,67.0,Good focus on practical sessions and mentoring.
TS382-SEM1-12,TS382,1,6,TS382-S12,73.02,53.32,False,56.44,58.51,58.85,74.7,47.07,Good focus on practical sessions and mentoring.
TS382-SEM1-13,TS382,1,6,TS382-S13,73.63,74.9,False,65.54,69.3,58.89,79.11,58.02,Teaching incorporates both fundamentals and modern practical tools.
TS382-SEM1-14,TS382,1,6,TS382-S14,80.54,72.82,True,70.72,90.02,60.29,76.33,67.16,Career guidance is helpful from the beginning.
TS383-SEM1-01,TS383,1,6,TS383-S01,74.32,46.12,False,60.05,46.73,53.66,61.72,47.11,Good focus on practical sessions and mentoring.
TS383-SEM1-02,TS383,1,6,TS383-S02,60.36,49.64,False,52.95,67.37,63.44,62.88,51.14,Career guidance is helpful from the beginning.
TS383-SEM1-03,TS383,1,6,TS383-S03,76.79,75.26,True,67.26,67.03,68.4,59.38,68.44,Good focus on practical sessions and mentoring.
TS383-SEM1-04,TS383,1,6,TS383-S04,74.4,43.07,False,57.86,64.01,46.63,58.11,48.46,"Strictness is moderate, allowing good learning freedom."
TS383-SEM1-05,TS383,1,6,TS383-S05,66.67,54.49,False,49.22,60.28,62.59,63.9,45.79,"Campus has trees and nature, very peaceful."
TS383-SEM1-06,TS383,1,6,TS383-S06,76.75,68.04,True,73.8,66.47,64.21,57.13,76.43,Teaching incorporates both fundamentals and modern practical tools.
TS383-SEM1-07,TS383,1,6,TS383-S07,74.02,69.75,False,44.41,59.49,59.01,59.66,43.89,Career guidance is helpful from the beginning.
TS383-SEM1-08,TS383,1,6,TS383-S08,71.63,52.45,False,48.17,64.68,56.79,60.11,44.48,Teaching incorporates both fundamentals and modern practical tools.
TS383-SEM1-09,TS383,1,6,TS383-S09,71.73,60.5,False,46.47,64.08,61.54,55.95,52.34,"Strictness is moderate, allowing good learning freedom."
TS383-SEM1-10,TS383,1,6,TS383-S10,60.88,65.18,False,57.04,46.42,56.43,61.36,64.8,"Strictness is moderate, allowing good learning freedom."
TS383-SEM1-11,TS383,1,6,TS383-S11,87.48,65.22,True,67.82,74.41,54.99,55.04,62.63,Excellent labs and digital board infrastructure.
TS383-SEM1-12,TS383,1,6,TS383-S12,76.57,70.21,True,73.02,63.95,62.0,69.9,76.91,Teaching incorporates both fundamentals and modern practical tools.
TS383-SEM1-13,TS383,1,6,TS383-S13,74.47,61.04,False,54.77,66.78,54.56,57.9,47.99,Career guidance is helpful from the beginning.
TS383-SEM1-14,TS383,1,6,TS383-S14,76.89,54.21,True,57.53,63.32,63.06,78.32,73.21,Career guidance is helpful from the beginning.
TS384-SEM1-01,TS384,1,6,TS384-S01,73.05,69.46,False,76.02,71.94,72.42,85.48,63.89,"Strictness is moderate, allowing good learning freedom."
TS384-SEM1-02,TS384,1,6,TS384-S02,100.0,83.92,False,67.84,88.05,69.86,74.22,75.37,Excellent labs and digital board infrastructure.
TS384-SEM1-03,TS384,1,6,TS384-S03,79.75,70.33,True,71.73,95.43,80.11,90.23,84.48,Excellent labs and digital board infrastructure.
TS384-SEM1-04,TS384,1,6,TS384-S04,79.47,68.37,True,78.5,90.39,80.52,77.56,83.09,Good focus on practical sessions and mentoring.
TS384-SEM1-05,TS384,1,6,TS384-S05,82.06,71.9,True,84.74,85.74,78.51,82.44,82.29,Career guidance is helpful from the beginning.
TS384-SEM1-06,TS384,1,6,TS384-S06,77.06,80.99,True,80.62,90.75,77.01,84.44,78.79,Teaching incorporates both fundamentals and modern practical tools.
TS384-SEM1-07,TS384,1,6,TS384-S07,76.88,66.11,True,76.31,69.39,73.48,82.77,81.37,Excellent labs and digital board infrastructure.
TS384-SEM1-08,TS384,1,6,TS384-S08,78.53,77.64,True,82.85,100.0,78.42,82.58,87.23,"Strictness is moderate, allowing good learning freedom."
TS384-SEM1-09,TS384,1,6,TS384-S09,77.09,69.08,True,84.49,79.87,83.12,93.1,75.76,Teaching incorporates both fundamentals and modern practical tools.
TS384-SEM1-10,TS384,1,6,TS384-S10,84.35,74.09,True,85.29,98.35,81.61,89.57,85.13,Excellent labs and digital board infrastructure.
TS384-SEM1-11,TS384,1,6,TS384-S11,84.19,69.56,True,81.7,88.17,72.05,77.13,91.27,Career guidance is helpful from the beginning.
TS384-SEM1-12,TS384,1,6,TS384-S12,90.36,57.69,True,78.84,89.34,79.91,87.9,78.57,Excellent labs and digital board infrastructure.
TS384-SEM1-13,TS384,1,6,TS384-S13,84.1,71.66,True,87.01,81.41,82.54,82.33,84.83,Career guidance is helpful from the beginning.
TS384-SEM1-14,TS384,1,6,TS384-S14,90.02,75.71,True,69.35,87.23,74.77,78.25,82.05,Excellent labs and digital board infrastructure.
TS385-SEM1-01,TS385,1,6,TS385-S01,74.1,69.05,False,52.88,39.57,51.74,60.0,57.23,Good focus on practical sessions and mentoring.
TS385-SEM1-02,TS385,1,6,TS385-S02,71.0,68.09,False,54.06,53.4,62.46,67.96,54.03,"Strictness is moderate, allowing good learning freedom."
TS385-SEM1-03,TS385,1,6,TS385-S03,83.64,59.67,True,72.1,46.32,72.67,61.47,69.36,Excellent labs and digital board infrastructure.
TS385-SEM1-04,TS385,1,6,TS385-S04,77.24,54.55,True,72.55,54.39,64.42,64.86,75.42,Good focus on practical sessions and mentoring.
TS385-SEM1-05,TS385,1,6,TS385-S05,81.41,51.0,True,65.46,61.21,74.44,69.26,67.79,"Strictness is moderate, allowing good learning freedom."
TS385-SEM1-06,TS385,1,6,TS385-S06,63.79,71.99,False,51.85,44.76,60.12,63.45,50.76,Good focus on practical sessions and mentoring.
TS385-SEM1-07,TS385,1,6,TS385-S07,66.32,75.69,False,58.7,58.86,56.82,55.0,49.94,Teaching incorporates both fundamentals and modern practical tools.
TS385-SEM1-08,TS385,1,6,TS385-S08,62.86,58.65,False,50.55,50.34,58.85,60.52,49.68,Career guidance is helpful from the beginning.
TS385-SEM1-09,TS385,1,6,TS385-S09,64.87,47.58,False,55.77,52.05,51.64,68.54,56.78,"Strictness is moderate, allowing good learning freedom."
TS385-SEM1-10,TS385,1,6,TS385-S10,65.87,64.65,False,53.78,53.07,59.46,64.01,60.0,Excellent labs and digital board infrastructure.
TS385-SEM1-11,TS385,1,6,TS385-S11,73.8,67.33,False,63.39,46.66,53.94,64.01,46.49,Excellent labs and digital board infrastructure.
TS385-SEM1-12,TS385,1,6,TS385-S12,67.15,77.05,False,44.29,53.39,51.39,62.44,61.76,"Campus has trees and nature, very peaceful."
TS385-SEM1-13,TS385,1,6,TS385-S13,65.92,40.97,False,56.74,45.94,57.68,62.17,55.42,Excellent labs and digital board infrastructure.
TS385-SEM1-14,TS385,1,6,TS385-S14,75.44,61.73,True,67.47,58.33,65.52,70.44,67.37,Career guidance is helpful from the beginning.
TS386-SEM1-01,TS386,1,6,TS386-S01,68.3,59.64,False,66.79,54.91,68.39,80.95,63.58,Career guidance is helpful from the beginning.
TS386-SEM1-02,TS386,1,6,TS386-S02,60.59,61.18,False,69.44,68.74,69.22,72.73,67.65,Excellent labs and digital board infrastructure.
TS386-SEM1-03,TS386,1,6,TS386-S03,67.07,67.46,False,64.94,81.15,68.12,68.74,67.64,"Strictness is moderate, allowing good learning freedom."
TS386-SEM1-04,TS386,1,6,TS386-S04,74.96,66.12,False,71.62,63.11,66.6,83.32,66.72,Good focus on practical sessions and mentoring.
TS386-SEM1-05,TS386,1,6,TS386-S05,69.27,44.36,False,59.08,63.47,67.74,77.24,57.71,"Campus has trees and nature, very peaceful."
TS386-SEM1-06,TS386,1,6,TS386-S06,68.83,49.37,False,64.02,90.2,76.49,78.85,61.93,Career guidance is helpful from the beginning.
TS386-SEM1-07,TS386,1,6,TS386-S07,65.54,61.13,False,57.22,76.31,69.55,75.24,56.22,"Campus has trees and nature, very peaceful."
TS386-SEM1-08,TS386,1,6,TS386-S08,72.3,59.61,False,60.8,72.92,68.55,77.17,67.64,"Campus has trees and nature, very peaceful."
TS386-SEM1-09,TS386,1,6,TS386-S09,65.49,63.07,False,67.07,81.08,74.75,73.31,62.41,Career guidance is helpful from the beginning.
TS386-SEM1-10,TS386,1,6,TS386-S10,72.9,50.76,False,60.7,67.38,58.64,69.47,62.88,Good focus on practical sessions and mentoring.
TS386-SEM1-11,TS386,1,6,TS386-S11,88.54,55.56,True,79.36,84.65,72.13,73.13,89.43,Good focus on practical sessions and mentoring.
TS386-SEM1-12,TS386,1,6,TS386-S12,64.02,76.84,False,64.32,64.51,67.96,85.02,61.05,Career guidance is helpful from the beginning.
TS386-SEM1-13,TS386,1,6,TS386-S13,69.71,71.75,False,69.39,87.75,76.37,71.23,71.06,Excellent labs and digital board infrastructure.
TS386-SEM1-14,TS386,1,6,TS386-S14,60.47,69.7,False,62.62,75.89,80.36,65.38,69.16,"Strictness is moderate, allowing good learning freedom."
TS387-SEM1-01,TS387,1,6,TS387-S01,73.97,50.14,False,75.1,67.87,69.04,64.41,57.78,"Strictness is moderate, allowing good learning freedom."
TS387-SEM1-02,TS387,1,6,TS387-S02,73.38,47.59,False,64.86,82.88,73.11,69.91,57.86,Excellent labs and digital board infrastructure.
TS387-SEM1-03,TS387,1,6,TS387-S03,71.64,54.04,False,74.01,66.41,65.42,67.38,59.45,"Campus has trees and nature, very peaceful."
TS387-SEM1-04,TS387,1,6,TS387-S04,73.41,80.21,False,65.4,62.82,68.56,61.06,77.72,"Strictness is moderate, allowing good learning freedom."
TS387-SEM1-05,TS387,1,6,TS387-S05,82.81,74.47,True,78.36,79.05,75.25,89.95,80.39,Excellent labs and digital board infrastructure.
TS387-SEM1-06,TS387,1,6,TS387-S06,68.62,60.95,False,68.46,42.34,71.32,53.43,70.71,"Campus has trees and nature, very peaceful."
TS387-SEM1-07,TS387,1,6,TS387-S07,61.66,53.97,False,53.85,84.6,69.29,82.05,73.29,"Strictness is moderate, allowing good learning freedom."
TS387-SEM1-08,TS387,1,6,TS387-S08,79.5,47.98,False,66.35,81.13,71.3,66.47,65.11,"Strictness is moderate, allowing good learning freedom."
TS387-SEM1-09,TS387,1,6,TS387-S09,74.69,47.23,False,61.95,75.42,73.73,70.15,61.31,Excellent labs and digital board infrastructure.
TS387-SEM1-10,TS387,1,6,TS387-S10,70.85,54.46,False,64.73,77.0,81.49,61.46,69.69,"Strictness is moderate, allowing good learning freedom."
TS387-SEM1-11,TS387,1,6,TS387-S11,74.3,45.99,False,64.77,68.74,69.35,74.98,73.23,Good focus on practical sessions and mentoring.
TS387-SEM1-12,TS387,1,6,TS387-S12,79.77,64.13,True,91.83,71.73,82.56,68.81,73.73,Good focus on practical sessions and mentoring.
TS387-SEM1-13,TS387,1,6,TS387-S13,75.79,45.42,False,63.0,81.19,64.78,79.47,52.07,Good focus on practical sessions and mentoring.
TS387-SEM1-14,TS387,1,6,TS387-S14,78.27,48.16,False,64.19,71.92,67.94,67.15,56.1,Excellent labs and digital board infrastructure.
TS388-SEM1-01,TS388,1,6,TS388-S01,73.36,67.66,False,55.86,58.42,54.9,68.15,46.45,"Strictness is moderate, allowing good learning freedom."
TS388-SEM1-02,TS388,1,6,TS388-S02,71.2,62.6,False,60.97,50.78,62.19,71.78,54.38,"Campus has trees and nature, very peaceful."
TS388-SEM1-03,TS388,1,6,TS388-S03,74.68,64.7,False,40.89,52.82,71.21,72.3,51.49,"Strictness is moderate, allowing good learning freedom."
TS388-SEM1-04,TS388,1,6,TS388-S04,74.2,69.11,False,65.74,57.08,57.51,65.38,51.64,"Campus has trees and nature, very peaceful."
TS388-SEM1-05,TS388,1,6,TS388-S05,68.37,63.87,False,53.97,59.7,69.86,62.62,56.18,"Strictness is moderate, allowing good learning freedom."
TS388-SEM1-06,TS388,1,6,TS388-S06,65.19,71.27,False,63.21,53.25,57.01,72.36,53.12,Good focus on practical sessions and mentoring.
TS388-SEM1-07,TS388,1,6,TS388-S07,80.5,49.98,False,62.96,78.09,62.45,64.54,50.61,"Strictness is moderate, allowing good learning freedom."
TS388-SEM1-08,TS388,1,6,TS388-S08,71.03,68.76,False,47.53,57.72,61.15,77.69,63.8,"Strictness is moderate, allowing good learning freedom."
TS388-SEM1-09,TS388,1,6,TS388-S09,71.21,50.92,False,57.33,61.6,66.42,65.7,49.55,Good focus on practical sessions and mentoring.
TS388-SEM1-10,TS388,1,6,TS388-S10,71.93,58.6,False,54.29,53.25,54.22,72.02,55.81,Excellent labs and digital board infrastructure.
TS388-SEM1-11,TS388,1,6,TS388-S11,67.18,70.2,False,45.44,56.93,61.57,75.01,51.72,Excellent labs and digital board infrastructure.
TS388-SEM1-12,TS388,1,6,TS388-S12,78.74,55.48,True,80.59,62.2,68.25,78.61,66.27,"Strictness is moderate, allowing good learning freedom."
TS388-SEM1-13,TS388,1,6,TS388-S13,74.59,56.34,False,51.44,56.81,58.01,73.17,54.49,"Strictness is moderate, allowing good learning freedom."
TS388-SEM1-14,TS388,1,6,TS388-S14,85.86,56.64,True,69.59,59.99,75.45,76.08,68.59,"Campus has trees and nature, very peaceful."
TS389-SEM1-01,TS389,1,6,TS389-S01,63.98,73.15,False,53.58,62.64,59.05,69.24,57.11,"Strictness is moderate, allowing good learning freedom."
TS389-SEM1-02,TS389,1,6,TS389-S02,63.29,50.29,False,49.68,65.57,56.33,62.14,56.22,Teaching incorporates both fundamentals and modern practical tools.
TS389-SEM1-03,TS389,1,6,TS389-S03,73.33,57.39,False,49.17,48.62,57.36,48.47,58.78,"Campus has trees and nature, very peaceful."
TS389-SEM1-04,TS389,1,6,TS389-S04,75.03,51.28,True,71.98,75.05,73.5,70.56,64.47,Excellent labs and digital board infrastructure.
TS389-SEM1-05,TS389,1,6,TS389-S05,73.19,67.26,False,54.7,59.56,62.48,58.64,56.12,Career guidance is helpful from the beginning.
TS389-SEM1-06,TS389,1,6,TS389-S06,68.94,65.75,False,55.08,52.58,54.43,77.6,54.36,Excellent labs and digital board infrastructure.
TS389-SEM1-07,TS389,1,6,TS389-S07,65.22,68.04,False,59.74,62.66,65.89,70.94,51.3,Excellent labs and digital board infrastructure.
TS389-SEM1-08,TS389,1,6,TS389-S08,72.88,46.21,False,56.78,63.64,58.14,77.75,56.71,"Strictness is moderate, allowing good learning freedom."
TS389-SEM1-09,TS389,1,6,TS389-S09,61.14,69.05,False,71.94,40.38,66.19,58.42,56.35,"Strictness is moderate, allowing good learning freedom."
TS389-SEM1-10,TS389,1,6,TS389-S10,64.14,70.53,False,56.71,67.56,57.47,63.12,45.05,Career guidance is helpful from the beginning.
TS389-SEM1-11,TS389,1,6,TS389-S11,87.59,81.2,True,81.82,63.55,69.4,73.11,76.49,"Strictness is moderate, allowing good learning freedom."
TS389-SEM1-12,TS389,1,6,TS389-S12,65.43,50.54,False,50.6,54.86,61.02,61.64,57.88,"Strictness is moderate, allowing good learning freedom."
TS389-SEM1-13,TS389,1,6,TS389-S13,63.7,53.46,False,54.06,64.83,63.61,66.39,51.95,Excellent labs and digital board infrastructure.
TS389-SEM1-14,TS389,1,6,TS389-S14,72.24,54.26,False,54.18,61.23,59.38,63.73,55.27,"Campus has trees and nature, very peaceful."
TS390-SEM1-01,TS390,1,6,TS390-S01,69.9,76.65,False,47.9,61.95,55.74,57.93,52.33,Career guidance is helpful from the beginning.
TS390-SEM1-02,TS390,1,6,TS390-S02,64.0,63.66,False,66.29,59.07,61.93,56.18,55.23,Teaching incorporates both fundamentals and modern practical tools.
TS390-SEM1-03,TS390,1,6,TS390-S03,67.69,60.79,False,58.57,53.81,62.65,48.37,51.59,Excellent labs and digital board infrastructure.
TS390-SEM1-04,TS390,1,6,TS390-S04,70.45,88.38,False,50.95,59.98,47.34,47.39,52.82,Teaching incorporates both fundamentals and modern practical tools.
TS390-SEM1-05,TS390,1,6,TS390-S05,70.42,59.55,False,51.34,55.13,48.74,53.87,50.2,Teaching incorporates both fundamentals and modern practical tools.
TS390-SEM1-06,TS390,1,6,TS390-S06,78.4,70.35,True,73.42,60.74,73.3,66.83,71.75,Career guidance is helpful from the beginning.
TS390-SEM1-07,TS390,1,6,TS390-S07,68.98,69.4,False,44.2,52.09,59.02,58.04,52.37,Good focus on practical sessions and mentoring.
TS390-SEM1-08,TS390,1,6,TS390-S08,74.36,63.64,False,51.4,67.34,66.55,54.09,45.42,Teaching incorporates both fundamentals and modern practical tools.
TS390-SEM1-09,TS390,1,6,TS390-S09,70.59,62.87,False,40.03,67.32,54.1,49.43,49.6,"Strictness is moderate, allowing good learning freedom."
TS390-SEM1-10,TS390,1,6,TS390-S10,69.16,62.57,False,58.03,66.82,61.25,48.74,50.75,Teaching incorporates both fundamentals and modern practical tools.
TS390-SEM1-11,TS390,1,6,TS390-S11,72.63,65.07,False,56.23,57.24,56.86,59.86,50.63,Good focus on practical sessions and mentoring.
TS390-SEM1-12,TS390,1,6,TS390-S12,77.74,70.13,True,68.6,78.16,62.78,63.47,73.12,"Campus has trees and nature, very peaceful."
TS390-SEM1-13,TS390,1,6,TS390-S13,65.94,58.07,False,49.29,56.15,54.63,55.03,50.9,Good focus on practical sessions and mentoring.
TS390-SEM1-14,TS390,1,6,TS390-S14,70.32,63.51,False,49.2,49.72,51.33,43.67,47.89,"Campus has trees and nature, very peaceful."
TS391-SEM1-01,TS391,1,6,TS391-S01,89.02,75.13,True,91.04,92.28,79.53,75.92,86.72,"Strictness is moderate, allowing good learning freedom."
TS391-SEM1-02,TS391,1,6,TS391-S02,90.2,74.12,True,81.05,93.9,83.23,73.9,88.38,"Campus has trees and nature, very peaceful."
TS391-SEM1-03,TS391,1,6,TS391-S03,87.89,96.76,True,91.21,87.37,86.37,75.71,97.5,Good focus on practical sessions and mentoring.
TS391-SEM1-04,TS391,1,6,TS391-S04,79.25,64.01,True,92.26,82.58,92.86,85.1,94.58,Teaching incorporates both fundamentals and modern practical tools.
TS391-SEM1-05,TS391,1,6,TS391-S05,79.49,68.79,True,81.15,91.95,89.86,77.11,93.72,"Strictness is moderate, allowing good learning freedom."
TS391-SEM1-06,TS391,1,6,TS391-S06,83.53,86.16,True,92.96,87.72,91.3,81.55,88.95,"Campus has trees and nature, very peaceful."
TS391-SEM1-07,TS391,1,6,TS391-S07,78.34,75.98,True,82.09,78.25,79.17,87.4,92.27,Good focus on practical sessions and mentoring.
TS391-SEM1-08,TS391,1,6,TS391-S08,90.85,69.81,True,97.62,82.29,88.65,73.26,91.18,Excellent labs and digital board infrastructure.
TS391-SEM1-09,TS391,1,6,TS391-S09,81.02,60.76,True,82.94,80.69,82.0,68.19,88.64,Teaching incorporates both fundamentals and modern practical tools.
TS391-SEM1-10,TS391,1,6,TS391-S10,78.08,84.92,False,66.67,72.94,89.05,68.79,76.39,"Campus has trees and nature, very peaceful."
TS391-SEM1-11,TS391,1,6,TS391-S11,77.92,64.97,True,97.1,76.43,88.56,88.58,87.51,Career guidance is helpful from the beginning.
TS391-SEM1-12,TS391,1,6,TS391-S12,87.98,83.41,True,82.58,86.94,85.82,79.05,93.1,Teaching incorporates both fundamentals and modern practical tools.
TS391-SEM1-13,TS391,1,6,TS391-S13,77.36,65.88,True,89.65,98.67,87.55,85.52,88.55,Excellent labs and digital board infrastructure.
TS391-SEM1-14,TS391,1,6,TS391-S14,79.97,68.64,True,89.15,88.95,84.26,81.01,98.56,"Strictness is moderate, allowing good learning freedom."
TS392-SEM1-01,TS392,1,6,TS392-S01,77.57,67.31,True,68.6,75.23,52.21,66.18,63.03,"Strictness is moderate, allowing good learning freedom."
TS392-SEM1-02,TS392,1,6,TS392-S02,79.0,65.73,True,64.17,59.0,62.87,69.87,66.42,Excellent labs and digital board infrastructure.
TS392-SEM1-03,TS392,1,6,TS392-S03,75.91,66.34,True,62.78,60.5,54.47,74.2,73.03,Good focus on practical sessions and mentoring.
TS392-SEM1-04,TS392,1,6,TS392-S04,61.19,68.41,False,47.59,47.67,55.61,61.13,48.43,"Strictness is moderate, allowing good learning freedom."
TS392-SEM1-05,TS392,1,6,TS392-S05,69.84,77.05,False,47.07,43.05,54.21,56.3,47.64,"Strictness is moderate, allowing good learning freedom."
TS392-SEM1-06,TS392,1,6,TS392-S06,81.88,61.55,True,59.98,65.64,60.01,72.51,61.31,Excellent labs and digital board infrastructure.
TS392-SEM1-07,TS392,1,6,TS392-S07,69.53,68.34,False,58.14,46.05,52.66,67.9,47.13,Career guidance is helpful from the beginning.
TS392-SEM1-08,TS392,1,6,TS392-S08,75.83,54.6,True,58.74,45.66,55.05,70.99,67.23,Good focus on practical sessions and mentoring.
TS392-SEM1-09,TS392,1,6,TS392-S09,76.61,67.09,True,51.47,49.99,64.99,63.25,64.1,Excellent labs and digital board infrastructure.
TS392-SEM1-10,TS392,1,6,TS392-S10,72.38,48.15,False,50.46,61.37,52.38,59.69,40.68,"Strictness is moderate, allowing good learning freedom."
TS392-SEM1-11,TS392,1,6,TS392-S11,70.36,67.41,False,48.43,45.63,57.5,59.74,44.33,"Campus has trees and nature, very peaceful."
TS392-SEM1-12,TS392,1,6,TS392-S12,72.85,75.07,False,47.54,42.06,55.2,59.31,49.24,"Strictness is moderate, allowing good learning freedom."
TS392-SEM1-13,TS392,1,6,TS392-S13,59.71,62.37,False,46.98,41.47,46.41,59.62,41.12,"Strictness is moderate, allowing good learning freedom."
TS392-SEM1-14,TS392,1,6,TS392-S14,54.2,50.25,False,41.16,49.38,46.53,61.3,41.7,Teaching incorporates both fundamentals and modern practical tools.
TS393-SEM1-01,TS393,1,6,TS393-S01,77.85,76.98,True,79.84,70.35,60.2,63.95,72.32,Career guidance is helpful from the beginning.
TS393-SEM1-02,TS393,1,6,TS393-S02,70.42,61.57,False,53.58,63.25,56.98,56.67,53.48,Career guidance is helpful from the beginning.
TS393-SEM1-03,TS393,1,6,TS393-S03,76.61,57.05,True,60.07,72.99,59.65,64.0,68.02,Career guidance is helpful from the beginning.
TS393-SEM1-04,TS393,1,6,TS393-S04,72.4,66.91,False,59.44,59.17,51.09,57.27,53.87,"Strictness is moderate, allowing good learning freedom."
TS393-SEM1-05,TS393,1,6,TS393-S05,58.48,54.78,False,52.48,55.46,56.97,51.66,54.99,"Campus has trees and nature, very peaceful."
TS393-SEM1-06,TS393,1,6,TS393-S06,72.31,44.0,False,56.69,65.66,56.11,44.37,54.81,Excellent labs and digital board infrastructure.
TS393-SEM1-07,TS393,1,6,TS393-S07,65.87,58.39,False,48.86,47.78,56.33,56.62,50.87,Teaching incorporates both fundamentals and modern practical tools.
TS393-SEM1-08,TS393,1,6,TS393-S08,70.74,54.55,False,61.12,60.78,51.62,58.05,52.12,Teaching incorporates both fundamentals and modern practical tools.
TS393-SEM1-09,TS393,1,6,TS393-S09,75.69,61.68,True,58.08,65.06,55.02,64.21,60.27,"Strictness is moderate, allowing good learning freedom."
TS393-SEM1-10,TS393,1,6,TS393-S10,69.87,69.29,False,50.85,58.83,58.52,58.49,55.49,"Campus has trees and nature, very peaceful."
TS393-SEM1-11,TS393,1,6,TS393-S11,75.38,65.58,True,67.75,82.57,66.54,68.23,64.93,Good focus on practical sessions and mentoring.
TS393-SEM1-12,TS393,1,6,TS393-S12,71.59,67.65,False,54.96,65.62,50.63,50.65,43.83,Excellent labs and digital board infrastructure.
TS393-SEM1-13,TS393,1,6,TS393-S13,73.55,60.13,False,51.13,53.86,52.08,55.42,55.84,Career guidance is helpful from the beginning.
TS393-SEM1-14,TS393,1,6,TS393-S14,81.4,77.71,True,59.2,76.37,69.67,64.91,68.19,Good focus on practical sessions and mentoring.
TS394-SEM1-01,TS394,1,6,TS394-S01,69.66,68.16,False,44.46,41.58,52.31,40.04,44.19,"Strictness is moderate, allowing good learning freedom."
TS394-SEM1-02,TS394,1,6,TS394-S02,68.77,66.34,False,43.66,54.24,55.83,54.19,46.4,"Strictness is moderate, allowing good learning freedom."
TS394-SEM1-03,TS394,1,6,TS394-S03,75.5,44.83,False,45.51,52.51,51.79,49.52,46.6,"Strictness is moderate, allowing good learning freedom."
TS394-SEM1-04,TS394,1,6,TS394-S04,66.25,81.93,False,48.37,42.99,55.8,43.33,43.07,"Strictness is moderate, allowing good learning freedom."
TS394-SEM1-05,TS394,1,6,TS394-S05,72.69,57.9,False,44.29,50.86,43.66,51.67,43.04,"Campus has trees and nature, very peaceful."
TS394-SEM1-06,TS394,1,6,TS394-S06,83.66,76.84,True,58.18,54.8,54.75,62.19,60.51,Excellent labs and digital board infrastructure.
TS394-SEM1-07,TS394,1,6,TS394-S07,69.01,68.05,False,33.4,47.26,55.87,58.53,49.55,Excellent labs and digital board infrastructure.
TS394-SEM1-08,TS394,1,6,TS394-S08,64.61,49.61,False,42.06,50.45,45.36,39.94,47.66,"Strictness is moderate, allowing good learning freedom."
TS394-SEM1-09,TS394,1,6,TS394-S09,76.57,56.09,True,64.68,41.31,59.24,56.66,48.46,Excellent labs and digital board infrastructure.
TS394-SEM1-10,TS394,1,6,TS394-S10,78.11,62.79,True,61.41,61.8,58.73,45.42,59.52,Good focus on practical sessions and mentoring.
TS394-SEM1-11,TS394,1,6,TS394-S11,66.12,60.37,False,34.83,41.41,56.72,57.0,47.88,"Strictness is moderate, allowing good learning freedom."
TS394-SEM1-12,TS394,1,6,TS394-S12,80.82,43.3,False,44.68,52.3,47.09,38.86,47.44,Good focus on practical sessions and mentoring.
TS394-SEM1-13,TS394,1,6,TS394-S13,75.71,55.79,True,59.77,65.42,51.45,58.46,62.27,"Campus has trees and nature, very peaceful."
TS394-SEM1-14,TS394,1,6,TS394-S14,70.61,35.26,False,46.05,52.27,44.3,53.46,44.25,Career guidance is helpful from the beginning.
TS395-SEM1-01,TS395,1,6,TS395-S01,69.12,65.51,False,66.75,55.09,51.21,51.04,52.87,Good focus on practical sessions and mentoring.
TS395-SEM1-02,TS395,1,6,TS395-S02,74.5,76.53,False,52.26,34.75,58.02,53.05,51.36,"Strictness is moderate, allowing good learning freedom."
TS395-SEM1-03,TS395,1,6,TS395-S03,66.91,81.93,False,45.14,45.65,54.52,58.59,56.51,Teaching incorporates both fundamentals and modern practical tools.
TS395-SEM1-04,TS395,1,6,TS395-S04,75.84,70.93,True,55.47,60.52,67.09,63.1,63.32,Good focus on practical sessions and mentoring.
TS395-SEM1-05,TS395,1,6,TS395-S05,66.14,73.69,False,52.81,36.92,50.04,53.54,43.73,Good focus on practical sessions and mentoring.
TS395-SEM1-06,TS395,1,6,TS395-S06,66.09,52.52,False,56.91,53.42,64.05,48.06,48.61,"Strictness is moderate, allowing good learning freedom."
TS395-SEM1-07,TS395,1,6,TS395-S07,74.01,55.75,False,42.07,50.68,51.92,49.87,46.67,Excellent labs and digital board infrastructure.
TS395-SEM1-08,TS395,1,6,TS395-S08,74.7,58.48,False,41.97,48.52,49.65,62.16,49.9,Teaching incorporates both fundamentals and modern practical tools.
TS395-SEM1-09,TS395,1,6,TS395-S09,76.0,61.04,True,58.1,57.16,68.23,54.53,63.92,Career guidance is helpful from the beginning.
TS395-SEM1-10,TS395,1,6,TS395-S10,68.63,81.32,False,63.93,56.77,56.65,55.33,51.63,Teaching incorporates both fundamentals and modern practical tools.
TS395-SEM1-11,TS395,1,6,TS395-S11,73.05,57.49,False,47.97,57.47,56.36,59.44,48.37,Career guidance is helpful from the beginning.
TS395-SEM1-12,TS395,1,6,TS395-S12,66.45,47.39,False,47.06,41.99,61.4,48.08,45.83,"Campus has trees and nature, very peaceful."
TS395-SEM1-13,TS395,1,6,TS395-S13,74.88,81.49,False,49.1,44.42,53.69,39.48,52.24,Excellent labs and digital board infrastructure.
TS395-SEM1-14,TS395,1,6,TS395-S14,75.46,57.61,True,80.07,53.66,58.91,57.84,71.97,"Campus has trees and nature, very peaceful."
TS396-SEM1-01,TS396,1,6,TS396-S01,77.81,50.11,False,61.84,68.81,77.24,66.0,66.07,Good focus on practical sessions and mentoring.
TS396-SEM1-02,TS396,1,6,TS396-S02,73.81,52.36,False,65.52,62.53,71.18,72.41,72.2,Good focus on practical sessions and mentoring.
TS396-SEM1-03,TS396,1,6,TS396-S03,67.41,60.28,False,64.44,80.55,68.22,67.78,60.8,Excellent labs and digital board infrastructure.
TS396-SEM1-04,TS396,1,6,TS396-S04,67.25,56.19,False,61.54,69.82,64.18,76.58,64.88,"Campus has trees and nature, very peaceful."
TS396-SEM1-05,TS396,1,6,TS396-S05,81.73,66.67,True,92.73,83.18,76.6,74.91,89.94,Teaching incorporates both fundamentals and modern practical tools.
TS396-SEM1-06,TS396,1,6,TS396-S06,65.95,50.6,False,59.87,63.68,70.89,71.55,67.3,"Campus has trees and nature, very peaceful."
TS396-SEM1-07,TS396,1,6,TS396-S07,65.46,53.28,False,67.6,61.99,63.87,63.94,64.43,Career guidance is helpful from the beginning.
TS396-SEM1-08,TS396,1,6,TS396-S08,71.59,60.84,False,73.98,72.12,70.68,81.21,69.55,"Strictness is moderate, allowing good learning freedom."
TS396-SEM1-09,TS396,1,6,TS396-S09,67.62,70.35,False,77.31,83.91,75.56,75.45,66.13,Good focus on practical sessions and mentoring.
TS396-SEM1-10,TS396,1,6,TS396-S10,80.74,48.62,False,74.28,70.74,66.06,66.03,56.15,Teaching incorporates both fundamentals and modern practical tools.
TS396-SEM1-11,TS396,1,6,TS396-S11,75.39,81.22,True,75.55,89.37,78.24,87.65,77.8,Good focus on practical sessions and mentoring.
TS396-SEM1-12,TS396,1,6,TS396-S12,75.92,80.15,True,78.75,76.81,81.42,87.69,79.27,"Campus has trees and nature, very peaceful."
TS396-SEM1-13,TS396,1,6,TS396-S13,86.99,62.56,True,89.24,80.82,75.8,76.87,93.19,Excellent labs and digital board infrastructure.
TS396-SEM1-14,TS396,1,6,TS396-S14,66.04,73.26,False,61.81,64.72,70.27,75.92,56.45,Teaching incorporates both fundamentals and modern practical tools.
TS397-SEM1-01,TS397,1,6,TS397-S01,63.8,57.7,False,42.74,48.86,59.4,60.68,61.09,"Strictness is moderate, allowing good learning freedom."
TS397-SEM1-02,TS397,1,6,TS397-S02,68.91,53.22,False,60.68,38.59,57.33,61.03,38.81,Excellent labs and digital board infrastructure.
TS397-SEM1-03,TS397,1,6,TS397-S03,65.46,48.35,False,57.36,47.18,55.06,48.33,46.31,"Strictness is moderate, allowing good learning freedom."
TS397-SEM1-04,TS397,1,6,TS397-S04,67.26,59.82,False,50.53,64.08,59.82,47.35,55.45,"Campus has trees and nature, very peaceful."
TS397-SEM1-05,TS397,1,6,TS397-S05,77.28,62.68,True,73.58,58.43,57.26,68.4,64.28,Career guidance is helpful from the beginning.
TS397-SEM1-06,TS397,1,6,TS397-S06,73.59,51.62,False,58.21,46.24,55.31,56.36,43.28,Excellent labs and digital board infrastructure.
TS397-SEM1-07,TS397,1,6,TS397-S07,78.48,74.85,False,47.8,50.45,53.83,57.88,48.8,Excellent labs and digital board infrastructure.
TS397-SEM1-08,TS397,1,6,TS397-S08,66.56,73.31,False,51.08,67.77,56.88,55.58,48.95,"Campus has trees and nature, very peaceful."
TS397-SEM1-09,TS397,1,6,TS397-S09,69.8,60.94,False,53.71,43.34,51.26,62.69,52.93,Teaching incorporates both fundamentals and modern practical tools.
TS397-SEM1-10,TS397,1,6,TS397-S10,62.55,67.23,False,57.4,54.34,48.09,49.99,50.13,"Strictness is moderate, allowing good learning freedom."
TS397-SEM1-11,TS397,1,6,TS397-S11,83.29,56.62,True,62.5,75.92,63.57,57.74,64.28,"Campus has trees and nature, very peaceful."
TS397-SEM1-12,TS397,1,6,TS397-S12,66.62,63.16,False,48.18,48.36,66.09,54.49,51.24,Excellent labs and digital board infrastructure.
TS397-SEM1-13,TS397,1,6,TS397-S13,70.36,61.51,False,56.36,34.73,57.11,55.76,51.24,Good focus on practical sessions and mentoring.
TS397-SEM1-14,TS397,1,6,TS397-S14,70.78,60.06,False,54.14,47.92,66.2,52.24,57.56,Good focus on practical sessions and mentoring.
TS398-SEM1-01,TS398,1,6,TS398-S01,65.37,66.6,False,58.97,66.77,67.99,72.65,51.6,Excellent labs and digital board infrastructure.
TS398-SEM1-02,TS398,1,6,TS398-S02,71.18,53.76,False,54.49,65.62,64.97,71.26,57.38,Teaching incorporates both fundamentals and modern practical tools.
TS398-SEM1-03,TS398,1,6,TS398-S03,74.64,57.45,False,66.05,67.06,61.84,74.53,53.37,Excellent labs and digital board infrastructure.
TS398-SEM1-04,TS398,1,6,TS398-S04,72.72,70.95,False,50.64,79.5,59.0,65.05,56.05,Good focus on practical sessions and mentoring.
TS398-SEM1-05,TS398,1,6,TS398-S05,76.44,70.36,True,71.56,74.36,61.25,68.34,73.49,Career guidance is helpful from the beginning.
TS398-SEM1-06,TS398,1,6,TS398-S06,74.15,61.54,False,61.09,61.26,60.77,82.17,54.63,Excellent labs and digital board infrastructure.
TS398-SEM1-07,TS398,1,6,TS398-S07,78.07,48.94,False,58.68,56.32,71.84,64.42,55.79,Excellent labs and digital board infrastructure.
TS398-SEM1-08,TS398,1,6,TS398-S08,67.06,53.16,False,57.49,64.62,67.23,64.29,52.97,Career guidance is helpful from the beginning.
TS398-SEM1-09,TS398,1,6,TS398-S09,79.71,77.94,True,74.74,85.08,82.19,77.28,77.71,Teaching incorporates both fundamentals and modern practical tools.
TS398-SEM1-10,TS398,1,6,TS398-S10,72.8,47.2,False,60.02,72.69,58.18,56.64,58.9,"Campus has trees and nature, very peaceful."
TS398-SEM1-11,TS398,1,6,TS398-S11,61.46,46.28,False,48.14,45.7,67.23,68.6,66.23,Good focus on practical sessions and mentoring.
TS398-SEM1-12,TS398,1,6,TS398-S12,76.41,82.61,True,74.12,61.53,67.56,83.38,73.74,Good focus on practical sessions and mentoring.
TS398-SEM1-13,TS398,1,6,TS398-S13,70.59,61.78,False,58.81,62.88,68.61,63.44,54.91,"Strictness is moderate, allowing good learning freedom."
TS398-SEM1-14,TS398,1,6,TS398-S14,72.59,52.97,False,55.26,67.85,57.82,84.41,64.13,"Campus has trees and nature, very peaceful."
TS399-SEM1-01,TS399,1,6,TS399-S01,67.75,60.52,False,47.19,52.05,59.32,67.23,50.34,"Campus has trees and nature, very peaceful."
TS399-SEM1-02,TS399,1,6,TS399-S02,84.26,48.84,False,47.88,54.75,56.69,51.8,50.48,"Campus has trees and nature, very peaceful."
TS399-SEM1-03,TS399,1,6,TS399-S03,63.34,69.48,False,56.07,48.49,51.31,66.51,54.1,"Campus has trees and nature, very peaceful."
TS399-SEM1-04,TS399,1,6,TS399-S04,63.43,65.77,False,53.06,57.47,60.32,56.09,45.07,Good focus on practical sessions and mentoring.
TS399-SEM1-05,TS399,1,6,TS399-S05,68.04,64.46,False,47.53,64.52,51.4,58.37,48.41,Excellent labs and digital board infrastructure.
TS399-SEM1-06,TS399,1,6,TS399-S06,67.34,72.7,False,53.58,63.19,48.31,68.96,38.15,Excellent labs and digital board infrastructure.
TS399-SEM1-07,TS399,1,6,TS399-S07,76.77,63.94,True,62.18,68.66,63.92,66.69,66.5,Career guidance is helpful from the beginning.
TS399-SEM1-08,TS399,1,6,TS399-S08,73.82,84.5,False,39.89,68.36,55.69,61.68,41.06,Excellent labs and digital board infrastructure.
TS399-SEM1-09,TS399,1,6,TS399-S09,79.25,51.23,True,60.22,79.77,56.87,61.1,64.93,"Strictness is moderate, allowing good learning freedom."
TS399-SEM1-10,TS399,1,6,TS399-S10,67.87,60.17,False,59.58,53.54,54.28,69.24,48.6,Teaching incorporates both fundamentals and modern practical tools.
TS399-SEM1-11,TS399,1,6,TS399-S11,79.07,68.1,True,63.06,72.62,69.45,64.7,67.5,Teaching incorporates both fundamentals and modern practical tools.
TS399-SEM1-12,TS399,1,6,TS399-S12,68.24,72.89,False,39.43,55.59,58.43,58.76,38.45,"Strictness is moderate, allowing good learning freedom."
TS399-SEM1-13,TS399,1,6,TS399-S13,67.69,55.67,False,58.89,64.27,57.86,52.28,47.41,"Campus has trees and nature, very peaceful."
TS399-SEM1-14,TS399,1,6,TS399-S14,81.63,71.45,True,68.15,57.66,56.1,55.36,64.83,Career guidance is helpful from the beginning.
TS400-SEM1-01,TS400,1,6,TS400-S01,69.4,54.67,False,53.56,61.03,61.54,57.88,50.58,Good focus on practical sessions and mentoring.
TS400-SEM1-02,TS400,1,6,TS400-S02,73.25,58.13,False,54.0,73.35,56.23,58.26,48.59,"Strictness is moderate, allowing good learning freedom."
TS400-SEM1-03,TS400,1,6,TS400-S03,78.63,45.1,False,49.42,67.61,57.65,64.32,51.44,Excellent labs and digital board infrastructure.
TS400-SEM1-04,TS400,1,6,TS400-S04,67.97,60.78,False,46.65,55.29,62.97,57.47,52.25,Excellent labs and digital board infrastructure.
TS400-SEM1-05,TS400,1,6,TS400-S05,72.75,46.32,False,45.05,64.95,56.35,57.7,55.48,Good focus on practical sessions and mentoring.
TS400-SEM1-06,TS400,1,6,TS400-S06,66.39,56.33,False,52.29,64.59,56.61,55.22,60.87,Teaching incorporates both fundamentals and modern practical tools.
TS400-SEM1-07,TS400,1,6,TS400-S07,72.24,68.55,False,43.55,51.6,61.33,57.58,50.47,"Strictness is moderate, allowing good learning freedom."
TS400-SEM1-08,TS400,1,6,TS400-S08,66.3,71.74,False,58.33,61.38,59.63,57.19,48.98,"Campus has trees and nature, very peaceful."
TS400-SEM1-09,TS400,1,6,TS400-S09,68.89,69.64,False,52.04,62.36,56.26,64.66,49.15,Career guidance is helpful from the beginning.
TS400-SEM1-10,TS400,1,6,TS400-S10,81.16,56.27,True,80.42,63.37,65.22,72.09,62.69,Teaching incorporates both fundamentals and modern practical tools.
TS400-SEM1-11,TS400,1,6,TS400-S11,73.55,46.61,False,54.62,78.19,46.65,58.57,50.13,Career guidance is helpful from the beginning.
TS400-SEM1-12,TS400,1,6,TS400-S12,65.96,46.7,False,61.0,63.48,49.11,53.37,49.66,"Campus has trees and nature, very peaceful."
TS400-SEM1-13,TS400,1,6,TS400-S13,62.57,62.88,False,55.93,63.83,68.51,53.38,50.04,Excellent labs and digital board infrastructure.
TS400-SEM1-14,TS400,1,6,TS400-S14,68.84,70.55,False,58.87,52.86,65.63,53.57,56.67,"Strictness is moderate, allowing good learning freedom."
TS401-SEM1-01,TS401,1,6,TS401-S01,64.21,64.03,False,51.56,34.77,41.28,56.52,32.97,"Campus has trees and nature, very peaceful."
TS401-SEM1-02,TS401,1,6,TS401-S02,71.1,58.51,False,49.65,36.95,45.59,47.64,30.15,Teaching incorporates both fundamentals and modern practical tools.
TS401-SEM1-03,TS401,1,6,TS401-S03,75.98,64.53,True,46.52,45.6,42.4,55.94,46.62,Excellent labs and digital board infrastructure.
TS401-SEM1-04,TS401,1,6,TS401-S04,70.29,75.08,False,32.7,29.37,41.01,50.81,39.69,"Campus has trees and nature, very peaceful."
TS401-SEM1-05,TS401,1,6,TS401-S05,64.21,36.96,False,38.23,49.87,40.87,54.29,35.45,Excellent labs and digital board infrastructure.
TS401-SEM1-06,TS401,1,6,TS401-S06,76.47,59.06,True,61.67,55.49,45.39,54.92,50.86,Excellent labs and digital board infrastructure.
TS401-SEM1-07,TS401,1,6,TS401-S07,65.26,56.48,False,37.12,30.15,44.4,41.87,29.94,Career guidance is helpful from the beginning.
TS401-SEM1-08,TS401,1,6,TS401-S08,75.95,81.01,True,46.84,37.44,46.97,66.51,56.42,Career guidance is helpful from the beginning.
TS401-SEM1-09,TS401,1,6,TS401-S09,64.58,65.62,False,46.45,45.79,48.5,56.71,29.43,Teaching incorporates both fundamentals and modern practical tools.
TS401-SEM1-10,TS401,1,6,TS401-S10,67.16,79.4,False,35.8,21.17,44.88,58.28,35.44,"Campus has trees and nature, very peaceful."
TS401-SEM1-11,TS401,1,6,TS401-S11,75.3,53.72,True,40.99,37.75,56.03,39.02,51.91,"Strictness is moderate, allowing good learning freedom."
TS401-SEM1-12,TS401,1,6,TS401-S12,68.8,67.94,False,25.04,30.23,38.9,54.34,35.8,Good focus on practical sessions and mentoring.
TS401-SEM1-13,TS401,1,6,TS401-S13,62.06,58.61,False,33.18,40.05,40.61,62.4,32.52,"Campus has trees and nature, very peaceful."
TS401-SEM1-14,TS401,1,6,TS401-S14,68.59,56.68,False,36.69,43.07,39.63,49.54,37.63,Excellent labs and digital board infrastructure.
TS402-SEM1-01,TS402,1,6,TS402-S01,76.95,57.0,True,64.27,68.71,60.38,64.71,59.69,Teaching incorporates both fundamentals and modern practical tools.
TS402-SEM1-02,TS402,1,6,TS402-S02,69.38,71.83,False,50.12,57.51,60.21,53.74,53.63,Teaching incorporates both fundamentals and modern practical tools.
TS402-SEM1-03,TS402,1,6,TS402-S03,78.88,47.06,False,48.59,51.76,57.0,57.15,36.86,Good focus on practical sessions and mentoring.
TS402-SEM1-04,TS402,1,6,TS402-S04,62.16,40.69,False,46.1,58.5,63.34,42.91,61.19,Excellent labs and digital board infrastructure.
TS402-SEM1-05,TS402,1,6,TS402-S05,74.62,66.74,False,55.4,46.74,52.24,44.56,52.4,Excellent labs and digital board infrastructure.
TS402-SEM1-06,TS402,1,6,TS402-S06,65.99,58.88,False,47.06,69.4,52.1,44.04,51.55,Teaching incorporates both fundamentals and modern practical tools.
TS402-SEM1-07,TS402,1,6,TS402-S07,71.02,75.03,False,52.89,60.15,59.54,53.41,53.11,"Strictness is moderate, allowing good learning freedom."
TS402-SEM1-08,TS402,1,6,TS402-S08,75.65,57.72,True,63.99,51.92,58.46,55.28,73.64,Teaching incorporates both fundamentals and modern practical tools.
TS402-SEM1-09,TS402,1,6,TS402-S09,70.49,78.55,False,53.88,44.94,60.89,56.92,40.77,Good focus on practical sessions and mentoring.
TS402-SEM1-10,TS402,1,6,TS402-S10,75.77,75.46,True,58.6,75.59,61.28,66.57,71.93,"Strictness is moderate, allowing good learning freedom."
TS402-SEM1-11,TS402,1,6,TS402-S11,76.47,72.84,True,63.29,83.67,60.48,64.32,66.24,"Strictness is moderate, allowing good learning freedom."
TS402-SEM1-12,TS402,1,6,TS402-S12,66.91,51.3,False,54.47,68.54,57.68,52.28,43.49,Good focus on practical sessions and mentoring.
TS402-SEM1-13,TS402,1,6,TS402-S13,71.51,62.98,False,45.88,61.59,51.79,48.4,53.11,"Strictness is moderate, allowing good learning freedom."
TS402-SEM1-14,TS402,1,6,TS402-S14,81.11,76.31,True,68.46,73.21,65.4,58.54,73.74,Career guidance is helpful from the beginning.
TS403-SEM1-01,TS403,1,6,TS403-S01,71.72,61.02,False,49.77,73.45,66.3,88.76,59.11,Teaching incorporates both fundamentals and modern practical tools.
TS403-SEM1-02,TS403,1,6,TS403-S02,67.84,63.04,False,56.02,77.15,62.81,68.07,65.71,Good focus on practical sessions and mentoring.
TS403-SEM1-03,TS403,1,6,TS403-S03,73.27,63.93,False,55.6,75.57,62.6,63.0,63.61,Excellent labs and digital board infrastructure.
TS403-SEM1-04,TS403,1,6,TS403-S04,70.71,59.61,False,67.77,65.24,59.01,71.31,63.2,"Strictness is moderate, allowing good learning freedom."
TS403-SEM1-05,TS403,1,6,TS403-S05,73.07,60.21,False,78.23,81.07,61.76,65.14,68.39,"Strictness is moderate, allowing good learning freedom."
TS403-SEM1-06,TS403,1,6,TS403-S06,78.39,76.8,True,76.8,63.57,75.48,76.52,75.86,Career guidance is helpful from the beginning.
TS403-SEM1-07,TS403,1,6,TS403-S07,77.54,60.44,True,77.11,82.18,68.2,74.43,82.03,"Strictness is moderate, allowing good learning freedom."
TS403-SEM1-08,TS403,1,6,TS403-S08,82.15,66.66,False,72.77,66.05,63.78,73.39,63.62,Teaching incorporates both fundamentals and modern practical tools.
TS403-SEM1-09,TS403,1,6,TS403-S09,64.4,63.29,False,53.41,65.39,66.98,73.16,51.97,"Strictness is moderate, allowing good learning freedom."
TS403-SEM1-10,TS403,1,6,TS403-S10,72.6,70.74,False,72.21,79.42,67.89,88.22,57.96,"Strictness is moderate, allowing good learning freedom."
TS403-SEM1-11,TS403,1,6,TS403-S11,67.63,62.18,False,68.72,72.94,55.92,67.57,65.6,Good focus on practical sessions and mentoring.
TS403-SEM1-12,TS403,1,6,TS403-S12,66.67,60.71,False,65.91,71.67,72.06,80.98,64.92,Teaching incorporates both fundamentals and modern practical tools.
TS403-SEM1-13,TS403,1,6,TS403-S13,64.64,67.86,False,70.25,71.42,74.21,74.78,61.12,Career guidance is helpful from the beginning.
TS403-SEM1-14,TS403,1,6,TS403-S14,66.92,82.34,False,57.49,67.76,65.98,65.35,66.2,"Strictness is moderate, allowing good learning freedom."
TS404-SEM1-01,TS404,1,6,TS404-S01,75.96,53.76,True,64.96,62.8,56.69,77.59,64.05,"Campus has trees and nature, very peaceful."
TS404-SEM1-02,TS404,1,6,TS404-S02,64.61,46.72,False,51.38,49.63,52.02,70.24,39.84,Teaching incorporates both fundamentals and modern practical tools.
TS404-SEM1-03,TS404,1,6,TS404-S03,65.91,78.23,False,45.37,63.88,64.38,68.15,41.54,Teaching incorporates both fundamentals and modern practical tools.
TS404-SEM1-04,TS404,1,6,TS404-S04,72.76,60.11,False,48.25,61.47,56.01,54.69,51.8,Teaching incorporates both fundamentals and modern practical tools.
TS404-SEM1-05,TS404,1,6,TS404-S05,73.64,56.26,False,52.25,47.33,46.83,73.07,46.18,Teaching incorporates both fundamentals and modern practical tools.
TS404-SEM1-06,TS404,1,6,TS404-S06,81.41,55.14,True,64.17,68.98,61.95,76.47,63.94,Good focus on practical sessions and mentoring.
TS404-SEM1-07,TS404,1,6,TS404-S07,60.35,70.64,False,33.6,45.86,48.32,72.13,44.74,"Campus has trees and nature, very peaceful."
TS404-SEM1-08,TS404,1,6,TS404-S08,83.25,48.13,False,41.25,37.73,46.11,62.92,53.17,Excellent labs and digital board infrastructure.
TS404-SEM1-09,TS404,1,6,TS404-S09,78.27,64.38,True,66.44,75.91,55.61,70.43,61.69,Teaching incorporates both fundamentals and modern practical tools.
TS404-SEM1-10,TS404,1,6,TS404-S10,61.59,74.11,False,44.35,53.41,59.13,63.48,52.18,Excellent labs and digital board infrastructure.
TS404-SEM1-11,TS404,1,6,TS404-S11,61.51,67.61,False,45.17,43.09,46.17,67.56,41.05,Good focus on practical sessions and mentoring.
TS404-SEM1-12,TS404,1,6,TS404-S12,74.3,54.55,False,38.13,63.49,53.32,55.9,49.11,"Campus has trees and nature, very peaceful."
TS404-SEM1-13,TS404,1,6,TS404-S13,72.73,57.68,False,45.5,66.45,53.44,75.05,48.23,Career guidance is helpful from the beginning.
TS404-SEM1-14,TS404,1,6,TS404-S14,73.41,54.43,False,48.79,63.9,52.25,78.33,50.95,Career guidance is helpful from the beginning.
TS405-SEM1-01,TS405,1,6,TS405-S01,73.26,79.91,False,59.87,69.91,66.16,61.75,55.34,Career guidance is helpful from the beginning.
TS405-SEM1-02,TS405,1,6,TS405-S02,79.09,61.92,True,79.8,50.77,78.2,69.64,75.35,"Strictness is moderate, allowing good learning freedom."
TS405-SEM1-03,TS405,1,6,TS405-S03,72.5,75.31,False,60.35,63.43,58.55,59.48,60.52,Career guidance is helpful from the beginning.
TS405-SEM1-04,TS405,1,6,TS405-S04,73.34,78.87,False,54.42,54.38,64.81,63.25,51.31,Career guidance is helpful from the beginning.
TS405-SEM1-05,TS405,1,6,TS405-S05,68.89,69.05,False,51.39,54.51,59.67,59.51,61.27,"Campus has trees and nature, very peaceful."
TS405-SEM1-06,TS405,1,6,TS405-S06,68.67,78.31,False,53.05,66.53,63.11,63.78,45.0,Teaching incorporates both fundamentals and modern practical tools.
TS405-SEM1-07,TS405,1,6,TS405-S07,65.42,60.33,False,47.49,40.22,57.13,65.78,59.69,Career guidance is helpful from the beginning.
TS405-SEM1-08,TS405,1,6,TS405-S08,64.66,59.99,False,61.85,74.21,69.74,69.23,54.61,"Strictness is moderate, allowing good learning freedom."
TS405-SEM1-09,TS405,1,6,TS405-S09,71.7,62.71,False,58.01,52.6,70.51,66.36,61.66,Teaching incorporates both fundamentals and modern practical tools.
TS405-SEM1-10,TS405,1,6,TS405-S10,75.96,57.67,True,77.81,79.1,71.76,83.68,72.48,Excellent labs and digital board infrastructure.
TS405-SEM1-11,TS405,1,6,TS405-S11,70.11,64.07,False,56.32,61.73,68.47,59.88,54.41,Teaching incorporates both fundamentals and modern practical tools.
TS405-SEM1-12,TS405,1,6,TS405-S12,75.47,48.8,False,58.82,62.53,66.44,68.58,56.51,"Strictness is moderate, allowing good learning freedom."
TS405-SEM1-13,TS405,1,6,TS405-S13,71.48,61.65,False,57.46,73.94,65.82,71.36,52.92,"Strictness is moderate, allowing good learning freedom."
TS405-SEM1-14,TS405,1,6,TS405-S14,79.51,63.2,True,61.85,86.62,72.51,81.94,80.87,Excellent labs and digital board infrastructure.
TS406-SEM1-01,TS406,1,6,TS406-S01,70.89,64.39,False,46.99,54.26,56.04,52.4,47.1,Teaching incorporates both fundamentals and modern practical tools.
TS406-SEM1-02,TS406,1,6,TS406-S02,79.8,70.14,True,59.38,50.17,66.64,62.53,55.53,"Strictness is moderate, allowing good learning freedom."
TS406-SEM1-03,TS406,1,6,TS406-S03,66.96,60.46,False,54.6,46.54,53.57,49.4,47.77,Excellent labs and digital board infrastructure.
TS406-SEM1-04,TS406,1,6,TS406-S04,79.81,69.9,True,59.63,49.6,60.9,61.11,71.11,Teaching incorporates both fundamentals and modern practical tools.
TS406-SEM1-05,TS406,1,6,TS406-S05,70.01,62.73,False,45.81,53.81,45.69,47.69,41.73,"Strictness is moderate, allowing good learning freedom."
TS406-SEM1-06,TS406,1,6,TS406-S06,75.51,72.39,True,64.1,62.13,57.26,60.2,66.36,Teaching incorporates both fundamentals and modern practical tools.
TS406-SEM1-07,TS406,1,6,TS406-S07,83.49,71.88,True,72.78,52.48,61.05,69.43,67.24,"Campus has trees and nature, very peaceful."
TS406-SEM1-08,TS406,1,6,TS406-S08,68.41,54.03,False,56.35,51.39,52.08,53.81,52.1,Excellent labs and digital board infrastructure.
TS406-SEM1-09,TS406,1,6,TS406-S09,77.84,60.14,True,61.62,65.04,64.33,68.11,53.92,Teaching incorporates both fundamentals and modern practical tools.
TS406-SEM1-10,TS406,1,6,TS406-S10,75.08,76.78,True,72.48,63.03,62.34,66.43,55.83,"Campus has trees and nature, very peaceful."
TS406-SEM1-11,TS406,1,6,TS406-S11,77.97,66.93,True,70.29,42.91,54.48,69.41,67.59,"Strictness is moderate, allowing good learning freedom."
TS406-SEM1-12,TS406,1,6,TS406-S12,68.77,54.88,False,45.58,51.2,48.83,53.77,45.51,"Campus has trees and nature, very peaceful."
TS406-SEM1-13,TS406,1,6,TS406-S13,70.67,58.72,False,40.25,48.87,50.95,48.83,46.59,Excellent labs and digital board infrastructure.
TS406-SEM1-14,TS406,1,6,TS406-S14,79.83,63.9,True,67.23,58.8,62.64,47.63,59.64,Teaching incorporates both fundamentals and modern practical tools.
TS407-SEM1-01,TS407,1,6,TS407-S01,85.48,67.9,True,87.64,87.39,77.16,92.57,89.78,"Campus has trees and nature, very peaceful."
TS407-SEM1-02,TS407,1,6,TS407-S02,92.07,70.12,True,79.88,90.89,76.76,90.75,83.8,Career guidance is helpful from the beginning.
TS407-SEM1-03,TS407,1,6,TS407-S03,85.21,78.81,True,83.74,74.69,92.21,84.91,79.29,Career guidance is helpful from the beginning.
TS407-SEM1-04,TS407,1,6,TS407-S04,74.73,81.76,False,71.49,58.03,88.1,58.06,67.09,Career guidance is helpful from the beginning.
TS407-SEM1-05,TS407,1,6,TS407-S05,82.97,69.61,True,88.62,83.68,82.04,85.01,86.35,"Strictness is moderate, allowing good learning freedom."
TS407-SEM1-06,TS407,1,6,TS407-S06,73.79,86.11,False,82.05,73.22,75.93,74.57,62.81,Teaching incorporates both fundamentals and modern practical tools.
TS407-SEM1-07,TS407,1,6,TS407-S07,79.6,84.41,True,95.86,88.54,80.38,85.85,86.44,Career guidance is helpful from the beginning.
TS407-SEM1-08,TS407,1,6,TS407-S08,73.02,86.95,False,74.63,96.13,72.76,79.24,65.74,Good focus on practical sessions and mentoring.
TS407-SEM1-09,TS407,1,6,TS407-S09,77.71,99.83,True,85.36,96.5,74.69,78.74,91.94,Excellent labs and digital board infrastructure.
TS407-SEM1-10,TS407,1,6,TS407-S10,75.64,79.72,True,93.57,92.96,80.0,64.55,89.98,Good focus on practical sessions and mentoring.
TS407-SEM1-11,TS407,1,6,TS407-S11,88.99,81.67,True,87.13,79.8,78.56,81.98,86.16,Good focus on practical sessions and mentoring.
TS407-SEM1-12,TS407,1,6,TS407-S12,86.88,67.7,True,85.87,76.21,75.27,85.43,80.68,"Strictness is moderate, allowing good learning freedom."
TS407-SEM1-13,TS407,1,6,TS407-S13,83.74,81.36,True,99.14,92.76,78.66,79.75,88.7,Career guidance is helpful from the beginning.
TS407-SEM1-14,TS407,1,6,TS407-S14,82.23,77.54,True,86.05,89.5,76.52,84.39,78.79,Excellent labs and digital board infrastructure.
TS408-SEM1-01,TS408,1,6,TS408-S01,63.08,62.41,False,41.33,33.85,48.11,43.1,40.72,"Campus has trees and nature, very peaceful."
TS408-SEM1-02,TS408,1,6,TS408-S02,70.4,58.32,False,38.57,32.93,53.74,54.33,35.18,"Strictness is moderate, allowing good learning freedom."
TS408-SEM1-03,TS408,1,6,TS408-S03,68.38,51.18,False,47.66,35.06,49.81,42.27,39.55,Good focus on practical sessions and mentoring.
TS408-SEM1-04,TS408,1,6,TS408-S04,80.16,58.5,True,49.01,33.65,58.61,42.99,64.1,"Campus has trees and nature, very peaceful."
TS408-SEM1-05,TS408,1,6,TS408-S05,69.89,60.91,False,43.55,38.86,38.24,34.47,35.56,"Strictness is moderate, allowing good learning freedom."
TS408-SEM1-06,TS408,1,6,TS408-S06,71.8,73.17,False,37.96,42.38,47.51,34.93,42.24,"Strictness is moderate, allowing good learning freedom."
TS408-SEM1-07,TS408,1,6,TS408-S07,78.6,65.94,True,51.27,52.23,49.55,43.18,57.7,"Strictness is moderate, allowing good learning freedom."
TS408-SEM1-08,TS408,1,6,TS408-S08,70.75,72.33,False,38.79,46.29,43.99,34.23,43.35,"Campus has trees and nature, very peaceful."
TS408-SEM1-09,TS408,1,6,TS408-S09,74.51,56.0,False,23.56,52.14,50.2,46.62,46.35,Teaching incorporates both fundamentals and modern practical tools.
TS408-SEM1-10,TS408,1,6,TS408-S10,72.09,57.84,False,31.56,44.26,44.07,35.0,33.52,Excellent labs and digital board infrastructure.
TS408-SEM1-11,TS408,1,6,TS408-S11,65.82,48.54,False,48.27,52.11,42.6,47.05,40.83,Excellent labs and digital board infrastructure.
TS408-SEM1-12,TS408,1,6,TS408-S12,80.81,67.96,True,57.78,47.41,46.71,47.93,57.84,Good focus on practical sessions and mentoring.
TS408-SEM1-13,TS408,1,6,TS408-S13,87.6,69.48,True,55.81,50.23,53.12,38.83,62.85,Teaching incorporates both fundamentals and modern practical tools.
TS408-SEM1-14,TS408,1,6,TS408-S14,69.63,68.54,False,38.69,40.0,49.28,27.27,45.25,Teaching incorporates both fundamentals and modern practical tools.
TS409-SEM1-01,TS409,1,6,TS409-S01,88.6,70.5,True,87.81,93.43,82.65,96.65,93.81,Teaching incorporates both fundamentals and modern practical tools.
TS409-SEM1-02,TS409,1,6,TS409-S02,80.3,82.59,True,100.0,95.75,85.22,86.97,83.12,Excellent labs and digital board infrastructure.
TS409-SEM1-03,TS409,1,6,TS409-S03,85.17,57.92,True,73.94,80.35,88.29,90.17,89.21,Excellent labs and digital board infrastructure.
TS409-SEM1-04,TS409,1,6,TS409-S04,77.88,73.72,True,81.3,86.49,83.32,88.76,92.05,Career guidance is helpful from the beginning.
TS409-SEM1-05,TS409,1,6,TS409-S05,84.76,73.95,True,93.38,81.19,92.17,85.32,89.56,Excellent labs and digital board infrastructure.
TS409-SEM1-06,TS409,1,6,TS409-S06,85.82,73.03,True,84.6,100.0,84.3,89.69,89.51,Excellent labs and digital board infrastructure.
TS409-SEM1-07,TS409,1,6,TS409-S07,88.79,78.9,True,77.69,97.82,85.04,87.71,89.93,Teaching incorporates both fundamentals and modern practical tools.
TS409-SEM1-08,TS409,1,6,TS409-S08,90.35,82.15,True,91.54,73.15,89.6,79.93,95.05,"Campus has trees and nature, very peaceful."
TS409-SEM1-09,TS409,1,6,TS409-S09,87.31,91.8,True,88.01,98.49,77.41,90.63,87.14,Good focus on practical sessions and mentoring.
TS409-SEM1-10,TS409,1,6,TS409-S10,79.42,69.29,True,90.6,100.0,81.87,88.18,74.19,"Strictness is moderate, allowing good learning freedom."
TS409-SEM1-11,TS409,1,6,TS409-S11,90.79,61.42,True,88.05,96.5,78.9,93.83,96.44,"Strictness is moderate, allowing good learning freedom."
TS409-SEM1-12,TS409,1,6,TS409-S12,83.4,66.24,True,95.23,85.07,82.09,100.0,92.91,"Strictness is moderate, allowing good learning freedom."
TS409-SEM1-13,TS409,1,6,TS409-S13,88.87,91.42,True,95.5,100.0,81.06,94.9,93.13,"Campus has trees and nature, very peaceful."
TS409-SEM1-14,TS409,1,6,TS409-S14,77.75,84.15,True,100.0,89.88,86.13,80.62,90.27,Good focus on practical sessions and mentoring.
TS410-SEM1-01,TS410,1,6,TS410-S01,63.78,53.34,False,29.71,40.25,39.69,42.32,22.04,Career guidance is helpful from the beginning.
TS410-SEM1-02,TS410,1,6,TS410-S02,80.83,64.35,True,50.79,41.4,48.16,46.37,50.89,"Strictness is moderate, allowing good learning freedom."
TS410-SEM1-03,TS410,1,6,TS410-S03,74.96,60.97,False,26.41,34.97,46.7,35.59,33.04,Excellent labs and digital board infrastructure.
TS410-SEM1-04,TS410,1,6,TS410-S04,77.01,83.19,True,41.21,51.8,41.51,47.68,53.6,Good focus on practical sessions and mentoring.
TS410-SEM1-05,TS410,1,6,TS410-S05,69.12,59.28,False,39.49,45.16,38.79,39.92,26.95,Good focus on practical sessions and mentoring.
TS410-SEM1-06,TS410,1,6,TS410-S06,72.71,58.08,False,35.04,47.77,32.94,45.96,33.55,Good focus on practical sessions and mentoring.
TS410-SEM1-07,TS410,1,6,TS410-S07,71.84,53.31,False,36.25,53.79,25.83,27.18,31.69,Good focus on practical sessions and mentoring.
TS410-SEM1-08,TS410,1,6,TS410-S08,73.96,71.4,False,37.28,23.34,41.65,37.88,37.0,Excellent labs and digital board infrastructure.
TS410-SEM1-09,TS410,1,6,TS410-S09,67.7,46.68,False,31.87,40.35,40.49,39.01,29.51,"Campus has trees and nature, very peaceful."
TS410-SEM1-10,TS410,1,6,TS410-S10,71.21,76.82,False,49.88,39.83,43.7,34.55,39.34,Good focus on practical sessions and mentoring.
TS410-SEM1-11,TS410,1,6,TS410-S11,69.9,49.33,False,41.49,37.14,45.54,43.87,26.1,Teaching incorporates both fundamentals and modern practical tools.
TS410-SEM1-12,TS410,1,6,TS410-S12,73.11,53.03,False,42.15,37.11,35.28,26.73,38.4,Good focus on practical sessions and mentoring.
TS410-SEM1-13,TS410,1,6,TS410-S13,69.94,59.38,False,37.47,29.35,30.98,40.07,27.92,"Strictness is moderate, allowing good learning freedom."
TS410-SEM1-14,TS410,1,6,TS410-S14,71.54,53.35,False,26.42,23.29,39.08,45.49,37.46,Excellent labs and digital board infrastructure.
TS411-SEM1-01,TS411,1,6,TS411-S01,69.84,60.69,False,59.12,66.36,58.5,64.25,65.6,Teaching incorporates both fundamentals and modern practical tools.
TS411-SEM1-02,TS411,1,6,TS411-S02,71.6,71.21,False,72.54,68.39,63.54,70.63,66.97,Excellent labs and digital board infrastructure.
TS411-SEM1-03,TS411,1,6,TS411-S03,74.69,56.76,False,66.79,66.02,64.86,66.24,57.66,Career guidance is helpful from the beginning.
TS411-SEM1-04,TS411,1,6,TS411-S04,76.54,64.82,False,64.27,59.93,63.46,74.48,61.77,"Strictness is moderate, allowing good learning freedom."
TS411-SEM1-05,TS411,1,6,TS411-S05,63.46,71.19,False,58.38,73.13,75.89,62.78,68.31,Excellent labs and digital board infrastructure.
TS411-SEM1-06,TS411,1,6,TS411-S06,76.4,77.73,True,75.35,61.85,71.56,68.07,85.49,Teaching incorporates both fundamentals and modern practical tools.
TS411-SEM1-07,TS411,1,6,TS411-S07,79.28,51.04,True,73.88,71.85,68.61,73.11,77.6,"Campus has trees and nature, very peaceful."
TS411-SEM1-08,TS411,1,6,TS411-S08,79.88,52.92,True,71.25,86.77,76.11,72.84,78.73,"Strictness is moderate, allowing good learning freedom."
TS411-SEM1-09,TS411,1,6,TS411-S09,69.51,66.97,False,75.37,60.12,66.82,60.41,54.97,Teaching incorporates both fundamentals and modern practical tools.
TS411-SEM1-10,TS411,1,6,TS411-S10,62.85,54.67,False,62.15,79.84,73.47,59.16,66.39,"Campus has trees and nature, very peaceful."
TS411-SEM1-11,TS411,1,6,TS411-S11,67.2,61.12,False,66.47,85.4,69.87,55.21,66.24,Teaching incorporates both fundamentals and modern practical tools.
TS411-SEM1-12,TS411,1,6,TS411-S12,78.82,70.89,True,79.27,78.37,84.37,74.78,89.11,Good focus on practical sessions and mentoring.
TS411-SEM1-13,TS411,1,6,TS411-S13,67.74,59.83,False,61.3,76.35,74.22,66.43,63.0,"Strictness is moderate, allowing good learning freedom."
TS411-SEM1-14,TS411,1,6,TS411-S14,74.51,48.17,False,62.06,65.87,68.46,60.17,58.28,Excellent labs and digital board infrastructure.
TS412-SEM1-01,TS412,1,6,TS412-S01,80.94,60.0,True,45.61,71.21,57.62,65.23,60.18,Career guidance is helpful from the beginning.
TS412-SEM1-02,TS412,1,6,TS412-S02,72.56,61.73,False,54.35,53.77,47.21,70.39,49.0,"Campus has trees and nature, very peaceful."
TS412-SEM1-03,TS412,1,6,TS412-S03,66.33,63.89,False,51.17,56.32,54.64,57.45,51.41,"Campus has trees and nature, very peaceful."
TS412-SEM1-04,TS412,1,6,TS412-S04,76.37,69.46,True,52.42,56.1,58.58,58.41,59.75,Good focus on practical sessions and mentoring.
TS412-SEM1-05,TS412,1,6,TS412-S05,73.43,53.27,False,34.4,41.58,49.78,54.43,51.32,"Strictness is moderate, allowing good learning freedom."
TS412-SEM1-06,TS412,1,6,TS412-S06,74.61,41.95,False,57.54,50.85,53.17,56.7,42.56,"Strictness is moderate, allowing good learning freedom."
TS412-SEM1-07,TS412,1,6,TS412-S07,75.38,42.52,False,56.87,53.95,54.64,59.13,44.62,Good focus on practical sessions and mentoring.
TS412-SEM1-08,TS412,1,6,TS412-S08,79.63,54.75,True,63.72,51.43,56.99,64.54,68.5,Teaching incorporates both fundamentals and modern practical tools.
TS412-SEM1-09,TS412,1,6,TS412-S09,71.78,52.96,False,46.8,47.1,52.34,52.25,41.94,"Campus has trees and nature, very peaceful."
TS412-SEM1-10,TS412,1,6,TS412-S10,65.39,43.62,False,55.31,58.17,46.68,59.88,47.04,Excellent labs and digital board infrastructure.
TS412-SEM1-11,TS412,1,6,TS412-S11,64.25,51.49,False,47.93,58.38,55.8,52.74,49.12,Teaching incorporates both fundamentals and modern practical tools.
TS412-SEM1-12,TS412,1,6,TS412-S12,71.02,54.65,False,54.59,53.69,55.38,49.39,44.23,Good focus on practical sessions and mentoring.
TS412-SEM1-13,TS412,1,6,TS412-S13,76.92,59.19,True,56.46,64.02,54.43,65.17,59.86,"Campus has trees and nature, very peaceful."
TS412-SEM1-14,TS412,1,6,TS412-S14,70.74,77.75,False,51.02,49.68,57.11,51.63,41.89,Career guidance is helpful from the beginning.
TS413-SEM1-01,TS413,1,6,TS413-S01,70.04,50.56,False,49.28,53.05,62.95,70.06,50.91,Career guidance is helpful from the beginning.
TS413-SEM1-02,TS413,1,6,TS413-S02,74.9,66.77,False,59.87,70.46,62.86,74.03,58.9,"Campus has trees and nature, very peaceful."
TS413-SEM1-03,TS413,1,6,TS413-S03,64.47,80.4,False,52.02,64.89,74.55,68.97,51.67,Excellent labs and digital board infrastructure.
TS413-SEM1-04,TS413,1,6,TS413-S04,74.02,67.22,False,58.99,60.97,55.39,59.05,51.89,"Strictness is moderate, allowing good learning freedom."
TS413-SEM1-05,TS413,1,6,TS413-S05,79.77,49.81,False,58.72,76.21,65.04,74.56,52.85,"Campus has trees and nature, very peaceful."
TS413-SEM1-06,TS413,1,6,TS413-S06,75.77,73.51,True,77.13,65.46,72.12,75.96,73.03,"Strictness is moderate, allowing good learning freedom."
TS413-SEM1-07,TS413,1,6,TS413-S07,68.37,66.5,False,51.86,61.57,66.5,72.29,58.2,Excellent labs and digital board infrastructure.
TS413-SEM1-08,TS413,1,6,TS413-S08,69.24,50.88,False,53.11,75.31,62.76,65.42,56.6,Good focus on practical sessions and mentoring.
TS413-SEM1-09,TS413,1,6,TS413-S09,76.11,51.73,True,75.66,76.94,74.32,77.55,69.93,Excellent labs and digital board infrastructure.
TS413-SEM1-10,TS413,1,6,TS413-S10,51.97,64.04,False,51.51,69.08,69.74,59.86,59.02,Excellent labs and digital board infrastructure.
TS413-SEM1-11,TS413,1,6,TS413-S11,77.22,65.46,False,45.33,65.54,61.74,72.33,60.59,"Campus has trees and nature, very peaceful."
TS413-SEM1-12,TS413,1,6,TS413-S12,68.94,43.0,False,48.21,76.29,61.4,57.35,49.17,"Campus has trees and nature, very peaceful."
TS413-SEM1-13,TS413,1,6,TS413-S13,73.38,63.21,False,67.72,64.38,63.72,65.78,59.88,Career guidance is helpful from the beginning.
TS413-SEM1-14,TS413,1,6,TS413-S14,82.56,71.44,True,75.03,62.33,64.67,77.96,72.58,Good focus on practical sessions and mentoring.
TS414-SEM1-01,TS414,1,6,TS414-S01,69.32,73.72,False,60.23,51.25,63.87,75.42,56.49,Teaching incorporates both fundamentals and modern practical tools.
TS414-SEM1-02,TS414,1,6,TS414-S02,67.35,70.48,False,58.52,59.49,65.88,67.79,55.82,"Campus has trees and nature, very peaceful."
TS414-SEM1-03,TS414,1,6,TS414-S03,77.16,56.99,True,73.36,83.95,57.04,79.21,73.59,Good focus on practical sessions and mentoring.
TS414-SEM1-04,TS414,1,6,TS414-S04,68.8,55.54,False,62.83,66.93,56.23,69.64,62.27,Good focus on practical sessions and mentoring.
TS414-SEM1-05,TS414,1,6,TS414-S05,76.18,45.32,False,61.29,51.51,62.5,63.32,57.42,"Strictness is moderate, allowing good learning freedom."
TS414-SEM1-06,TS414,1,6,TS414-S06,67.98,51.54,False,59.3,62.42,65.52,64.63,47.84,"Strictness is moderate, allowing good learning freedom."
TS414-SEM1-07,TS414,1,6,TS414-S07,76.06,76.47,True,74.33,69.0,78.07,71.65,73.18,"Strictness is moderate, allowing good learning freedom."
TS414-SEM1-08,TS414,1,6,TS414-S08,59.87,77.73,False,54.21,71.88,58.06,67.34,51.51,Career guidance is helpful from the beginning.
TS414-SEM1-09,TS414,1,6,TS414-S09,66.39,59.07,False,56.58,58.57,53.8,69.51,45.63,"Campus has trees and nature, very peaceful."
TS414-SEM1-10,TS414,1,6,TS414-S10,69.97,46.2,False,62.81,71.35,64.37,64.95,51.7,"Campus has trees and nature, very peaceful."
TS414-SEM1-11,TS414,1,6,TS414-S11,70.48,61.45,False,60.31,64.67,51.22,71.78,57.34,Good focus on practical sessions and mentoring.
TS414-SEM1-12,TS414,1,6,TS414-S12,67.31,52.32,False,57.78,62.93,55.9,68.16,56.33,"Strictness is moderate, allowing good learning freedom."
TS414-SEM1-13,TS414,1,6,TS414-S13,77.15,60.89,True,72.92,57.97,64.16,66.7,75.88,"Strictness is moderate, allowing good learning freedom."
TS414-SEM1-14,TS414,1,6,TS414-S14,65.48,71.99,False,50.46,45.38,59.67,59.84,61.99,"Campus has trees and nature, very peaceful."
TS415-SEM1-01,TS415,1,6,TS415-S01,71.26,67.78,False,59.58,65.87,72.58,62.38,51.05,Career guidance is helpful from the beginning.
TS415-SEM1-02,TS415,1,6,TS415-S02,67.78,70.42,False,61.57,70.25,63.59,52.62,62.67,Career guidance is helpful from the beginning.
TS415-SEM1-03,TS415,1,6,TS415-S03,80.06,58.14,True,72.1,69.45,62.19,69.31,65.53,Career guidance is helpful from the beginning.
TS415-SEM1-04,TS415,1,6,TS415-S04,68.43,79.12,False,59.49,65.48,59.52,49.5,57.06,"Campus has trees and nature, very peaceful."
TS415-SEM1-05,TS415,1,6,TS415-S05,74.99,69.94,False,54.63,59.15,63.83,51.32,59.05,"Campus has trees and nature, very peaceful."
TS415-SEM1-06,TS415,1,6,TS415-S06,71.04,64.93,False,70.83,60.24,61.69,59.04,45.09,Career guidance is helpful from the beginning.
TS415-SEM1-07,TS415,1,6,TS415-S07,75.67,38.62,False,61.53,56.89,57.3,58.63,48.36,Excellent labs and digital board infrastructure.
TS415-SEM1-08,TS415,1,6,TS415-S08,71.33,51.04,False,49.25,60.67,67.11,63.2,52.27,Teaching incorporates both fundamentals and modern practical tools.
TS415-SEM1-09,TS415,1,6,TS415-S09,71.02,56.57,False,49.82,54.04,62.31,54.48,54.69,Good focus on practical sessions and mentoring.
TS415-SEM1-10,TS415,1,6,TS415-S10,65.88,69.92,False,60.82,74.87,67.8,53.33,50.69,"Strictness is moderate, allowing good learning freedom."
TS415-SEM1-11,TS415,1,6,TS415-S11,74.11,53.14,False,58.4,59.65,65.57,64.54,53.46,Excellent labs and digital board infrastructure.
TS415-SEM1-12,TS415,1,6,TS415-S12,61.02,72.1,False,53.32,62.23,60.31,61.17,51.88,Teaching incorporates both fundamentals and modern practical tools.
TS415-SEM1-13,TS415,1,6,TS415-S13,65.29,63.52,False,61.95,61.43,60.36,51.74,57.56,"Campus has trees and nature, very peaceful."
TS415-SEM1-14,TS415,1,6,TS415-S14,75.52,60.93,True,71.48,73.75,67.78,59.37,74.26,Good focus on practical sessions and mentoring.
TS416-SEM1-01,TS416,1,6,TS416-S01,78.7,77.58,True,72.48,45.07,60.1,46.27,70.43,Excellent labs and digital board infrastructure.
TS416-SEM1-02,TS416,1,6,TS416-S02,62.82,42.49,False,51.35,56.98,51.76,55.78,56.59,Good focus on practical sessions and mentoring.
TS416-SEM1-03,TS416,1,6,TS416-S03,66.3,52.19,False,56.29,50.48,60.9,47.18,38.84,"Campus has trees and nature, very peaceful."
TS416-SEM1-04,TS416,1,6,TS416-S04,63.4,69.07,False,56.98,57.25,56.56,62.48,44.74,"Strictness is moderate, allowing good learning freedom."
TS416-SEM1-05,TS416,1,6,TS416-S05,60.08,45.83,False,41.06,33.21,46.98,49.41,50.81,"Strictness is moderate, allowing good learning freedom."
TS416-SEM1-06,TS416,1,6,TS416-S06,73.77,77.08,False,42.34,51.67,60.36,51.89,45.55,Teaching incorporates both fundamentals and modern practical tools.
TS416-SEM1-07,TS416,1,6,TS416-S07,80.29,58.44,True,54.89,71.64,67.07,56.22,64.24,"Strictness is moderate, allowing good learning freedom."
TS416-SEM1-08,TS416,1,6,TS416-S08,64.55,57.06,False,40.4,34.45,47.51,61.18,38.48,Teaching incorporates both fundamentals and modern practical tools.
TS416-SEM1-09,TS416,1,6,TS416-S09,80.24,71.15,True,65.85,71.88,53.61,70.17,80.99,Teaching incorporates both fundamentals and modern practical tools.
TS416-SEM1-10,TS416,1,6,TS416-S10,70.42,61.45,False,44.25,49.22,54.71,40.78,50.84,Excellent labs and digital board infrastructure.
TS416-SEM1-11,TS416,1,6,TS416-S11,78.66,53.19,True,68.87,51.25,64.5,63.68,77.45,"Strictness is moderate, allowing good learning freedom."
TS416-SEM1-12,TS416,1,6,TS416-S12,71.23,56.66,False,51.26,49.61,61.94,64.44,44.13,Teaching incorporates both fundamentals and modern practical tools.
TS416-SEM1-13,TS416,1,6,TS416-S13,70.85,55.05,False,44.55,22.6,62.22,50.94,45.55,Excellent labs and digital board infrastructure.
TS416-SEM1-14,TS416,1,6,TS416-S14,88.62,55.6,True,65.38,61.39,57.69,68.7,66.58,Excellent labs and digital board infrastructure.
TS417-SEM1-01,TS417,1,6,TS417-S01,68.94,66.0,False,65.19,69.01,68.64,69.8,62.7,Career guidance is helpful from the beginning.
TS417-SEM1-02,TS417,1,6,TS417-S02,85.34,70.01,True,76.33,56.86,74.28,68.15,79.36,Excellent labs and digital board infrastructure.
TS417-SEM1-03,TS417,1,6,TS417-S03,71.76,72.05,False,60.06,73.83,66.63,77.76,55.85,Good focus on practical sessions and mentoring.
TS417-SEM1-04,TS417,1,6,TS417-S04,69.38,48.06,False,52.94,63.3,64.1,73.56,54.32,Teaching incorporates both fundamentals and modern practical tools.
TS417-SEM1-05,TS417,1,6,TS417-S05,73.02,75.47,False,62.37,62.84,65.2,78.62,58.64,Excellent labs and digital board infrastructure.
TS417-SEM1-06,TS417,1,6,TS417-S06,68.88,56.91,False,56.5,57.97,67.72,81.36,55.73,"Campus has trees and nature, very peaceful."
TS417-SEM1-07,TS417,1,6,TS417-S07,66.59,49.3,False,70.13,70.25,60.36,71.99,64.78,Excellent labs and digital board infrastructure.
TS417-SEM1-08,TS417,1,6,TS417-S08,71.62,70.63,False,58.83,60.16,50.52,68.72,55.09,Excellent labs and digital board infrastructure.
TS417-SEM1-09,TS417,1,6,TS417-S09,75.12,64.5,True,79.48,53.82,70.52,71.13,69.51,Career guidance is helpful from the beginning.
TS417-SEM1-10,TS417,1,6,TS417-S10,70.26,62.22,False,62.78,66.01,59.64,69.97,64.95,"Strictness is moderate, allowing good learning freedom."
TS417-SEM1-11,TS417,1,6,TS417-S11,81.68,58.93,True,68.39,80.74,82.35,74.94,81.65,Good focus on practical sessions and mentoring.
TS417-SEM1-12,TS417,1,6,TS417-S12,76.42,60.32,True,88.64,78.65,75.56,76.88,76.07,"Campus has trees and nature, very peaceful."
TS417-SEM1-13,TS417,1,6,TS417-S13,64.7,69.61,False,57.52,54.31,59.49,85.62,56.28,Career guidance is helpful from the beginning.
TS417-SEM1-14,TS417,1,6,TS417-S14,74.21,50.05,False,58.63,51.56,65.63,65.69,61.76,Good focus on practical sessions and mentoring.
TS418-SEM1-01,TS418,1,6,TS418-S01,63.03,49.84,False,20.58,49.52,34.36,40.34,32.62,Excellent labs and digital board infrastructure.
TS418-SEM1-02,TS418,1,6,TS418-S02,76.85,82.05,True,41.73,57.27,54.81,42.78,44.03,"Strictness is moderate, allowing good learning freedom."
TS418-SEM1-03,TS418,1,6,TS418-S03,56.67,41.33,False,40.52,40.3,30.31,39.04,43.01,"Campus has trees and nature, very peaceful."
TS418-SEM1-04,TS418,1,6,TS418-S04,72.03,81.15,False,26.38,53.37,33.19,34.4,25.3,Good focus on practical sessions and mentoring.
TS418-SEM1-05,TS418,1,6,TS418-S05,70.06,71.76,False,29.11,50.24,32.41,38.52,27.35,Career guidance is helpful from the beginning.
TS418-SEM1-06,TS418,1,6,TS418-S06,82.87,67.18,True,44.33,47.02,37.97,53.95,39.93,Excellent labs and digital board infrastructure.
TS418-SEM1-07,TS418,1,6,TS418-S07,69.83,70.83,False,21.95,43.11,31.65,39.18,29.16,Excellent labs and digital board infrastructure.
TS418-SEM1-08,TS418,1,6,TS418-S08,58.47,68.38,False,26.07,37.3,36.25,41.27,32.24,Teaching incorporates both fundamentals and modern practical tools.
TS418-SEM1-09,TS418,1,6,TS418-S09,76.75,37.32,False,34.9,41.77,33.23,40.59,34.6,Career guidance is helpful from the beginning.
TS418-SEM1-10,TS418,1,6,TS418-S10,66.74,76.02,False,38.88,44.65,29.88,51.95,31.42,"Campus has trees and nature, very peaceful."
TS418-SEM1-11,TS418,1,6,TS418-S11,72.89,63.14,False,35.32,49.1,35.87,31.56,35.17,Excellent labs and digital board infrastructure.
TS418-SEM1-12,TS418,1,6,TS418-S12,67.11,51.95,False,31.62,38.04,37.9,42.44,27.65,Teaching incorporates both fundamentals and modern practical tools.
TS418-SEM1-13,TS418,1,6,TS418-S13,72.73,57.15,False,36.6,45.61,39.59,37.31,31.29,"Strictness is moderate, allowing good learning freedom."
TS418-SEM1-14,TS418,1,6,TS418-S14,75.06,69.49,True,45.26,42.49,45.51,48.73,42.5,Good focus on practical sessions and mentoring.
TS419-SEM1-01,TS419,1,6,TS419-S01,82.87,50.38,True,67.42,74.02,75.36,64.7,65.1,Excellent labs and digital board infrastructure.
TS419-SEM1-02,TS419,1,6,TS419-S02,72.57,70.56,False,59.17,64.67,51.88,49.49,54.57,"Strictness is moderate, allowing good learning freedom."
TS419-SEM1-03,TS419,1,6,TS419-S03,78.8,54.11,True,72.24,62.37,64.56,64.39,71.42,Good focus on practical sessions and mentoring.
TS419-SEM1-04,TS419,1,6,TS419-S04,76.92,57.79,True,69.07,70.91,72.24,63.9,71.11,Excellent labs and digital board infrastructure.
TS419-SEM1-05,TS419,1,6,TS419-S05,71.58,70.93,False,59.23,43.56,57.63,53.26,58.16,Good focus on practical sessions and mentoring.
TS419-SEM1-06,TS419,1,6,TS419-S06,60.5,64.8,False,61.06,65.81,60.82,47.85,53.96,Career guidance is helpful from the beginning.
TS419-SEM1-07,TS419,1,6,TS419-S07,80.84,56.04,True,76.11,69.57,69.37,66.79,70.36,Good focus on practical sessions and mentoring.
TS419-SEM1-08,TS419,1,6,TS419-S08,69.52,81.95,False,66.19,57.69,57.35,47.99,66.03,Good focus on practical sessions and mentoring.
TS419-SEM1-09,TS419,1,6,TS419-S09,78.15,74.46,True,67.59,63.34,52.44,59.3,74.84,Excellent labs and digital board infrastructure.
TS419-SEM1-10,TS419,1,6,TS419-S10,73.49,55.84,False,61.17,55.32,65.08,62.07,59.34,Excellent labs and digital board infrastructure.
TS419-SEM1-11,TS419,1,6,TS419-S11,72.44,53.84,False,50.09,43.37,65.03,47.43,54.57,"Strictness is moderate, allowing good learning freedom."
TS419-SEM1-12,TS419,1,6,TS419-S12,73.31,51.31,False,56.51,63.27,59.88,60.31,53.02,Good focus on practical sessions and mentoring.
TS419-SEM1-13,TS419,1,6,TS419-S13,70.33,53.11,False,56.43,60.76,56.63,60.12,42.92,"Strictness is moderate, allowing good learning freedom."
TS419-SEM1-14,TS419,1,6,TS419-S14,78.49,47.83,False,63.49,65.68,66.31,50.79,54.23,"Strictness is moderate, allowing good learning freedom."
TS420-SEM1-01,TS420,1,6,TS420-S01,70.64,45.18,False,36.38,68.47,52.41,50.25,48.1,Career guidance is helpful from the beginning.
TS420-SEM1-02,TS420,1,6,TS420-S02,80.83,74.11,True,57.3,64.49,55.13,66.11,61.86,"Campus has trees and nature, very peaceful."
TS420-SEM1-03,TS420,1,6,TS420-S03,76.76,72.4,True,60.18,67.31,52.27,55.63,67.31,Teaching incorporates both fundamentals and modern practical tools.
TS420-SEM1-04,TS420,1,6,TS420-S04,81.17,30.0,False,52.5,29.53,48.99,43.6,40.57,Good focus on practical sessions and mentoring.
TS420-SEM1-05,TS420,1,6,TS420-S05,72.63,67.31,False,53.88,37.36,55.08,50.25,42.02,Career guidance is helpful from the beginning.
TS420-SEM1-06,TS420,1,6,TS420-S06,82.2,70.42,True,58.83,52.14,54.13,58.13,63.62,Good focus on practical sessions and mentoring.
TS420-SEM1-07,TS420,1,6,TS420-S07,64.47,59.78,False,42.94,51.2,49.04,57.54,44.6,Teaching incorporates both fundamentals and modern practical tools.
TS420-SEM1-08,TS420,1,6,TS420-S08,75.62,64.33,True,57.06,52.77,60.1,64.03,60.89,"Campus has trees and nature, very peaceful."
TS420-SEM1-09,TS420,1,6,TS420-S09,72.87,46.21,False,42.96,28.11,53.35,65.29,40.64,"Campus has trees and nature, very peaceful."
TS420-SEM1-10,TS420,1,6,TS420-S10,73.37,66.17,False,38.48,47.07,51.64,52.93,43.6,Good focus on practical sessions and mentoring.
TS420-SEM1-11,TS420,1,6,TS420-S11,70.22,53.84,False,49.36,62.21,39.28,39.0,37.23,Teaching incorporates both fundamentals and modern practical tools.
TS420-SEM1-12,TS420,1,6,TS420-S12,69.35,59.38,False,46.07,48.7,48.61,59.55,38.67,"Strictness is moderate, allowing good learning freedom."
TS420-SEM1-13,TS420,1,6,TS420-S13,77.44,81.85,True,47.6,59.61,59.54,59.14,50.67,Good focus on practical sessions and mentoring.
TS420-SEM1-14,TS420,1,6,TS420-S14,61.88,56.92,False,47.8,45.29,50.37,53.03,47.96,Excellent labs and digital board infrastructure.
TS421-SEM1-01,TS421,1,6,TS421-S01,71.81,75.76,False,45.7,69.05,60.89,63.26,48.22,"Campus has trees and nature, very peaceful."
TS421-SEM1-02,TS421,1,6,TS421-S02,70.25,58.62,False,59.6,78.73,62.7,66.42,62.43,Career guidance is helpful from the beginning.
TS421-SEM1-03,TS421,1,6,TS421-S03,79.14,38.16,False,62.92,76.27,60.83,61.17,50.49,Career guidance is helpful from the beginning.
TS421-SEM1-04,TS421,1,6,TS421-S04,60.35,70.5,False,62.73,69.14,65.69,70.06,47.16,Career guidance is helpful from the beginning.
TS421-SEM1-05,TS421,1,6,TS421-S05,73.5,59.57,False,60.73,71.43,65.99,54.42,62.71,Teaching incorporates both fundamentals and modern practical tools.
TS421-SEM1-06,TS421,1,6,TS421-S06,68.86,60.66,False,47.58,69.11,62.05,63.44,52.46,Teaching incorporates both fundamentals and modern practical tools.
TS421-SEM1-07,TS421,1,6,TS421-S07,64.68,68.41,False,47.72,76.38,70.61,77.22,50.72,"Strictness is moderate, allowing good learning freedom."
TS421-SEM1-08,TS421,1,6,TS421-S08,75.55,56.37,True,74.5,77.6,64.59,68.7,70.77,"Campus has trees and nature, very peaceful."
TS421-SEM1-09,TS421,1,6,TS421-S09,71.85,62.27,False,54.81,64.79,65.28,68.12,52.07,Teaching incorporates both fundamentals and modern practical tools.
TS421-SEM1-10,TS421,1,6,TS421-S10,71.67,53.36,False,73.79,62.42,63.4,66.59,52.81,"Strictness is moderate, allowing good learning freedom."
TS421-SEM1-11,TS421,1,6,TS421-S11,66.84,59.21,False,52.95,71.45,57.89,64.8,45.82,Excellent labs and digital board infrastructure.
TS421-SEM1-12,TS421,1,6,TS421-S12,67.16,57.8,False,64.14,55.16,67.21,67.88,47.21,"Strictness is moderate, allowing good learning freedom."
TS421-SEM1-13,TS421,1,6,TS421-S13,75.23,52.7,False,61.92,76.29,59.28,68.01,63.84,"Campus has trees and nature, very peaceful."
TS421-SEM1-14,TS421,1,6,TS421-S14,70.25,60.36,False,62.4,47.17,57.23,69.96,56.91,"Strictness is moderate, allowing good learning freedom."
TS422-SEM1-01,TS422,1,6,TS422-S01,72.81,67.39,False,39.75,46.58,50.91,51.68,42.13,"Campus has trees and nature, very peaceful."
TS422-SEM1-02,TS422,1,6,TS422-S02,75.0,51.4,True,48.49,60.41,53.44,59.1,62.88,Excellent labs and digital board infrastructure.
TS422-SEM1-03,TS422,1,6,TS422-S03,74.65,55.24,False,27.55,46.62,44.16,50.13,42.49,Excellent labs and digital board infrastructure.
TS422-SEM1-04,TS422,1,6,TS422-S04,75.59,64.47,True,62.58,42.22,48.76,50.34,57.09,Excellent labs and digital board infrastructure.
TS422-SEM1-05,TS422,1,6,TS422-S05,70.09,56.44,False,45.82,31.62,42.93,32.75,33.85,Good focus on practical sessions and mentoring.
TS422-SEM1-06,TS422,1,6,TS422-S06,62.62,69.34,False,42.12,35.8,29.01,36.17,33.51,Career guidance is helpful from the beginning.
TS422-SEM1-07,TS422,1,6,TS422-S07,69.84,69.58,False,32.37,31.47,36.62,45.34,28.15,"Strictness is moderate, allowing good learning freedom."
TS422-SEM1-08,TS422,1,6,TS422-S08,61.41,66.71,False,50.14,42.78,43.43,58.39,36.39,Career guidance is helpful from the beginning.
TS422-SEM1-09,TS422,1,6,TS422-S09,68.89,56.64,False,50.0,46.59,47.64,47.28,36.72,"Campus has trees and nature, very peaceful."
TS422-SEM1-10,TS422,1,6,TS422-S10,70.06,52.35,False,38.62,44.53,44.02,50.18,40.31,Excellent labs and digital board infrastructure.
TS422-SEM1-11,TS422,1,6,TS422-S11,73.14,53.32,False,33.64,33.26,50.44,34.96,39.95,"Strictness is moderate, allowing good learning freedom."
TS422-SEM1-12,TS422,1,6,TS422-S12,73.14,55.16,False,40.79,43.64,39.22,40.59,38.33,Teaching incorporates both fundamentals and modern practical tools.
TS422-SEM1-13,TS422,1,6,TS422-S13,71.38,47.78,False,41.02,42.6,49.58,44.69,36.57,Excellent labs and digital board infrastructure.
TS422-SEM1-14,TS422,1,6,TS422-S14,76.1,72.3,True,51.35,34.67,46.76,60.71,51.19,"Campus has trees and nature, very peaceful."
TS423-SEM1-01,TS423,1,6,TS423-S01,71.33,59.05,False,54.57,67.12,67.15,55.18,52.61,Career guidance is helpful from the beginning.
TS423-SEM1-02,TS423,1,6,TS423-S02,72.33,72.33,False,61.56,65.24,57.94,57.53,61.42,Good focus on practical sessions and mentoring.
TS423-SEM1-03,TS423,1,6,TS423-S03,76.92,91.43,True,77.58,76.29,67.04,51.26,68.85,Excellent labs and digital board infrastructure.
TS423-SEM1-04,TS423,1,6,TS423-S04,67.45,49.91,False,54.97,61.19,66.65,44.08,59.15,Career guidance is helpful from the beginning.
TS423-SEM1-05,TS423,1,6,TS423-S05,73.61,65.77,False,56.12,77.9,56.76,47.96,55.28,"Campus has trees and nature, very peaceful."
TS423-SEM1-06,TS423,1,6,TS423-S06,74.37,64.25,False,56.39,65.38,63.7,51.08,63.88,"Campus has trees and nature, very peaceful."
TS423-SEM1-07,TS423,1,6,TS423-S07,74.65,59.24,False,64.15,44.93,55.07,50.09,48.8,Career guidance is helpful from the beginning.
TS423-SEM1-08,TS423,1,6,TS423-S08,76.82,69.69,True,67.23,75.71,74.09,59.29,77.62,Career guidance is helpful from the beginning.
TS423-SEM1-09,TS423,1,6,TS423-S09,71.4,75.15,False,52.13,48.76,58.8,50.79,56.88,Excellent labs and digital board infrastructure.
TS423-SEM1-10,TS423,1,6,TS423-S10,74.71,54.91,False,50.7,74.18,60.0,48.46,56.29,Teaching incorporates both fundamentals and modern practical tools.
TS423-SEM1-11,TS423,1,6,TS423-S11,66.18,54.85,False,61.44,53.05,54.05,49.18,55.99,Excellent labs and digital board infrastructure.
TS423-SEM1-12,TS423,1,6,TS423-S12,80.25,65.41,True,64.56,72.66,62.1,63.81,73.26,Good focus on practical sessions and mentoring.
TS423-SEM1-13,TS423,1,6,TS423-S13,71.69,67.06,False,53.75,57.29,55.94,62.0,53.55,Career guidance is helpful from the beginning.
TS423-SEM1-14,TS423,1,6,TS423-S14,70.1,68.94,False,56.76,42.6,70.81,48.43,50.49,Good focus on practical sessions and mentoring.
TS424-SEM1-01,TS424,1,6,TS424-S01,59.28,72.28,False,59.92,56.52,67.07,54.86,58.31,Good focus on practical sessions and mentoring.
TS424-SEM1-02,TS424,1,6,TS424-S02,70.5,49.83,False,68.36,53.65,57.96,63.7,60.3,Teaching incorporates both fundamentals and modern practical tools.
TS424-SEM1-03,TS424,1,6,TS424-S03,64.09,76.41,False,56.06,58.62,59.27,58.72,46.31,Excellent labs and digital board infrastructure.
TS424-SEM1-04,TS424,1,6,TS424-S04,74.44,64.04,False,53.9,60.97,59.08,58.38,56.19,"Strictness is moderate, allowing good learning freedom."
TS424-SEM1-05,TS424,1,6,TS424-S05,70.64,54.23,False,60.66,50.72,65.36,56.76,58.48,"Campus has trees and nature, very peaceful."
TS424-SEM1-06,TS424,1,6,TS424-S06,80.63,61.41,True,73.88,70.78,70.12,64.14,80.31,Good focus on practical sessions and mentoring.
TS424-SEM1-07,TS424,1,6,TS424-S07,72.51,54.7,False,53.5,66.42,55.5,70.17,60.63,Good focus on practical sessions and mentoring.
TS424-SEM1-08,TS424,1,6,TS424-S08,64.61,69.73,False,50.3,52.65,57.76,54.37,57.73,Good focus on practical sessions and mentoring.
TS424-SEM1-09,TS424,1,6,TS424-S09,73.52,66.23,False,56.12,55.1,57.5,65.46,52.36,Good focus on practical sessions and mentoring.
TS424-SEM1-10,TS424,1,6,TS424-S10,80.37,55.65,False,57.96,68.78,64.95,60.67,54.48,"Campus has trees and nature, very peaceful."
TS424-SEM1-11,TS424,1,6,TS424-S11,66.55,60.08,False,69.68,51.65,57.29,50.53,50.37,Excellent labs and digital board infrastructure.
TS424-SEM1-12,TS424,1,6,TS424-S12,64.9,49.74,False,58.04,65.16,61.87,52.69,45.68,"Strictness is moderate, allowing good learning freedom."
TS424-SEM1-13,TS424,1,6,TS424-S13,59.73,49.81,False,49.95,55.65,61.41,56.5,62.02,Teaching incorporates both fundamentals and modern practical tools.
TS424-SEM1-14,TS424,1,6,TS424-S14,85.84,60.94,True,66.88,67.19,70.53,57.81,63.99,"Strictness is moderate, allowing good learning freedom."
TS425-SEM1-01,TS425,1,6,TS425-S01,89.13,67.31,True,88.55,88.5,82.97,78.48,92.48,Good focus on practical sessions and mentoring.
TS425-SEM1-02,TS425,1,6,TS425-S02,80.33,74.58,True,91.23,93.88,78.11,88.42,83.68,Career guidance is helpful from the beginning.
TS425-SEM1-03,TS425,1,6,TS425-S03,82.12,81.83,True,89.47,100.0,79.77,86.46,79.86,"Campus has trees and nature, very peaceful."
TS425-SEM1-04,TS425,1,6,TS425-S04,79.72,68.87,True,89.63,100.0,81.35,91.48,92.56,"Strictness is moderate, allowing good learning freedom."
TS425-SEM1-05,TS425,1,6,TS425-S05,95.75,79.36,True,87.61,96.12,90.73,86.54,85.31,Teaching incorporates both fundamentals and modern practical tools.
TS425-SEM1-06,TS425,1,6,TS425-S06,97.73,63.73,True,84.56,95.72,85.47,81.73,100.0,Career guidance is helpful from the beginning.
TS425-SEM1-07,TS425,1,6,TS425-S07,83.06,69.85,True,74.79,98.03,79.67,87.49,85.85,"Strictness is moderate, allowing good learning freedom."
TS425-SEM1-08,TS425,1,6,TS425-S08,85.23,78.9,True,91.6,86.67,77.13,88.2,91.45,Career guidance is helpful from the beginning.
TS425-SEM1-09,TS425,1,6,TS425-S09,82.65,56.31,True,80.86,92.57,88.68,74.14,96.4,Career guidance is helpful from the beginning.
TS425-SEM1-10,TS425,1,6,TS425-S10,75.72,84.96,True,85.05,96.03,80.35,78.74,94.55,Good focus on practical sessions and mentoring.
TS425-SEM1-11,TS425,1,6,TS425-S11,77.9,93.01,True,81.79,97.1,86.5,99.43,86.42,Excellent labs and digital board infrastructure.
TS425-SEM1-12,TS425,1,6,TS425-S12,80.61,79.33,True,78.52,100.0,91.85,90.02,82.5,Good focus on practical sessions and mentoring.
TS425-SEM1-13,TS425,1,6,TS425-S13,81.32,65.91,True,87.97,97.64,90.89,92.86,83.57,"Strictness is moderate, allowing good learning freedom."
TS425-SEM1-14,TS425,1,6,TS425-S14,86.09,72.14,True,86.78,93.48,88.92,92.08,82.93,Career guidance is helpful from the beginning.
TS426-SEM1-01,TS426,1,6,TS426-S01,67.12,51.33,False,41.56,60.07,50.98,56.3,47.75,Teaching incorporates both fundamentals and modern practical tools.
TS426-SEM1-02,TS426,1,6,TS426-S02,65.0,69.42,False,42.75,53.28,50.12,59.19,51.64,Good focus on practical sessions and mentoring.
TS426-SEM1-03,TS426,1,6,TS426-S03,71.55,45.95,False,52.26,66.41,50.43,61.04,54.51,Teaching incorporates both fundamentals and modern practical tools.
TS426-SEM1-04,TS426,1,6,TS426-S04,66.81,71.6,False,56.93,64.07,47.19,67.86,51.92,Good focus on practical sessions and mentoring.
TS426-SEM1-05,TS426,1,6,TS426-S05,75.29,61.48,True,58.23,79.52,58.73,56.96,60.31,Excellent labs and digital board infrastructure.
TS426-SEM1-06,TS426,1,6,TS426-S06,74.42,64.22,False,51.99,59.72,54.39,63.77,59.14,Excellent labs and digital board infrastructure.
TS426-SEM1-07,TS426,1,6,TS426-S07,69.65,72.25,False,53.21,63.64,46.83,68.35,48.58,Good focus on practical sessions and mentoring.
TS426-SEM1-08,TS426,1,6,TS426-S08,68.45,53.16,False,50.9,55.16,50.49,56.47,47.57,Good focus on practical sessions and mentoring.
TS426-SEM1-09,TS426,1,6,TS426-S09,75.6,58.82,True,63.98,66.67,57.4,64.21,66.78,"Strictness is moderate, allowing good learning freedom."
TS426-SEM1-10,TS426,1,6,TS426-S10,81.65,49.54,False,50.77,60.82,52.49,57.09,53.04,Excellent labs and digital board infrastructure.
TS426-SEM1-11,TS426,1,6,TS426-S11,57.44,50.64,False,55.88,71.98,62.14,61.85,49.75,Teaching incorporates both fundamentals and modern practical tools.
TS426-SEM1-12,TS426,1,6,TS426-S12,60.82,62.03,False,52.69,58.76,52.87,67.41,54.62,Excellent labs and digital board infrastructure.
TS426-SEM1-13,TS426,1,6,TS426-S13,73.5,61.49,False,53.71,59.7,58.56,56.87,51.09,Good focus on practical sessions and mentoring.
TS426-SEM1-14,TS426,1,6,TS426-S14,71.88,55.81,False,51.49,59.52,58.31,54.05,48.46,Teaching incorporates both fundamentals and modern practical tools.
TS427-SEM1-01,TS427,1,6,TS427-S01,87.3,78.69,True,99.61,79.95,87.92,92.85,96.33,Good focus on practical sessions and mentoring.
TS427-SEM1-02,TS427,1,6,TS427-S02,78.25,70.88,True,91.97,96.16,78.11,91.18,90.2,"Campus has trees and nature, very peaceful."
TS427-SEM1-03,TS427,1,6,TS427-S03,81.44,64.35,True,100.0,86.89,87.61,82.36,100.0,Good focus on practical sessions and mentoring.
TS427-SEM1-04,TS427,1,6,TS427-S04,84.8,74.78,True,92.79,88.22,87.02,78.61,90.83,Excellent labs and digital board infrastructure.
TS427-SEM1-05,TS427,1,6,TS427-S05,78.97,78.21,True,94.78,90.4,83.46,96.78,90.73,Career guidance is helpful from the beginning.
TS427-SEM1-06,TS427,1,6,TS427-S06,85.33,61.89,True,80.85,100.0,91.08,86.54,95.52,Excellent labs and digital board infrastructure.
TS427-SEM1-07,TS427,1,6,TS427-S07,74.4,72.98,False,81.13,84.18,80.62,82.74,80.06,Excellent labs and digital board infrastructure.
TS427-SEM1-08,TS427,1,6,TS427-S08,86.34,56.21,True,90.77,79.6,82.38,96.83,89.03,"Strictness is moderate, allowing good learning freedom."
TS427-SEM1-09,TS427,1,6,TS427-S09,79.46,67.0,True,92.34,100.0,84.98,90.99,83.23,Teaching incorporates both fundamentals and modern practical tools.
TS427-SEM1-10,TS427,1,6,TS427-S10,73.49,88.32,False,83.29,83.15,86.29,74.39,82.92,"Strictness is moderate, allowing good learning freedom."
TS427-SEM1-11,TS427,1,6,TS427-S11,75.79,78.24,True,85.37,100.0,92.49,84.65,100.0,"Strictness is moderate, allowing good learning freedom."
TS427-SEM1-12,TS427,1,6,TS427-S12,76.53,74.63,True,90.09,100.0,81.37,97.56,81.35,"Strictness is moderate, allowing good learning freedom."
TS427-SEM1-13,TS427,1,6,TS427-S13,64.65,75.53,False,81.08,91.52,88.7,82.05,77.15,"Campus has trees and nature, very peaceful."
TS427-SEM1-14,TS427,1,6,TS427-S14,83.46,90.26,True,86.67,96.45,92.93,95.92,92.31,Teaching incorporates both fundamentals and modern practical tools.
TS428-SEM1-01,TS428,1,6,TS428-S01,97.77,75.44,True,89.51,97.61,85.68,83.07,100.0,Good focus on practical sessions and mentoring.
TS428-SEM1-02,TS428,1,6,TS428-S02,83.17,69.7,True,91.77,95.1,86.21,100.0,93.42,Career guidance is helpful from the beginning.
TS428-SEM1-03,TS428,1,6,TS428-S03,74.79,73.58,False,67.58,86.92,85.09,96.99,84.24,Excellent labs and digital board infrastructure.
TS428-SEM1-04,TS428,1,6,TS428-S04,80.48,48.12,False,79.06,73.75,91.76,91.14,82.8,Career guidance is helpful from the beginning.
TS428-SEM1-05,TS428,1,6,TS428-S05,90.77,67.52,True,94.83,100.0,97.93,93.98,93.54,Career guidance is helpful from the beginning.
TS428-SEM1-06,TS428,1,6,TS428-S06,79.22,66.88,True,91.42,93.2,91.02,100.0,92.79,Good focus on practical sessions and mentoring.
TS428-SEM1-07,TS428,1,6,TS428-S07,71.99,70.07,False,76.92,94.7,88.82,100.0,83.41,Good focus on practical sessions and mentoring.
TS428-SEM1-08,TS428,1,6,TS428-S08,70.17,66.47,False,71.61,95.45,88.8,95.75,75.75,Career guidance is helpful from the beginning.
TS428-SEM1-09,TS428,1,6,TS428-S09,79.27,66.4,True,97.14,93.74,95.07,100.0,100.0,Excellent labs and digital board infrastructure.
TS428-SEM1-10,TS428,1,6,TS428-S10,85.1,86.02,True,91.51,96.83,93.14,99.22,96.51,Good focus on practical sessions and mentoring.
TS428-SEM1-11,TS428,1,6,TS428-S11,88.04,80.41,True,94.84,100.0,95.47,95.52,94.81,Excellent labs and digital board infrastructure.
TS428-SEM1-12,TS428,1,6,TS428-S12,76.9,64.21,True,86.31,100.0,99.94,100.0,98.84,Good focus on practical sessions and mentoring.
TS428-SEM1-13,TS428,1,6,TS428-S13,78.75,63.92,False,76.28,88.62,85.36,98.5,79.81,Excellent labs and digital board infrastructure.
TS428-SEM1-14,TS428,1,6,TS428-S14,71.86,73.28,False,82.92,85.11,81.82,90.42,75.27,"Strictness is moderate, allowing good learning freedom."
TS429-SEM1-01,TS429,1,6,TS429-S01,77.69,81.75,True,84.03,82.61,73.18,80.35,80.33,Excellent labs and digital board infrastructure.
TS429-SEM1-02,TS429,1,6,TS429-S02,78.04,59.22,True,87.22,83.52,73.29,77.97,79.87,"Campus has trees and nature, very peaceful."
TS429-SEM1-03,TS429,1,6,TS429-S03,77.15,72.03,True,79.83,62.25,83.42,81.92,85.54,Good focus on practical sessions and mentoring.
TS429-SEM1-04,TS429,1,6,TS429-S04,84.71,81.16,True,76.57,85.52,81.76,75.46,79.15,"Strictness is moderate, allowing good learning freedom."
TS429-SEM1-05,TS429,1,6,TS429-S05,93.94,73.38,True,78.39,77.0,76.19,81.65,95.12,"Strictness is moderate, allowing good learning freedom."
TS429-SEM1-06,TS429,1,6,TS429-S06,72.57,70.94,False,67.94,49.28,74.16,79.22,58.63,"Campus has trees and nature, very peaceful."
TS429-SEM1-07,TS429,1,6,TS429-S07,81.51,76.83,False,83.59,57.46,74.26,73.08,64.08,Career guidance is helpful from the beginning.
TS429-SEM1-08,TS429,1,6,TS429-S08,82.1,79.11,True,83.22,72.75,73.89,85.8,88.71,Excellent labs and digital board infrastructure.
TS429-SEM1-09,TS429,1,6,TS429-S09,87.89,81.74,True,75.85,80.72,72.55,76.74,94.3,Excellent labs and digital board infrastructure.
TS429-SEM1-10,TS429,1,6,TS429-S10,85.05,76.59,True,77.55,80.08,71.16,83.26,76.66,Teaching incorporates both fundamentals and modern practical tools.
TS429-SEM1-11,TS429,1,6,TS429-S11,78.26,59.27,True,71.37,72.72,81.77,82.05,85.9,Good focus on practical sessions and mentoring.
TS429-SEM1-12,TS429,1,6,TS429-S12,83.36,74.09,False,69.33,54.66,69.59,86.05,68.0,Career guidance is helpful from the beginning.
TS429-SEM1-13,TS429,1,6,TS429-S13,89.49,78.4,True,79.74,59.45,85.44,86.22,79.39,Career guidance is helpful from the beginning.
TS429-SEM1-14,TS429,1,6,TS429-S14,86.59,81.75,True,84.43,77.95,80.49,81.75,84.0,Good focus on practical sessions and mentoring.
TS430-SEM1-01,TS430,1,6,TS430-S01,79.47,48.64,False,67.78,48.1,56.17,63.61,56.49,Teaching incorporates both fundamentals and modern practical tools.
TS430-SEM1-02,TS430,1,6,TS430-S02,74.7,65.62,False,56.29,52.76,64.04,57.03,55.73,Teaching incorporates both fundamentals and modern practical tools.
TS430-SEM1-03,TS430,1,6,TS430-S03,61.83,64.54,False,57.72,55.37,69.66,70.14,59.7,Good focus on practical sessions and mentoring.
TS430-SEM1-04,TS430,1,6,TS430-S04,77.35,63.06,True,73.73,70.52,68.49,71.43,73.46,Excellent labs and digital board infrastructure.
TS430-SEM1-05,TS430,1,6,TS430-S05,74.53,71.18,False,53.2,56.76,61.51,55.07,62.09,Excellent labs and digital board infrastructure.
TS430-SEM1-06,TS430,1,6,TS430-S06,67.05,76.33,False,49.08,43.73,59.45,63.56,57.09,"Strictness is moderate, allowing good learning freedom."
TS430-SEM1-07,TS430,1,6,TS430-S07,79.76,54.3,True,61.18,57.96,66.82,61.57,75.87,Career guidance is helpful from the beginning.
TS430-SEM1-08,TS430,1,6,TS430-S08,68.09,72.03,False,62.34,50.3,59.37,60.64,61.9,Good focus on practical sessions and mentoring.
TS430-SEM1-09,TS430,1,6,TS430-S09,66.35,38.26,False,54.59,48.34,53.47,60.95,49.27,Excellent labs and digital board infrastructure.
TS430-SEM1-10,TS430,1,6,TS430-S10,74.03,49.97,False,74.85,64.17,57.47,56.55,54.18,Teaching incorporates both fundamentals and modern practical tools.
TS430-SEM1-11,TS430,1,6,TS430-S11,76.42,57.52,True,62.43,65.55,64.51,69.87,62.5,Good focus on practical sessions and mentoring.
TS430-SEM1-12,TS430,1,6,TS430-S12,74.84,58.79,False,46.61,58.6,63.63,56.33,58.36,Career guidance is helpful from the beginning.
TS430-SEM1-13,TS430,1,6,TS430-S13,63.8,39.05,False,56.11,48.6,54.9,64.6,56.21,Excellent labs and digital board infrastructure.
TS430-SEM1-14,TS430,1,6,TS430-S14,81.84,66.17,True,65.89,48.58,78.02,71.13,81.15,Excellent labs and digital board infrastructure.
TS431-SEM1-01,TS431,1,6,TS431-S01,71.21,55.12,False,42.72,58.72,47.42,43.0,32.26,Teaching incorporates both fundamentals and modern practical tools.
TS431-SEM1-02,TS431,1,6,TS431-S02,71.53,65.76,False,41.76,46.72,43.08,45.47,37.13,Excellent labs and digital board infrastructure.
TS431-SEM1-03,TS431,1,6,TS431-S03,65.28,57.21,False,56.01,71.75,54.59,51.59,33.02,Excellent labs and digital board infrastructure.
TS431-SEM1-04,TS431,1,6,TS431-S04,88.06,65.92,True,74.82,62.28,59.88,52.84,63.54,Teaching incorporates both fundamentals and modern practical tools.
TS431-SEM1-05,TS431,1,6,TS431-S05,76.12,70.6,True,59.64,64.75,55.47,48.46,56.18,Teaching incorporates both fundamentals and modern practical tools.
TS431-SEM1-06,TS431,1,6,TS431-S06,70.15,74.62,False,47.53,52.33,47.39,40.72,38.21,Career guidance is helpful from the beginning.
TS431-SEM1-07,TS431,1,6,TS431-S07,72.93,62.08,False,49.37,51.34,51.54,38.54,37.96,"Strictness is moderate, allowing good learning freedom."
TS431-SEM1-08,TS431,1,6,TS431-S08,73.58,62.16,False,49.13,62.48,54.81,57.24,51.81,Good focus on practical sessions and mentoring.
TS431-SEM1-09,TS431,1,6,TS431-S09,69.86,85.0,False,62.04,42.65,45.76,49.89,43.87,Excellent labs and digital board infrastructure.
TS431-SEM1-10,TS431,1,6,TS431-S10,61.88,52.5,False,46.01,51.33,51.81,59.46,36.48,Excellent labs and digital board infrastructure.
TS431-SEM1-11,TS431,1,6,TS431-S11,85.89,80.81,True,51.54,59.84,50.94,58.22,63.88,Teaching incorporates both fundamentals and modern practical tools.
TS431-SEM1-12,TS431,1,6,TS431-S12,72.85,65.74,False,43.9,56.24,58.27,33.4,42.79,"Strictness is moderate, allowing good learning freedom."
TS431-SEM1-13,TS431,1,6,TS431-S13,74.79,61.01,False,46.58,62.66,46.12,60.98,35.28,"Strictness is moderate, allowing good learning freedom."
TS431-SEM1-14,TS431,1,6,TS431-S14,75.72,61.86,True,63.27,58.13,61.22,66.58,59.26,Career guidance is helpful from the beginning.
TS432-SEM1-01,TS432,1,6,TS432-S01,84.95,86.68,True,74.86,79.87,81.02,66.7,88.4,Excellent labs and digital board infrastructure.
TS432-SEM1-02,TS432,1,6,TS432-S02,74.17,72.32,False,69.49,74.61,71.08,73.14,76.0,Career guidance is helpful from the beginning.
TS432-SEM1-03,TS432,1,6,TS432-S03,91.23,93.08,True,87.29,74.04,77.78,78.54,76.69,"Campus has trees and nature, very peaceful."
TS432-SEM1-04,TS432,1,6,TS432-S04,89.94,68.94,True,88.25,82.28,78.5,67.38,78.09,Teaching incorporates both fundamentals and modern practical tools.
TS432-SEM1-05,TS432,1,6,TS432-S05,69.02,89.63,False,68.3,62.93,77.35,61.17,63.8,"Strictness is moderate, allowing good learning freedom."
TS432-SEM1-06,TS432,1,6,TS432-S06,89.14,82.42,True,80.27,81.91,83.5,74.39,91.67,Excellent labs and digital board infrastructure.
TS432-SEM1-07,TS432,1,6,TS432-S07,75.99,72.42,True,80.16,87.66,87.31,73.2,87.51,Career guidance is helpful from the beginning.
TS432-SEM1-08,TS432,1,6,TS432-S08,80.75,72.07,True,78.58,86.65,78.13,67.77,90.64,Good focus on practical sessions and mentoring.
TS432-SEM1-09,TS432,1,6,TS432-S09,86.18,68.47,True,82.85,81.92,78.15,83.27,80.05,Career guidance is helpful from the beginning.
TS432-SEM1-10,TS432,1,6,TS432-S10,72.9,73.83,False,57.67,63.82,70.43,65.94,66.61,Career guidance is helpful from the beginning.
TS432-SEM1-11,TS432,1,6,TS432-S11,83.42,67.2,True,87.07,61.88,82.7,59.98,85.65,"Campus has trees and nature, very peaceful."
TS432-SEM1-12,TS432,1,6,TS432-S12,85.12,78.08,True,85.14,72.5,87.51,77.83,80.85,Excellent labs and digital board infrastructure.
TS432-SEM1-13,TS432,1,6,TS432-S13,90.26,76.95,True,90.6,93.19,79.32,75.04,85.53,"Strictness is moderate, allowing good learning freedom."
TS432-SEM1-14,TS432,1,6,TS432-S14,85.48,82.95,True,72.51,75.89,85.42,68.66,87.33,"Strictness is moderate, allowing good learning freedom."
TS433-SEM1-01,TS433,1,6,TS433-S01,67.97,55.91,False,64.08,72.69,68.39,59.23,58.82,Excellent labs and digital board infrastructure.
TS433-SEM1-02,TS433,1,6,TS433-S02,77.54,55.83,True,83.11,87.6,73.08,54.65,76.53,Teaching incorporates both fundamentals and modern practical tools.
TS433-SEM1-03,TS433,1,6,TS433-S03,84.75,59.52,True,77.25,85.34,69.95,69.98,80.27,Career guidance is helpful from the beginning.
TS433-SEM1-04,TS433,1,6,TS433-S04,61.67,36.56,False,59.01,62.24,67.78,56.18,62.58,Good focus on practical sessions and mentoring.
TS433-SEM1-05,TS433,1,6,TS433-S05,74.9,51.94,False,60.04,67.5,70.89,57.37,66.48,"Campus has trees and nature, very peaceful."
TS433-SEM1-06,TS433,1,6,TS433-S06,79.84,60.64,True,70.97,87.6,72.73,61.05,82.71,Career guidance is helpful from the beginning.
TS433-SEM1-07,TS433,1,6,TS433-S07,77.49,52.52,True,79.76,95.54,72.4,65.43,81.53,Good focus on practical sessions and mentoring.
TS433-SEM1-08,TS433,1,6,TS433-S08,79.61,66.01,True,72.86,79.33,72.48,69.63,80.47,Teaching incorporates both fundamentals and modern practical tools.
TS433-SEM1-09,TS433,1,6,TS433-S09,67.86,70.5,False,61.21,70.68,70.07,63.78,61.96,"Campus has trees and nature, very peaceful."
TS433-SEM1-10,TS433,1,6,TS433-S10,83.23,43.25,False,68.02,63.93,66.14,58.57,59.98,Excellent labs and digital board infrastructure.
TS433-SEM1-11,TS433,1,6,TS433-S11,66.58,48.51,False,50.74,70.33,66.95,62.04,66.08,Excellent labs and digital board infrastructure.
TS433-SEM1-12,TS433,1,6,TS433-S12,77.09,71.97,True,82.91,84.99,66.78,71.9,73.86,Career guidance is helpful from the beginning.
TS433-SEM1-13,TS433,1,6,TS433-S13,65.84,77.51,False,63.72,63.65,63.58,64.83,54.27,"Campus has trees and nature, very peaceful."
TS433-SEM1-14,TS433,1,6,TS433-S14,71.2,60.66,False,78.61,60.33,59.19,55.07,57.07,Good focus on practical sessions and mentoring.
TS434-SEM1-01,TS434,1,6,TS434-S01,69.65,56.58,False,44.71,62.57,53.79,59.69,46.45,Teaching incorporates both fundamentals and modern practical tools.
TS434-SEM1-02,TS434,1,6,TS434-S02,65.55,68.07,False,43.36,46.6,48.66,62.24,53.07,"Strictness is moderate, allowing good learning freedom."
TS434-SEM1-03,TS434,1,6,TS434-S03,66.9,73.36,False,45.13,54.61,51.64,53.17,40.99,"Strictness is moderate, allowing good learning freedom."
TS434-SEM1-04,TS434,1,6,TS434-S04,71.36,66.67,False,49.25,72.36,52.9,49.12,50.48,Teaching incorporates both fundamentals and modern practical tools.
TS434-SEM1-05,TS434,1,6,TS434-S05,76.27,61.53,True,58.64,68.02,59.69,72.07,68.72,Excellent labs and digital board infrastructure.
TS434-SEM1-06,TS434,1,6,TS434-S06,73.94,31.67,False,40.9,36.32,57.28,60.01,43.11,Excellent labs and digital board infrastructure.
TS434-SEM1-07,TS434,1,6,TS434-S07,69.56,73.98,False,40.91,38.3,43.3,57.55,40.1,Teaching incorporates both fundamentals and modern practical tools.
TS434-SEM1-08,TS434,1,6,TS434-S08,78.66,62.95,True,58.73,50.62,56.41,70.26,61.23,Excellent labs and digital board infrastructure.
TS434-SEM1-09,TS434,1,6,TS434-S09,68.44,67.16,False,43.48,52.55,51.6,50.31,37.38,Teaching incorporates both fundamentals and modern practical tools.
TS434-SEM1-10,TS434,1,6,TS434-S10,70.17,66.75,False,56.38,39.15,44.87,62.41,44.83,Career guidance is helpful from the beginning.
TS434-SEM1-11,TS434,1,6,TS434-S11,71.21,69.19,False,53.34,56.39,46.33,59.14,49.5,"Strictness is moderate, allowing good learning freedom."
TS434-SEM1-12,TS434,1,6,TS434-S12,70.54,66.2,False,42.37,40.47,51.92,62.06,47.68,Good focus on practical sessions and mentoring.
TS434-SEM1-13,TS434,1,6,TS434-S13,64.27,75.64,False,49.42,57.17,45.25,61.62,47.11,"Strictness is moderate, allowing good learning freedom."
TS434-SEM1-14,TS434,1,6,TS434-S14,64.77,67.03,False,39.81,48.35,61.53,58.36,43.37,"Campus has trees and nature, very peaceful."
TS435-SEM1-01,TS435,1,6,TS435-S01,78.31,75.32,True,96.46,84.3,100.0,97.57,96.06,Career guidance is helpful from the beginning.
TS435-SEM1-02,TS435,1,6,TS435-S02,86.29,70.69,True,96.07,100.0,91.67,95.2,97.09,"Campus has trees and nature, very peaceful."
TS435-SEM1-03,TS435,1,6,TS435-S03,81.74,77.07,True,100.0,100.0,100.0,91.41,96.87,Teaching incorporates both fundamentals and modern practical tools.
TS435-SEM1-04,TS435,1,6,TS435-S04,86.68,57.66,True,90.93,94.59,93.06,85.94,100.0,Good focus on practical sessions and mentoring.
TS435-SEM1-05,TS435,1,6,TS435-S05,79.1,89.95,True,92.12,100.0,91.71,100.0,100.0,Career guidance is helpful from the beginning.
TS435-SEM1-06,TS435,1,6,TS435-S06,77.25,87.62,True,87.26,95.67,96.15,95.82,98.13,"Strictness is moderate, allowing good learning freedom."
TS435-SEM1-07,TS435,1,6,TS435-S07,85.12,58.99,True,93.67,100.0,90.07,100.0,94.95,Excellent labs and digital board infrastructure.
TS435-SEM1-08,TS435,1,6,TS435-S08,75.43,87.59,True,98.19,92.82,91.08,99.12,95.0,"Campus has trees and nature, very peaceful."
TS435-SEM1-09,TS435,1,6,TS435-S09,92.82,77.61,False,79.37,75.0,89.37,84.61,79.07,"Campus has trees and nature, very peaceful."
TS435-SEM1-10,TS435,1,6,TS435-S10,97.28,56.96,True,87.51,90.26,92.01,88.4,99.76,Excellent labs and digital board infrastructure.
TS435-SEM1-11,TS435,1,6,TS435-S11,90.81,78.33,True,100.0,99.42,80.94,97.3,85.21,Career guidance is helpful from the beginning.
TS435-SEM1-12,TS435,1,6,TS435-S12,77.67,60.01,True,90.33,96.96,96.62,90.47,98.97,Excellent labs and digital board infrastructure.
TS435-SEM1-13,TS435,1,6,TS435-S13,66.29,60.07,False,89.32,77.5,83.09,84.31,71.05,"Campus has trees and nature, very peaceful."
TS435-SEM1-14,TS435,1,6,TS435-S14,75.8,74.94,True,100.0,89.61,92.66,92.96,100.0,Excellent labs and digital board infrastructure.
TS436-SEM1-01,TS436,1,6,TS436-S01,72.25,59.89,False,65.5,50.47,62.55,90.02,67.37,"Campus has trees and nature, very peaceful."
TS436-SEM1-02,TS436,1,6,TS436-S02,73.32,71.02,False,57.64,61.49,67.99,78.08,57.92,"Strictness is moderate, allowing good learning freedom."
TS436-SEM1-03,TS436,1,6,TS436-S03,79.9,55.71,True,81.58,81.67,80.26,87.86,75.27,Career guidance is helpful from the beginning.
TS436-SEM1-04,TS436,1,6,TS436-S04,77.35,74.22,True,85.46,68.2,74.05,77.24,77.53,Good focus on practical sessions and mentoring.
TS436-SEM1-05,TS436,1,6,TS436-S05,64.39,67.88,False,71.34,81.37,85.03,84.2,60.68,Career guidance is helpful from the beginning.
TS436-SEM1-06,TS436,1,6,TS436-S06,69.65,55.08,False,79.65,41.14,77.69,77.1,61.63,Excellent labs and digital board infrastructure.
TS436-SEM1-07,TS436,1,6,TS436-S07,56.52,72.55,False,70.35,54.56,75.13,88.19,60.94,Excellent labs and digital board infrastructure.
TS436-SEM1-08,TS436,1,6,TS436-S08,59.69,59.81,False,71.84,55.99,75.0,77.54,63.14,Career guidance is helpful from the beginning.
TS436-SEM1-09,TS436,1,6,TS436-S09,67.58,63.56,False,70.52,76.35,70.63,73.35,66.75,Good focus on practical sessions and mentoring.
TS436-SEM1-10,TS436,1,6,TS436-S10,70.21,58.81,False,66.23,67.78,67.52,86.19,65.61,"Campus has trees and nature, very peaceful."
TS436-SEM1-11,TS436,1,6,TS436-S11,75.49,70.8,True,77.23,72.08,75.35,84.51,78.33,Excellent labs and digital board infrastructure.
TS436-SEM1-12,TS436,1,6,TS436-S12,75.13,66.61,True,73.57,80.18,80.53,96.38,77.68,Excellent labs and digital board infrastructure.
TS436-SEM1-13,TS436,1,6,TS436-S13,93.76,64.2,True,93.86,79.29,77.6,91.64,88.0,Career guidance is helpful from the beginning.
TS436-SEM1-14,TS436,1,6,TS436-S14,73.51,44.75,False,65.48,70.5,69.35,76.79,63.41,"Campus has trees and nature, very peaceful."
TS437-SEM1-01,TS437,1,6,TS437-S01,68.51,71.02,False,38.39,40.09,40.21,35.5,38.18,"Campus has trees and nature, very peaceful."
TS437-SEM1-02,TS437,1,6,TS437-S02,72.54,73.42,False,44.96,44.71,42.78,38.63,38.3,Excellent labs and digital board infrastructure.
TS437-SEM1-03,TS437,1,6,TS437-S03,70.68,62.5,False,48.52,60.05,40.62,47.19,41.01,"Campus has trees and nature, very peaceful."
TS437-SEM1-04,TS437,1,6,TS437-S04,68.7,76.12,False,30.87,56.54,43.16,36.1,36.83,"Strictness is moderate, allowing good learning freedom."
TS437-SEM1-05,TS437,1,6,TS437-S05,83.27,87.11,True,53.51,56.45,50.65,59.28,53.79,Career guidance is helpful from the beginning.
TS437-SEM1-06,TS437,1,6,TS437-S06,67.31,57.55,False,38.62,54.1,44.38,46.52,43.04,"Strictness is moderate, allowing good learning freedom."
TS437-SEM1-07,TS437,1,6,TS437-S07,70.31,61.3,False,42.69,43.01,43.97,48.88,38.36,Good focus on practical sessions and mentoring.
TS437-SEM1-08,TS437,1,6,TS437-S08,79.65,52.89,True,57.21,60.47,49.31,40.77,61.34,"Strictness is moderate, allowing good learning freedom."
TS437-SEM1-09,TS437,1,6,TS437-S09,63.53,48.64,False,43.23,44.98,44.46,34.83,39.2,Teaching incorporates both fundamentals and modern practical tools.
TS437-SEM1-10,TS437,1,6,TS437-S10,77.02,46.39,False,41.26,55.16,37.08,43.4,38.0,"Strictness is moderate, allowing good learning freedom."
TS437-SEM1-11,TS437,1,6,TS437-S11,74.14,59.27,False,31.01,44.76,40.97,42.12,43.77,Good focus on practical sessions and mentoring.
TS437-SEM1-12,TS437,1,6,TS437-S12,63.08,71.61,False,50.36,61.59,52.7,43.68,38.11,Career guidance is helpful from the beginning.
TS437-SEM1-13,TS437,1,6,TS437-S13,61.15,59.83,False,46.54,36.57,39.45,43.18,29.48,"Strictness is moderate, allowing good learning freedom."
TS437-SEM1-14,TS437,1,6,TS437-S14,82.94,67.84,True,58.6,55.23,52.15,43.67,44.16,Good focus on practical sessions and mentoring.
TS438-SEM1-01,TS438,1,6,TS438-S01,72.32,65.65,False,54.19,68.95,70.46,64.19,64.59,Teaching incorporates both fundamentals and modern practical tools.
TS438-SEM1-02,TS438,1,6,TS438-S02,77.97,60.84,True,70.38,80.26,72.05,64.95,78.35,Good focus on practical sessions and mentoring.
TS438-SEM1-03,TS438,1,6,TS438-S03,65.57,60.93,False,69.34,55.88,68.31,65.53,49.99,Excellent labs and digital board infrastructure.
TS438-SEM1-04,TS438,1,6,TS438-S04,83.13,57.38,True,78.88,69.37,75.04,64.04,86.03,Career guidance is helpful from the beginning.
TS438-SEM1-05,TS438,1,6,TS438-S05,88.1,69.23,False,61.08,73.26,64.55,63.44,59.79,"Campus has trees and nature, very peaceful."
TS438-SEM1-06,TS438,1,6,TS438-S06,64.46,59.87,False,58.48,76.58,64.62,60.75,59.15,Excellent labs and digital board infrastructure.
TS438-SEM1-07,TS438,1,6,TS438-S07,64.59,68.84,False,63.83,83.52,73.63,61.95,64.23,Excellent labs and digital board infrastructure.
TS438-SEM1-08,TS438,1,6,TS438-S08,71.46,51.73,False,55.77,56.33,75.08,63.07,65.08,"Strictness is moderate, allowing good learning freedom."
TS438-SEM1-09,TS438,1,6,TS438-S09,76.72,60.0,True,90.51,79.02,67.07,58.0,84.14,"Strictness is moderate, allowing good learning freedom."
TS438-SEM1-10,TS438,1,6,TS438-S10,66.7,60.7,False,51.27,61.07,72.95,58.32,56.54,"Strictness is moderate, allowing good learning freedom."
TS438-SEM1-11,TS438,1,6,TS438-S11,70.53,62.35,False,62.28,52.14,70.36,58.09,63.26,Teaching incorporates both fundamentals and modern practical tools.
TS438-SEM1-12,TS438,1,6,TS438-S12,66.14,74.46,False,68.67,61.89,69.91,71.35,68.27,Good focus on practical sessions and mentoring.
TS438-SEM1-13,TS438,1,6,TS438-S13,81.06,68.05,True,81.92,88.37,78.42,63.57,80.72,Career guidance is helpful from the beginning.
TS438-SEM1-14,TS438,1,6,TS438-S14,76.56,63.72,True,74.68,73.05,77.1,70.86,77.23,"Strictness is moderate, allowing good learning freedom."
TS439-SEM1-01,TS439,1,6,TS439-S01,72.65,59.0,False,69.25,82.13,73.16,85.5,53.13,Teaching incorporates both fundamentals and modern practical tools.
TS439-SEM1-02,TS439,1,6,TS439-S02,77.43,52.36,True,72.21,100.0,66.46,90.73,80.55,Teaching incorporates both fundamentals and modern practical tools.
TS439-SEM1-03,TS439,1,6,TS439-S03,74.78,79.25,False,67.79,85.2,78.05,78.08,66.18,Good focus on practical sessions and mentoring.
TS439-SEM1-04,TS439,1,6,TS439-S04,80.21,65.53,True,83.46,88.6,79.92,85.62,83.58,Career guidance is helpful from the beginning.
TS439-SEM1-05,TS439,1,6,TS439-S05,71.16,57.05,False,74.23,73.57,66.6,74.67,64.05,Excellent labs and digital board infrastructure.
TS439-SEM1-06,TS439,1,6,TS439-S06,71.09,69.22,False,58.99,64.2,61.1,84.53,69.55,Career guidance is helpful from the beginning.
TS439-SEM1-07,TS439,1,6,TS439-S07,77.72,56.98,True,66.89,100.0,83.16,94.22,77.89,Teaching incorporates both fundamentals and modern practical tools.
TS439-SEM1-08,TS439,1,6,TS439-S08,69.82,60.1,False,76.58,85.68,69.44,85.3,59.82,Teaching incorporates both fundamentals and modern practical tools.
TS439-SEM1-09,TS439,1,6,TS439-S09,63.69,61.31,False,59.55,64.14,70.54,80.2,59.33,"Campus has trees and nature, very peaceful."
TS439-SEM1-10,TS439,1,6,TS439-S10,69.6,65.79,False,65.02,78.8,69.52,92.17,71.02,Good focus on practical sessions and mentoring.
TS439-SEM1-11,TS439,1,6,TS439-S11,72.7,53.81,False,63.01,67.35,66.39,85.8,61.41,"Campus has trees and nature, very peaceful."
TS439-SEM1-12,TS439,1,6,TS439-S12,70.95,73.81,False,69.69,78.23,69.8,80.6,69.03,Teaching incorporates both fundamentals and modern practical tools.
TS439-SEM1-13,TS439,1,6,TS439-S13,73.79,59.43,False,58.73,81.54,72.09,72.3,63.6,Excellent labs and digital board infrastructure.
TS439-SEM1-14,TS439,1,6,TS439-S14,74.01,59.39,False,77.26,89.9,64.06,80.3,69.22,Teaching incorporates both fundamentals and modern practical tools.
TS440-SEM1-01,TS440,1,6,TS440-S01,62.44,60.72,False,63.24,43.16,58.72,63.79,48.33,"Strictness is moderate, allowing good learning freedom."
TS440-SEM1-02,TS440,1,6,TS440-S02,69.15,71.82,False,58.27,63.26,52.52,57.86,42.1,Career guidance is helpful from the beginning.
TS440-SEM1-03,TS440,1,6,TS440-S03,73.2,68.41,False,47.68,54.15,51.02,68.83,46.24,Career guidance is helpful from the beginning.
TS440-SEM1-04,TS440,1,6,TS440-S04,73.9,39.05,False,53.26,59.49,54.06,61.47,40.61,Excellent labs and digital board infrastructure.
TS440-SEM1-05,TS440,1,6,TS440-S05,70.88,80.65,False,39.05,44.07,44.01,56.72,53.33,"Strictness is moderate, allowing good learning freedom."
TS440-SEM1-06,TS440,1,6,TS440-S06,74.29,73.9,False,35.47,48.06,47.94,67.43,46.07,Excellent labs and digital board infrastructure.
TS440-SEM1-07,TS440,1,6,TS440-S07,72.32,64.99,False,46.03,70.7,61.1,64.55,50.4,"Campus has trees and nature, very peaceful."
TS440-SEM1-08,TS440,1,6,TS440-S08,69.56,67.72,False,35.44,51.36,43.59,60.83,44.85,"Strictness is moderate, allowing good learning freedom."
TS440-SEM1-09,TS440,1,6,TS440-S09,77.23,69.59,True,56.87,50.42,68.07,61.57,63.14,Excellent labs and digital board infrastructure.
TS440-SEM1-10,TS440,1,6,TS440-S10,79.06,60.12,True,74.17,60.41,67.61,67.06,68.42,Teaching incorporates both fundamentals and modern practical tools.
TS440-SEM1-11,TS440,1,6,TS440-S11,78.58,58.99,True,73.36,75.44,64.19,69.03,62.92,Good focus on practical sessions and mentoring.
TS440-SEM1-12,TS440,1,6,TS440-S12,67.57,79.12,False,44.13,51.0,51.52,49.13,43.57,"Strictness is moderate, allowing good learning freedom."
TS440-SEM1-13,TS440,1,6,TS440-S13,68.18,48.82,False,40.02,54.63,56.51,57.32,39.91,Career guidance is helpful from the beginning.
TS440-SEM1-14,TS440,1,6,TS440-S14,68.7,66.51,False,54.37,62.51,52.59,66.95,42.74,Career guidance is helpful from the beginning.
TS441-SEM1-01,TS441,1,6,TS441-S01,79.0,93.42,True,69.6,63.58,64.58,85.84,73.44,Teaching incorporates both fundamentals and modern practical tools.
TS441-SEM1-02,TS441,1,6,TS441-S02,76.98,75.12,True,79.86,59.62,74.56,71.57,83.21,Good focus on practical sessions and mentoring.
TS441-SEM1-03,TS441,1,6,TS441-S03,67.51,51.4,False,58.81,64.85,53.75,64.1,51.21,"Strictness is moderate, allowing good learning freedom."
TS441-SEM1-04,TS441,1,6,TS441-S04,77.99,57.1,True,68.47,72.1,62.79,72.87,69.21,Excellent labs and digital board infrastructure.
TS441-SEM1-05,TS441,1,6,TS441-S05,81.62,73.48,True,78.91,65.66,72.75,73.04,77.27,"Campus has trees and nature, very peaceful."
TS441-SEM1-06,TS441,1,6,TS441-S06,73.19,62.19,False,47.91,54.5,71.77,65.83,53.13,Good focus on practical sessions and mentoring.
TS441-SEM1-07,TS441,1,6,TS441-S07,72.75,47.54,False,55.94,61.19,65.18,68.62,64.28,Teaching incorporates both fundamentals and modern practical tools.
TS441-SEM1-08,TS441,1,6,TS441-S08,68.43,47.76,False,56.63,55.17,63.64,64.81,57.42,Excellent labs and digital board infrastructure.
TS441-SEM1-09,TS441,1,6,TS441-S09,73.08,71.62,False,58.7,61.32,71.61,56.71,57.61,Excellent labs and digital board infrastructure.
TS441-SEM1-10,TS441,1,6,TS441-S10,71.76,63.23,False,62.25,53.0,59.84,70.93,55.91,Excellent labs and digital board infrastructure.
TS441-SEM1-11,TS441,1,6,TS441-S11,66.69,70.61,False,62.56,60.91,64.73,69.88,56.21,"Strictness is moderate, allowing good learning freedom."
TS441-SEM1-12,TS441,1,6,TS441-S12,74.26,50.75,False,57.48,67.32,73.64,67.21,52.13,Good focus on practical sessions and mentoring.
TS441-SEM1-13,TS441,1,6,TS441-S13,70.27,48.15,False,62.74,59.97,57.87,65.33,60.18,Excellent labs and digital board infrastructure.
TS441-SEM1-14,TS441,1,6,TS441-S14,72.7,55.78,False,64.86,62.35,58.83,66.63,46.08,Good focus on practical sessions and mentoring.
TS442-SEM1-01,TS442,1,6,TS442-S01,74.82,48.98,False,58.51,60.05,60.23,76.57,62.72,"Strictness is moderate, allowing good learning freedom."
TS442-SEM1-02,TS442,1,6,TS442-S02,78.71,61.45,True,84.58,77.39,76.79,79.53,86.37,Teaching incorporates both fundamentals and modern practical tools.
TS442-SEM1-03,TS442,1,6,TS442-S03,72.17,66.18,False,56.0,61.31,65.12,73.51,59.27,"Campus has trees and nature, very peaceful."
TS442-SEM1-04,TS442,1,6,TS442-S04,73.04,60.96,False,64.87,75.3,69.61,68.9,64.8,Good focus on practical sessions and mentoring.
TS442-SEM1-05,TS442,1,6,TS442-S05,82.05,63.12,True,70.6,75.63,69.79,62.69,79.02,"Strictness is moderate, allowing good learning freedom."
TS442-SEM1-06,TS442,1,6,TS442-S06,74.28,75.84,False,64.38,70.35,71.07,70.54,59.15,Teaching incorporates both fundamentals and modern practical tools.
TS442-SEM1-07,TS442,1,6,TS442-S07,85.03,52.12,True,73.81,78.78,77.54,75.83,74.42,Good focus on practical sessions and mentoring.
TS442-SEM1-08,TS442,1,6,TS442-S08,69.92,73.24,False,55.48,80.92,68.96,74.33,57.22,Teaching incorporates both fundamentals and modern practical tools.
TS442-SEM1-09,TS442,1,6,TS442-S09,71.11,55.34,False,66.26,59.14,65.39,82.45,65.72,"Campus has trees and nature, very peaceful."
TS442-SEM1-10,TS442,1,6,TS442-S10,74.28,65.64,False,73.24,66.86,73.17,55.89,61.89,Career guidance is helpful from the beginning.
TS442-SEM1-11,TS442,1,6,TS442-S11,70.15,56.76,False,68.92,66.8,67.68,65.34,60.52,"Campus has trees and nature, very peaceful."
TS442-SEM1-12,TS442,1,6,TS442-S12,59.96,58.84,False,56.0,80.23,72.16,75.52,55.88,"Strictness is moderate, allowing good learning freedom."
TS442-SEM1-13,TS442,1,6,TS442-S13,77.03,55.33,True,77.37,66.85,70.3,81.0,83.63,Career guidance is helpful from the beginning.
TS442-SEM1-14,TS442,1,6,TS442-S14,63.77,73.37,False,62.2,57.62,65.74,61.91,58.86,Career guidance is helpful from the beginning.
TS443-SEM1-01,TS443,1,6,TS443-S01,78.78,78.15,True,79.87,80.59,77.96,65.06,79.1,Excellent labs and digital board infrastructure.
TS443-SEM1-02,TS443,1,6,TS443-S02,61.04,54.65,False,55.02,71.96,70.88,77.48,57.04,Good focus on practical sessions and mentoring.
TS443-SEM1-03,TS443,1,6,TS443-S03,68.05,72.83,False,60.8,63.1,71.44,73.3,66.66,Excellent labs and digital board infrastructure.
TS443-SEM1-04,TS443,1,6,TS443-S04,74.89,58.06,False,72.12,75.91,67.79,75.5,61.81,Teaching incorporates both fundamentals and modern practical tools.
TS443-SEM1-05,TS443,1,6,TS443-S05,66.44,63.11,False,75.43,77.18,69.96,64.8,55.96,"Strictness is moderate, allowing good learning freedom."
TS443-SEM1-06,TS443,1,6,TS443-S06,70.53,55.93,False,63.98,70.05,60.76,65.16,60.1,"Strictness is moderate, allowing good learning freedom."
TS443-SEM1-07,TS443,1,6,TS443-S07,74.62,66.74,False,57.68,59.05,63.14,74.96,59.51,Teaching incorporates both fundamentals and modern practical tools.
TS443-SEM1-08,TS443,1,6,TS443-S08,72.64,66.17,False,71.24,59.08,73.94,73.65,70.21,Teaching incorporates both fundamentals and modern practical tools.
TS443-SEM1-09,TS443,1,6,TS443-S09,80.43,63.1,True,81.84,69.89,75.96,72.72,78.67,Excellent labs and digital board infrastructure.
TS443-SEM1-10,TS443,1,6,TS443-S10,58.91,61.16,False,64.6,64.59,67.45,63.68,65.77,"Campus has trees and nature, very peaceful."
TS443-SEM1-11,TS443,1,6,TS443-S11,72.15,84.38,False,65.63,71.91,65.53,77.34,59.73,"Strictness is moderate, allowing good learning freedom."
TS443-SEM1-12,TS443,1,6,TS443-S12,82.37,79.0,True,76.21,73.04,68.19,78.95,79.9,Excellent labs and digital board infrastructure.
TS443-SEM1-13,TS443,1,6,TS443-S13,75.97,61.5,True,77.59,77.29,75.31,81.74,78.03,Excellent labs and digital board infrastructure.
TS443-SEM1-14,TS443,1,6,TS443-S14,77.45,54.63,True,66.68,76.12,69.27,80.51,82.42,"Campus has trees and nature, very peaceful."
TS444-SEM1-01,TS444,1,6,TS444-S01,84.89,57.06,True,86.44,66.67,76.57,90.64,81.74,"Campus has trees and nature, very peaceful."
TS444-SEM1-02,TS444,1,6,TS444-S02,65.74,66.36,False,65.45,63.49,71.58,89.09,58.17,"Campus has trees and nature, very peaceful."
TS444-SEM1-03,TS444,1,6,TS444-S03,74.97,75.81,False,72.08,66.65,73.04,79.52,65.77,Good focus on practical sessions and mentoring.
TS444-SEM1-04,TS444,1,6,TS444-S04,67.57,46.78,False,66.88,74.93,71.22,76.08,49.32,Excellent labs and digital board infrastructure.
TS444-SEM1-05,TS444,1,6,TS444-S05,77.24,76.59,True,75.85,70.4,75.91,96.0,78.52,Good focus on practical sessions and mentoring.
TS444-SEM1-06,TS444,1,6,TS444-S06,68.96,65.91,False,50.94,74.59,72.97,81.01,59.49,Career guidance is helpful from the beginning.
TS444-SEM1-07,TS444,1,6,TS444-S07,70.31,59.23,False,63.34,55.41,69.75,78.78,61.79,Career guidance is helpful from the beginning.
TS444-SEM1-08,TS444,1,6,TS444-S08,68.53,65.81,False,71.66,69.56,59.5,81.01,62.73,Excellent labs and digital board infrastructure.
TS444-SEM1-09,TS444,1,6,TS444-S09,71.67,54.34,False,63.41,74.62,66.2,89.26,58.43,Teaching incorporates both fundamentals and modern practical tools.
TS444-SEM1-10,TS444,1,6,TS444-S10,65.81,59.68,False,51.49,67.82,66.02,85.1,53.14,"Campus has trees and nature, very peaceful."
TS444-SEM1-11,TS444,1,6,TS444-S11,76.59,63.54,True,76.66,80.62,77.86,75.78,85.24,Good focus on practical sessions and mentoring.
TS444-SEM1-12,TS444,1,6,TS444-S12,71.23,49.29,False,63.23,77.26,65.97,81.61,51.68,Career guidance is helpful from the beginning.
TS444-SEM1-13,TS444,1,6,TS444-S13,66.87,69.08,False,70.04,69.58,70.6,78.58,61.79,Excellent labs and digital board infrastructure.
TS444-SEM1-14,TS444,1,6,TS444-S14,65.64,57.09,False,63.51,55.38,79.66,76.75,62.74,Teaching incorporates both fundamentals and modern practical tools.
TS445-SEM1-01,TS445,1,6,TS445-S01,80.96,83.01,True,75.94,90.17,69.42,81.07,82.12,Excellent labs and digital board infrastructure.
TS445-SEM1-02,TS445,1,6,TS445-S02,83.78,72.67,True,66.03,80.66,81.19,70.6,78.75,Teaching incorporates both fundamentals and modern practical tools.
TS445-SEM1-03,TS445,1,6,TS445-S03,79.38,71.55,True,83.03,84.1,70.09,97.44,83.85,Excellent labs and digital board infrastructure.
TS445-SEM1-04,TS445,1,6,TS445-S04,87.48,51.16,True,79.2,85.68,82.55,77.51,81.51,"Campus has trees and nature, very peaceful."
TS445-SEM1-05,TS445,1,6,TS445-S05,81.92,75.25,True,87.6,84.77,78.14,88.08,98.19,"Campus has trees and nature, very peaceful."
TS445-SEM1-06,TS445,1,6,TS445-S06,84.81,57.58,True,91.95,87.55,82.82,84.01,80.14,Teaching incorporates both fundamentals and modern practical tools.
TS445-SEM1-07,TS445,1,6,TS445-S07,93.36,79.29,True,80.67,80.02,74.71,72.96,95.03,Excellent labs and digital board infrastructure.
TS445-SEM1-08,TS445,1,6,TS445-S08,88.22,64.9,True,89.85,84.25,81.31,75.01,88.78,"Campus has trees and nature, very peaceful."
TS445-SEM1-09,TS445,1,6,TS445-S09,84.95,70.76,True,81.27,93.33,85.16,82.87,88.29,Excellent labs and digital board infrastructure.
TS445-SEM1-10,TS445,1,6,TS445-S10,77.49,55.22,True,79.91,83.21,78.04,83.5,86.79,Excellent labs and digital board infrastructure.
TS445-SEM1-11,TS445,1,6,TS445-S11,67.93,100.0,False,70.0,81.71,70.91,70.42,71.16,"Campus has trees and nature, very peaceful."
TS445-SEM1-12,TS445,1,6,TS445-S12,76.16,78.07,True,82.8,93.5,71.63,84.06,85.5,"Strictness is moderate, allowing good learning freedom."
TS445-SEM1-13,TS445,1,6,TS445-S13,81.4,82.22,True,92.46,100.0,75.65,86.15,82.94,Career guidance is helpful from the beginning.
TS445-SEM1-14,TS445,1,6,TS445-S14,74.62,87.97,False,65.95,84.29,81.21,75.26,66.7,Career guidance is helpful from the beginning.
TS446-SEM1-01,TS446,1,6,TS446-S01,74.43,64.1,False,55.35,65.83,56.49,70.26,48.06,Excellent labs and digital board infrastructure.
TS446-SEM1-02,TS446,1,6,TS446-S02,66.06,70.55,False,63.51,64.13,62.47,62.83,55.87,Career guidance is helpful from the beginning.
TS446-SEM1-03,TS446,1,6,TS446-S03,76.11,59.46,True,67.33,67.77,70.4,73.25,71.44,Good focus on practical sessions and mentoring.
TS446-SEM1-04,TS446,1,6,TS446-S04,75.69,42.2,False,56.25,70.54,67.42,66.4,63.42,"Campus has trees and nature, very peaceful."
TS446-SEM1-05,TS446,1,6,TS446-S05,73.56,62.71,False,64.33,67.52,71.38,66.36,57.51,Career guidance is helpful from the beginning.
TS446-SEM1-06,TS446,1,6,TS446-S06,73.18,62.21,False,71.86,68.46,61.11,59.07,66.58,"Strictness is moderate, allowing good learning freedom."
TS446-SEM1-07,TS446,1,6,TS446-S07,69.75,65.31,False,60.61,70.72,61.96,68.73,56.0,Career guidance is helpful from the beginning.
TS446-SEM1-08,TS446,1,6,TS446-S08,88.69,54.47,True,91.8,83.06,71.62,76.02,72.66,Excellent labs and digital board infrastructure.
TS446-SEM1-09,TS446,1,6,TS446-S09,82.08,59.74,True,69.45,71.77,72.05,81.55,78.05,Teaching incorporates both fundamentals and modern practical tools.
TS446-SEM1-10,TS446,1,6,TS446-S10,78.57,39.15,False,69.13,53.54,68.57,49.37,59.05,Career guidance is helpful from the beginning.
TS446-SEM1-11,TS446,1,6,TS446-S11,77.69,53.59,False,66.28,70.14,56.93,74.01,67.27,Teaching incorporates both fundamentals and modern practical tools.
TS446-SEM1-12,TS446,1,6,TS446-S12,79.29,49.7,False,54.21,64.88,67.65,73.24,54.76,"Campus has trees and nature, very peaceful."
TS446-SEM1-13,TS446,1,6,TS446-S13,71.55,53.82,False,54.68,67.52,64.36,70.75,55.86,Teaching incorporates both fundamentals and modern practical tools.
TS446-SEM1-14,TS446,1,6,TS446-S14,76.02,50.72,True,68.08,76.54,80.79,77.23,76.21,Career guidance is helpful from the beginning.
TS447-SEM1-01,TS447,1,6,TS447-S01,70.0,57.77,False,52.64,70.67,62.47,65.0,54.96,"Strictness is moderate, allowing good learning freedom."
TS447-SEM1-02,TS447,1,6,TS447-S02,74.49,71.32,False,69.04,61.82,62.22,61.24,59.27,Good focus on practical sessions and mentoring.
TS447-SEM1-03,TS447,1,6,TS447-S03,73.52,67.44,False,56.1,63.83,60.09,64.42,66.16,"Strictness is moderate, allowing good learning freedom."
TS447-SEM1-04,TS447,1,6,TS447-S04,70.63,53.15,False,63.29,69.91,61.34,57.06,55.13,"Strictness is moderate, allowing good learning freedom."
TS447-SEM1-05,TS447,1,6,TS447-S05,69.36,77.18,False,52.76,49.2,66.54,60.92,54.23,Good focus on practical sessions and mentoring.
TS447-SEM1-06,TS447,1,6,TS447-S06,75.9,62.91,True,79.59,63.09,63.79,78.91,76.56,"Campus has trees and nature, very peaceful."
TS447-SEM1-07,TS447,1,6,TS447-S07,90.09,71.67,True,69.52,72.08,76.23,71.69,77.47,Career guidance is helpful from the beginning.
TS447-SEM1-08,TS447,1,6,TS447-S08,73.46,54.76,False,55.88,61.29,63.11,59.93,58.55,"Campus has trees and nature, very peaceful."
TS447-SEM1-09,TS447,1,6,TS447-S09,64.16,69.62,False,64.72,68.22,60.99,59.4,65.79,Excellent labs and digital board infrastructure.
TS447-SEM1-10,TS447,1,6,TS447-S10,70.83,67.7,False,54.27,60.47,71.14,66.0,57.94,Excellent labs and digital board infrastructure.
TS447-SEM1-11,TS447,1,6,TS447-S11,75.4,65.16,True,75.1,73.08,75.42,71.38,72.24,Teaching incorporates both fundamentals and modern practical tools.
TS447-SEM1-12,TS447,1,6,TS447-S12,74.53,47.34,False,67.1,52.22,60.76,59.38,62.29,"Strictness is moderate, allowing good learning freedom."
TS447-SEM1-13,TS447,1,6,TS447-S13,65.28,67.09,False,57.14,61.82,62.5,79.16,50.87,"Campus has trees and nature, very peaceful."
TS447-SEM1-14,TS447,1,6,TS447-S14,74.94,61.9,False,56.51,65.91,60.38,58.75,53.45,Good focus on practical sessions and mentoring.
TS448-SEM1-01,TS448,1,6,TS448-S01,74.86,72.53,False,53.59,59.18,59.98,72.57,61.2,"Campus has trees and nature, very peaceful."
TS448-SEM1-02,TS448,1,6,TS448-S02,75.39,67.27,True,75.12,64.75,69.88,56.85,64.28,Teaching incorporates both fundamentals and modern practical tools.
TS448-SEM1-03,TS448,1,6,TS448-S03,60.39,80.82,False,55.53,51.88,72.67,57.39,57.11,Career guidance is helpful from the beginning.
TS448-SEM1-04,TS448,1,6,TS448-S04,67.3,69.94,False,56.39,56.73,53.81,57.78,49.46,"Strictness is moderate, allowing good learning freedom."
TS448-SEM1-05,TS448,1,6,TS448-S05,61.43,69.34,False,63.18,57.26,50.07,64.22,55.26,"Strictness is moderate, allowing good learning freedom."
TS448-SEM1-06,TS448,1,6,TS448-S06,66.0,61.41,False,39.94,62.77,59.72,70.01,55.75,"Campus has trees and nature, very peaceful."
TS448-SEM1-07,TS448,1,6,TS448-S07,72.55,81.64,False,51.72,50.74,65.05,68.31,59.83,Teaching incorporates both fundamentals and modern practical tools.
TS448-SEM1-08,TS448,1,6,TS448-S08,70.6,54.89,False,49.03,55.6,52.96,59.4,62.78,Excellent labs and digital board infrastructure.
TS448-SEM1-09,TS448,1,6,TS448-S09,68.73,63.28,False,59.77,59.82,58.64,69.75,55.42,Good focus on practical sessions and mentoring.
TS448-SEM1-10,TS448,1,6,TS448-S10,78.78,85.88,True,69.55,71.37,65.01,66.45,79.5,Career guidance is helpful from the beginning.
TS448-SEM1-11,TS448,1,6,TS448-S11,72.6,86.89,False,54.05,74.75,69.28,61.54,56.72,"Campus has trees and nature, very peaceful."
TS448-SEM1-12,TS448,1,6,TS448-S12,77.3,56.43,True,65.62,68.54,64.94,70.39,74.12,"Campus has trees and nature, very peaceful."
TS448-SEM1-13,TS448,1,6,TS448-S13,68.18,60.87,False,49.8,72.02,63.96,59.95,53.52,Good focus on practical sessions and mentoring.
TS448-SEM1-14,TS448,1,6,TS448-S14,68.02,52.71,False,50.0,55.3,65.28,68.25,47.64,Excellent labs and digital board infrastructure.
TS449-SEM1-01,TS449,1,6,TS449-S01,63.2,56.09,False,61.58,53.4,53.62,53.07,39.4,"Campus has trees and nature, very peaceful."
TS449-SEM1-02,TS449,1,6,TS449-S02,70.25,74.4,False,48.44,48.1,56.45,47.08,50.47,Good focus on practical sessions and mentoring.
TS449-SEM1-03,TS449,1,6,TS449-S03,67.03,57.01,False,48.53,47.03,55.31,53.39,47.89,"Strictness is moderate, allowing good learning freedom."
TS449-SEM1-04,TS449,1,6,TS449-S04,72.73,52.92,False,37.86,49.98,51.37,56.55,46.04,"Strictness is moderate, allowing good learning freedom."
TS449-SEM1-05,TS449,1,6,TS449-S05,60.61,60.8,False,57.11,52.55,47.7,50.07,46.32,Good focus on practical sessions and mentoring.
TS449-SEM1-06,TS449,1,6,TS449-S06,70.9,56.13,False,40.27,48.95,61.97,49.91,42.59,Career guidance is helpful from the beginning.
TS449-SEM1-07,TS449,1,6,TS449-S07,80.55,81.21,True,66.23,61.82,66.25,54.12,66.65,"Strictness is moderate, allowing good learning freedom."
TS449-SEM1-08,TS449,1,6,TS449-S08,65.46,65.45,False,59.88,52.72,50.55,59.8,45.75,Good focus on practical sessions and mentoring.
TS449-SEM1-09,TS449,1,6,TS449-S09,74.84,54.24,False,42.83,43.97,41.29,47.32,59.51,Good focus on practical sessions and mentoring.
TS449-SEM1-10,TS449,1,6,TS449-S10,55.09,46.29,False,61.25,42.37,52.79,53.73,40.56,"Strictness is moderate, allowing good learning freedom."
TS449-SEM1-11,TS449,1,6,TS449-S11,78.26,60.79,True,70.47,49.4,62.0,54.74,60.53,Good focus on practical sessions and mentoring.
TS449-SEM1-12,TS449,1,6,TS449-S12,84.02,63.26,True,61.68,51.82,46.22,58.92,58.51,"Campus has trees and nature, very peaceful."
TS449-SEM1-13,TS449,1,6,TS449-S13,72.57,49.07,False,53.61,66.52,68.93,55.75,48.75,Good focus on practical sessions and mentoring.
TS449-SEM1-14,TS449,1,6,TS449-S14,67.79,54.18,False,45.29,61.91,52.84,66.79,44.16,Good focus on practical sessions and mentoring.
TS450-SEM1-01,TS450,1,6,TS450-S01,82.23,62.24,True,62.35,57.59,44.31,47.52,53.58,Good focus on practical sessions and mentoring.
TS450-SEM1-02,TS450,1,6,TS450-S02,66.93,54.01,False,35.37,50.58,41.92,42.2,42.22,Good focus on practical sessions and mentoring.
TS450-SEM1-03,TS450,1,6,TS450-S03,70.21,49.97,False,45.05,41.05,52.3,47.74,40.03,Excellent labs and digital board infrastructure.
TS450-SEM1-04,TS450,1,6,TS450-S04,73.36,73.23,False,40.88,26.72,42.88,45.11,32.37,"Campus has trees and nature, very peaceful."
TS450-SEM1-05,TS450,1,6,TS450-S05,87.55,60.54,True,60.42,58.93,49.85,51.09,54.42,Good focus on practical sessions and mentoring.
TS450-SEM1-06,TS450,1,6,TS450-S06,71.43,50.53,False,37.83,34.47,43.36,39.24,39.9,Teaching incorporates both fundamentals and modern practical tools.
TS450-SEM1-07,TS450,1,6,TS450-S07,63.03,52.72,False,33.87,43.98,42.16,48.26,37.6,Teaching incorporates both fundamentals and modern practical tools.
TS450-SEM1-08,TS450,1,6,TS450-S08,72.0,51.45,False,37.65,33.42,45.86,46.67,29.85,Teaching incorporates both fundamentals and modern practical tools.
TS450-SEM1-09,TS450,1,6,TS450-S09,72.27,60.96,False,46.61,36.1,39.59,43.27,34.95,"Strictness is moderate, allowing good learning freedom."
TS450-SEM1-10,TS450,1,6,TS450-S10,69.39,57.46,False,42.52,53.18,42.97,40.06,40.71,"Strictness is moderate, allowing good learning freedom."
TS450-SEM1-11,TS450,1,6,TS450-S11,73.24,63.59,False,46.19,35.56,42.07,35.8,34.71,Career guidance is helpful from the beginning.
TS450-SEM1-12,TS450,1,6,TS450-S12,64.35,58.22,False,41.61,23.05,41.75,41.14,36.01,Excellent labs and digital board infrastructure.
TS450-SEM1-13,TS450,1,6,TS450-S13,61.95,71.56,False,45.04,53.24,40.59,42.72,33.74,Teaching incorporates both fundamentals and modern practical tools.
TS450-SEM1-14,TS450,1,6,TS450-S14,65.57,50.75,False,40.59,50.78,49.82,41.39,33.98,Excellent labs and digital board infrastructure.
TS451-SEM1-01,TS451,1,6,TS451-S01,77.32,61.24,True,62.83,45.96,60.72,60.45,64.38,Teaching incorporates both fundamentals and modern practical tools.
TS451-SEM1-02,TS451,1,6,TS451-S02,76.13,80.16,True,62.45,66.78,61.12,66.79,68.7,Career guidance is helpful from the beginning.
TS451-SEM1-03,TS451,1,6,TS451-S03,69.37,60.01,False,52.24,51.05,50.92,59.06,44.92,"Campus has trees and nature, very peaceful."
TS451-SEM1-04,TS451,1,6,TS451-S04,66.13,51.05,False,49.62,67.6,55.84,53.74,55.62,Excellent labs and digital board infrastructure.
TS451-SEM1-05,TS451,1,6,TS451-S05,68.99,77.87,False,49.43,58.77,52.05,57.66,54.79,"Campus has trees and nature, very peaceful."
TS451-SEM1-06,TS451,1,6,TS451-S06,70.92,71.43,False,50.16,55.71,57.0,58.75,43.94,Career guidance is helpful from the beginning.
TS451-SEM1-07,TS451,1,6,TS451-S07,67.45,67.79,False,36.62,59.65,46.69,60.5,54.57,Excellent labs and digital board infrastructure.
TS451-SEM1-08,TS451,1,6,TS451-S08,66.7,67.24,False,56.62,52.03,50.64,61.7,54.13,"Campus has trees and nature, very peaceful."
TS451-SEM1-09,TS451,1,6,TS451-S09,85.69,54.6,True,61.0,57.61,59.71,65.07,66.31,Career guidance is helpful from the beginning.
TS451-SEM1-10,TS451,1,6,TS451-S10,74.51,64.33,False,57.17,71.67,53.96,56.5,46.88,Good focus on practical sessions and mentoring.
TS451-SEM1-11,TS451,1,6,TS451-S11,70.62,56.09,False,40.89,45.86,57.3,63.95,49.51,Excellent labs and digital board infrastructure.
TS451-SEM1-12,TS451,1,6,TS451-S12,70.55,56.95,False,41.65,51.43,50.22,50.97,48.97,"Campus has trees and nature, very peaceful."
TS451-SEM1-13,TS451,1,6,TS451-S13,67.57,62.4,False,41.0,61.34,56.03,56.37,54.75,Career guidance is helpful from the beginning.
TS451-SEM1-14,TS451,1,6,TS451-S14,71.51,63.36,False,40.51,50.38,50.63,64.15,52.7,Good focus on practical sessions and mentoring.
TS452-SEM1-01,TS452,1,6,TS452-S01,76.29,54.45,True,64.91,45.13,59.27,64.94,68.23,Excellent labs and digital board infrastructure.
TS452-SEM1-02,TS452,1,6,TS452-S02,74.57,63.52,False,46.88,37.2,42.7,55.4,38.16,Good focus on practical sessions and mentoring.
TS452-SEM1-03,TS452,1,6,TS452-S03,68.33,82.38,False,53.54,26.79,46.98,47.84,46.53,Teaching incorporates both fundamentals and modern practical tools.
TS452-SEM1-04,TS452,1,6,TS452-S04,73.34,76.65,False,37.61,39.52,45.68,51.41,40.32,Excellent labs and digital board infrastructure.
TS452-SEM1-05,TS452,1,6,TS452-S05,79.12,66.67,True,57.1,44.46,44.01,69.26,54.97,Career guidance is helpful from the beginning.
TS452-SEM1-06,TS452,1,6,TS452-S06,80.6,58.94,True,61.76,64.71,51.21,62.42,58.69,Career guidance is helpful from the beginning.
TS452-SEM1-07,TS452,1,6,TS452-S07,74.27,63.93,False,38.4,48.32,39.46,55.01,41.37,Excellent labs and digital board infrastructure.
TS452-SEM1-08,TS452,1,6,TS452-S08,66.12,59.18,False,39.7,43.17,50.57,57.76,45.59,Teaching incorporates both fundamentals and modern practical tools.
TS452-SEM1-09,TS452,1,6,TS452-S09,84.47,72.97,True,52.85,67.86,51.81,59.22,60.45,Excellent labs and digital board infrastructure.
TS452-SEM1-10,TS452,1,6,TS452-S10,70.29,79.09,False,41.81,66.42,43.98,51.05,36.6,"Campus has trees and nature, very peaceful."
TS452-SEM1-11,TS452,1,6,TS452-S11,67.28,69.23,False,34.72,39.09,49.38,41.97,33.42,Career guidance is helpful from the beginning.
TS452-SEM1-12,TS452,1,6,TS452-S12,71.69,66.08,False,40.76,50.61,42.48,64.07,45.33,"Strictness is moderate, allowing good learning freedom."
TS452-SEM1-13,TS452,1,6,TS452-S13,67.11,60.12,False,30.99,54.56,40.38,51.76,39.31,Good focus on practical sessions and mentoring.
TS452-SEM1-14,TS452,1,6,TS452-S14,63.74,53.67,False,45.01,43.14,51.14,59.44,36.54,Career guidance is helpful from the beginning.
TS453-SEM1-01,TS453,1,6,TS453-S01,71.1,55.52,False,62.87,59.88,49.79,70.63,51.42,Teaching incorporates both fundamentals and modern practical tools.
TS453-SEM1-02,TS453,1,6,TS453-S02,56.24,54.52,False,70.51,38.38,53.16,56.35,45.02,"Strictness is moderate, allowing good learning freedom."
TS453-SEM1-03,TS453,1,6,TS453-S03,60.97,50.16,False,65.23,64.51,57.64,80.99,50.56,Excellent labs and digital board infrastructure.
TS453-SEM1-04,TS453,1,6,TS453-S04,66.27,57.67,False,45.43,42.17,62.23,72.94,46.5,Career guidance is helpful from the beginning.
TS453-SEM1-05,TS453,1,6,TS453-S05,74.8,67.07,False,51.31,49.64,62.89,73.63,61.64,"Campus has trees and nature, very peaceful."
TS453-SEM1-06,TS453,1,6,TS453-S06,74.62,44.27,False,45.74,55.52,62.98,72.87,49.85,"Strictness is moderate, allowing good learning freedom."
TS453-SEM1-07,TS453,1,6,TS453-S07,61.9,76.69,False,63.46,46.0,62.26,72.48,56.36,Teaching incorporates both fundamentals and modern practical tools.
TS453-SEM1-08,TS453,1,6,TS453-S08,81.11,76.25,True,67.47,64.87,64.84,94.33,71.16,Teaching incorporates both fundamentals and modern practical tools.
TS453-SEM1-09,TS453,1,6,TS453-S09,76.68,66.16,True,71.8,61.96,61.2,81.51,64.61,"Strictness is moderate, allowing good learning freedom."
TS453-SEM1-10,TS453,1,6,TS453-S10,77.27,67.7,True,71.82,59.62,71.51,84.94,75.4,Good focus on practical sessions and mentoring.
TS453-SEM1-11,TS453,1,6,TS453-S11,76.4,47.22,False,60.07,47.27,55.83,65.96,45.09,Career guidance is helpful from the beginning.
TS453-SEM1-12,TS453,1,6,TS453-S12,73.06,61.69,False,62.9,66.9,59.82,75.68,52.41,Excellent labs and digital board infrastructure.
TS453-SEM1-13,TS453,1,6,TS453-S13,71.34,63.26,False,54.03,58.96,62.25,63.63,50.9,Teaching incorporates both fundamentals and modern practical tools.
TS453-SEM1-14,TS453,1,6,TS453-S14,76.66,56.46,True,75.03,61.34,68.1,78.85,75.37,"Campus has trees and nature, very peaceful."
TS454-SEM1-01,TS454,1,6,TS454-S01,67.83,55.74,False,53.22,54.54,62.73,64.76,55.28,"Campus has trees and nature, very peaceful."
TS454-SEM1-02,TS454,1,6,TS454-S02,77.9,75.87,True,62.27,75.73,66.17,78.47,69.7,Excellent labs and digital board infrastructure.
TS454-SEM1-03,TS454,1,6,TS454-S03,78.87,63.0,True,71.57,66.34,67.33,61.28,71.99,"Campus has trees and nature, very peaceful."
TS454-SEM1-04,TS454,1,6,TS454-S04,64.37,67.54,False,34.85,44.34,57.84,63.82,50.31,Good focus on practical sessions and mentoring.
TS454-SEM1-05,TS454,1,6,TS454-S05,76.33,71.33,True,67.84,77.13,60.43,67.11,65.47,Excellent labs and digital board infrastructure.
TS454-SEM1-06,TS454,1,6,TS454-S06,71.34,64.23,False,59.82,61.62,64.26,71.51,51.77,"Campus has trees and nature, very peaceful."
TS454-SEM1-07,TS454,1,6,TS454-S07,71.37,46.75,False,50.31,52.38,53.74,60.85,54.2,Good focus on practical sessions and mentoring.
TS454-SEM1-08,TS454,1,6,TS454-S08,73.74,71.88,False,55.88,54.12,61.36,55.17,56.46,"Campus has trees and nature, very peaceful."
TS454-SEM1-09,TS454,1,6,TS454-S09,67.41,39.04,False,56.84,56.38,63.45,69.17,46.64,Career guidance is helpful from the beginning.
TS454-SEM1-10,TS454,1,6,TS454-S10,81.14,43.16,False,56.36,70.25,52.49,76.07,52.38,Excellent labs and digital board infrastructure.
TS454-SEM1-11,TS454,1,6,TS454-S11,74.24,73.75,False,56.08,48.25,41.49,57.54,47.13,"Campus has trees and nature, very peaceful."
TS454-SEM1-12,TS454,1,6,TS454-S12,66.31,55.67,False,36.49,49.32,60.3,69.65,47.93,"Campus has trees and nature, very peaceful."
TS454-SEM1-13,TS454,1,6,TS454-S13,76.14,36.11,False,55.19,68.33,60.15,63.24,38.82,Good focus on practical sessions and mentoring.
TS454-SEM1-14,TS454,1,6,TS454-S14,83.34,81.41,True,75.56,68.87,68.38,75.43,69.25,Career guidance is helpful from the beginning.
TS455-SEM1-01,TS455,1,6,TS455-S01,69.57,68.53,False,58.77,79.03,66.47,73.92,66.24,Career guidance is helpful from the beginning.
TS455-SEM1-02,TS455,1,6,TS455-S02,60.35,61.29,False,54.87,58.26,66.87,71.8,54.32,Good focus on practical sessions and mentoring.
TS455-SEM1-03,TS455,1,6,TS455-S03,73.63,53.26,False,64.45,92.35,66.45,63.13,61.95,Career guidance is helpful from the beginning.
TS455-SEM1-04,TS455,1,6,TS455-S04,70.86,58.54,False,64.25,70.63,61.85,74.91,68.61,"Strictness is moderate, allowing good learning freedom."
TS455-SEM1-05,TS455,1,6,TS455-S05,69.77,65.51,False,51.77,71.96,77.66,74.76,62.81,"Campus has trees and nature, very peaceful."
TS455-SEM1-06,TS455,1,6,TS455-S06,71.73,59.01,False,66.56,80.34,65.53,74.47,58.0,"Campus has trees and nature, very peaceful."
TS455-SEM1-07,TS455,1,6,TS455-S07,69.38,50.88,False,65.0,72.78,70.02,71.81,65.66,Career guidance is helpful from the beginning.
TS455-SEM1-08,TS455,1,6,TS455-S08,84.51,69.33,True,76.55,81.83,67.12,81.94,88.98,"Campus has trees and nature, very peaceful."
TS455-SEM1-09,TS455,1,6,TS455-S09,66.8,74.63,False,70.48,74.3,72.19,65.37,67.8,Career guidance is helpful from the beginning.
TS455-SEM1-10,TS455,1,6,TS455-S10,79.6,66.77,True,73.28,89.68,75.11,76.14,84.76,Good focus on practical sessions and mentoring.
TS455-SEM1-11,TS455,1,6,TS455-S11,70.27,54.95,False,70.57,60.03,71.68,62.58,52.99,Excellent labs and digital board infrastructure.
TS455-SEM1-12,TS455,1,6,TS455-S12,75.94,65.24,True,71.11,84.82,72.7,81.71,77.16,Good focus on practical sessions and mentoring.
TS455-SEM1-13,TS455,1,6,TS455-S13,69.45,73.09,False,57.88,60.46,63.37,71.41,71.6,Excellent labs and digital board infrastructure.
TS455-SEM1-14,TS455,1,6,TS455-S14,72.91,53.28,False,59.07,75.39,59.38,58.67,63.02,"Strictness is moderate, allowing good learning freedom."
TS456-SEM1-01,TS456,1,6,TS456-S01,83.74,67.27,True,87.12,82.09,85.15,90.35,90.74,Good focus on practical sessions and mentoring.
TS456-SEM1-02,TS456,1,6,TS456-S02,85.27,68.42,True,77.9,74.63,84.4,86.69,90.58,Teaching incorporates both fundamentals and modern practical tools.
TS456-SEM1-03,TS456,1,6,TS456-S03,90.83,61.87,True,83.69,90.42,89.48,85.48,85.84,"Strictness is moderate, allowing good learning freedom."
TS456-SEM1-04,TS456,1,6,TS456-S04,83.57,86.2,True,81.84,79.39,87.87,89.3,77.42,"Campus has trees and nature, very peaceful."
TS456-SEM1-05,TS456,1,6,TS456-S05,87.03,74.86,True,83.98,82.62,82.5,81.02,83.48,Good focus on practical sessions and mentoring.
TS456-SEM1-06,TS456,1,6,TS456-S06,80.85,62.05,True,83.34,86.92,85.59,96.36,78.88,Excellent labs and digital board infrastructure.
TS456-SEM1-07,TS456,1,6,TS456-S07,80.46,87.33,True,83.96,71.16,85.74,85.4,85.58,Career guidance is helpful from the beginning.
TS456-SEM1-08,TS456,1,6,TS456-S08,88.05,97.38,True,88.77,79.73,85.52,92.21,94.38,Career guidance is helpful from the beginning.
TS456-SEM1-09,TS456,1,6,TS456-S09,79.01,58.41,True,84.74,56.6,87.34,81.14,87.01,Good focus on practical sessions and mentoring.
TS456-SEM1-10,TS456,1,6,TS456-S10,78.58,72.92,True,83.46,88.83,82.69,97.01,90.42,Good focus on practical sessions and mentoring.
TS456-SEM1-11,TS456,1,6,TS456-S11,86.21,72.96,True,91.46,88.12,83.6,87.63,86.57,"Strictness is moderate, allowing good learning freedom."
TS456-SEM1-12,TS456,1,6,TS456-S12,83.32,75.87,True,91.28,78.22,79.12,82.67,85.84,Good focus on practical sessions and mentoring.
TS456-SEM1-13,TS456,1,6,TS456-S13,84.65,69.42,True,83.65,91.18,82.4,87.46,92.24,Career guidance is helpful from the beginning.
TS456-SEM1-14,TS456,1,6,TS456-S14,89.34,81.27,True,85.29,66.55,82.1,89.05,89.54,Teaching incorporates both fundamentals and modern practical tools.
TS457-SEM1-01,TS457,1,6,TS457-S01,89.4,36.85,False,53.01,58.67,64.02,54.02,51.12,Good focus on practical sessions and mentoring.
TS457-SEM1-02,TS457,1,6,TS457-S02,72.3,48.42,False,49.16,61.57,64.46,59.16,58.22,Career guidance is helpful from the beginning.
TS457-SEM1-03,TS457,1,6,TS457-S03,72.56,54.26,False,49.42,59.56,57.0,63.94,52.84,Career guidance is helpful from the beginning.
TS457-SEM1-04,TS457,1,6,TS457-S04,79.8,52.43,True,71.61,61.78,68.11,65.65,69.8,Good focus on practical sessions and mentoring.
TS457-SEM1-05,TS457,1,6,TS457-S05,70.39,40.1,False,65.31,49.43,62.55,46.61,49.94,"Strictness is moderate, allowing good learning freedom."
TS457-SEM1-06,TS457,1,6,TS457-S06,73.5,80.06,False,59.02,58.95,57.88,58.96,53.34,Excellent labs and digital board infrastructure.
TS457-SEM1-07,TS457,1,6,TS457-S07,73.78,74.3,False,54.21,54.68,58.35,57.47,59.99,Excellent labs and digital board infrastructure.
TS457-SEM1-08,TS457,1,6,TS457-S08,74.62,65.08,False,55.55,47.57,63.8,64.07,58.73,"Strictness is moderate, allowing good learning freedom."
TS457-SEM1-09,TS457,1,6,TS457-S09,71.86,54.14,False,60.17,63.14,64.53,54.36,56.22,"Campus has trees and nature, very peaceful."
TS457-SEM1-10,TS457,1,6,TS457-S10,60.28,75.32,False,57.35,56.1,68.08,55.53,54.95,Career guidance is helpful from the beginning.
TS457-SEM1-11,TS457,1,6,TS457-S11,66.83,47.03,False,58.05,56.43,49.75,63.47,54.16,"Campus has trees and nature, very peaceful."
TS457-SEM1-12,TS457,1,6,TS457-S12,76.51,64.35,True,77.33,66.16,71.99,71.38,66.46,"Campus has trees and nature, very peaceful."
TS457-SEM1-13,TS457,1,6,TS457-S13,66.7,51.9,False,60.36,48.9,50.21,53.04,52.46,Excellent labs and digital board infrastructure.
TS457-SEM1-14,TS457,1,6,TS457-S14,74.76,74.93,False,62.09,55.99,56.24,47.06,51.94,Excellent labs and digital board infrastructure.
TS458-SEM1-01,TS458,1,6,TS458-S01,74.17,57.52,False,54.1,67.18,67.66,75.51,59.42,Teaching incorporates both fundamentals and modern practical tools.
TS458-SEM1-02,TS458,1,6,TS458-S02,71.62,66.52,False,52.9,64.66,67.34,80.04,54.97,Career guidance is helpful from the beginning.
TS458-SEM1-03,TS458,1,6,TS458-S03,77.61,71.69,True,74.26,77.78,79.7,94.23,84.78,Teaching incorporates both fundamentals and modern practical tools.
TS458-SEM1-04,TS458,1,6,TS458-S04,72.5,68.09,False,66.44,80.97,55.06,83.16,65.22,"Strictness is moderate, allowing good learning freedom."
TS458-SEM1-05,TS458,1,6,TS458-S05,79.06,57.47,True,80.87,89.46,75.24,90.96,77.1,Good focus on practical sessions and mentoring.
TS458-SEM1-06,TS458,1,6,TS458-S06,78.73,74.44,True,80.91,81.38,70.52,84.98,83.61,Teaching incorporates both fundamentals and modern practical tools.
TS458-SEM1-07,TS458,1,6,TS458-S07,78.8,64.46,True,77.74,89.01,77.24,86.84,81.0,Good focus on practical sessions and mentoring.
TS458-SEM1-08,TS458,1,6,TS458-S08,62.5,55.83,False,51.96,62.57,62.64,69.92,66.32,"Campus has trees and nature, very peaceful."
TS458-SEM1-09,TS458,1,6,TS458-S09,68.95,58.77,False,57.29,73.95,73.36,85.56,62.2,Career guidance is helpful from the beginning.
TS458-SEM1-10,TS458,1,6,TS458-S10,60.15,60.99,False,66.34,79.02,69.49,94.95,56.82,"Strictness is moderate, allowing good learning freedom."
TS458-SEM1-11,TS458,1,6,TS458-S11,67.63,65.83,False,70.12,80.93,56.28,83.08,65.22,Teaching incorporates both fundamentals and modern practical tools.
TS458-SEM1-12,TS458,1,6,TS458-S12,77.55,67.65,True,58.25,95.87,76.52,84.13,76.84,Career guidance is helpful from the beginning.
TS458-SEM1-13,TS458,1,6,TS458-S13,73.56,66.75,False,54.12,61.5,68.96,78.96,51.56,"Strictness is moderate, allowing good learning freedom."
TS458-SEM1-14,TS458,1,6,TS458-S14,67.25,61.88,False,52.62,82.5,72.4,87.92,60.91,"Campus has trees and nature, very peaceful."
TS459-SEM1-01,TS459,1,6,TS459-S01,73.27,66.6,False,59.33,86.53,70.89,60.71,64.04,"Campus has trees and nature, very peaceful."
TS459-SEM1-02,TS459,1,6,TS459-S02,79.08,48.55,False,46.73,67.03,62.79,49.3,58.1,"Campus has trees and nature, very peaceful."
TS459-SEM1-03,TS459,1,6,TS459-S03,72.12,55.65,False,68.91,63.54,61.49,64.18,50.65,"Campus has trees and nature, very peaceful."
TS459-SEM1-04,TS459,1,6,TS459-S04,66.35,33.56,False,61.76,72.66,64.88,65.41,57.01,Excellent labs and digital board infrastructure.
TS459-SEM1-05,TS459,1,6,TS459-S05,80.84,60.15,True,78.12,64.19,73.66,64.39,72.57,Excellent labs and digital board infrastructure.
TS459-SEM1-06,TS459,1,6,TS459-S06,70.66,74.1,False,55.04,67.84,55.58,62.96,54.99,"Campus has trees and nature, very peaceful."
TS459-SEM1-07,TS459,1,6,TS459-S07,79.32,54.09,True,70.76,70.28,71.62,79.03,73.73,"Campus has trees and nature, very peaceful."
TS459-SEM1-08,TS459,1,6,TS459-S08,73.97,60.65,False,62.39,57.44,63.31,69.8,53.62,Teaching incorporates both fundamentals and modern practical tools.
TS459-SEM1-09,TS459,1,6,TS459-S09,70.75,60.96,False,50.49,71.02,60.57,63.85,60.49,Career guidance is helpful from the beginning.
TS459-SEM1-10,TS459,1,6,TS459-S10,76.08,49.76,False,61.87,73.13,60.14,68.9,59.49,Teaching incorporates both fundamentals and modern practical tools.
TS459-SEM1-11,TS459,1,6,TS459-S11,74.76,70.31,False,54.1,57.74,69.26,62.33,50.22,"Campus has trees and nature, very peaceful."
TS459-SEM1-12,TS459,1,6,TS459-S12,70.92,60.76,False,60.97,62.34,72.21,58.88,47.82,"Strictness is moderate, allowing good learning freedom."
TS459-SEM1-13,TS459,1,6,TS459-S13,63.11,54.49,False,62.36,63.77,65.25,60.22,59.57,Excellent labs and digital board infrastructure.
TS459-SEM1-14,TS459,1,6,TS459-S14,62.39,63.41,False,63.07,58.0,71.9,52.96,61.0,Good focus on practical sessions and mentoring.
TS460-SEM1-01,TS460,1,6,TS460-S01,85.24,77.09,True,86.86,61.8,88.81,76.9,79.73,Excellent labs and digital board infrastructure.
TS460-SEM1-02,TS460,1,6,TS460-S02,88.88,86.23,True,90.46,84.9,81.39,68.67,85.13,Excellent labs and digital board infrastructure.
TS460-SEM1-03,TS460,1,6,TS460-S03,82.05,72.51,True,87.0,66.91,85.46,78.21,80.28,"Strictness is moderate, allowing good learning freedom."
TS460-SEM1-04,TS460,1,6,TS460-S04,80.26,76.99,True,86.75,86.32,79.18,77.24,93.78,"Strictness is moderate, allowing good learning freedom."
TS460-SEM1-05,TS460,1,6,TS460-S05,81.17,69.52,True,84.26,68.2,80.41,79.49,87.45,Excellent labs and digital board infrastructure.
TS460-SEM1-06,TS460,1,6,TS460-S06,71.5,55.02,False,65.87,65.76,66.91,63.3,68.66,Good focus on practical sessions and mentoring.
TS460-SEM1-07,TS460,1,6,TS460-S07,80.13,83.09,True,81.84,90.25,78.01,75.01,89.05,"Campus has trees and nature, very peaceful."
TS460-SEM1-08,TS460,1,6,TS460-S08,89.31,68.65,True,87.69,79.27,81.11,79.93,84.24,"Campus has trees and nature, very peaceful."
TS460-SEM1-09,TS460,1,6,TS460-S09,88.02,88.89,True,87.82,76.52,73.06,72.97,82.45,"Campus has trees and nature, very peaceful."
TS460-SEM1-10,TS460,1,6,TS460-S10,88.35,64.66,True,80.9,73.05,84.85,80.05,88.06,"Strictness is moderate, allowing good learning freedom."
TS460-SEM1-11,TS460,1,6,TS460-S11,79.64,62.82,True,78.95,82.05,77.65,82.46,86.0,Excellent labs and digital board infrastructure.
TS460-SEM1-12,TS460,1,6,TS460-S12,82.77,79.13,True,72.26,79.18,85.22,78.25,82.93,Career guidance is helpful from the beginning.
TS460-SEM1-13,TS460,1,6,TS460-S13,83.57,84.79,True,74.95,74.62,72.02,79.46,86.32,"Strictness is moderate, allowing good learning freedom."
TS460-SEM1-14,TS460,1,6,TS460-S14,83.04,70.05,True,81.11,73.38,78.06,79.55,85.9,Career guidance is helpful from the beginning.
TS461-SEM1-01,TS461,1,6,TS461-S01,85.62,74.6,True,71.36,93.39,76.31,99.16,85.23,Teaching incorporates both fundamentals and modern practical tools.
TS461-SEM1-02,TS461,1,6,TS461-S02,84.49,74.14,True,88.35,98.66,80.84,86.23,86.18,Career guidance is helpful from the beginning.
TS461-SEM1-03,TS461,1,6,TS461-S03,85.8,81.75,True,82.35,88.4,90.67,88.23,82.31,Excellent labs and digital board infrastructure.
TS461-SEM1-04,TS461,1,6,TS461-S04,88.02,57.52,True,74.43,85.13,82.68,87.75,96.64,"Campus has trees and nature, very peaceful."
TS461-SEM1-05,TS461,1,6,TS461-S05,81.5,73.32,True,82.84,100.0,82.56,100.0,85.32,Career guidance is helpful from the beginning.
TS461-SEM1-06,TS461,1,6,TS461-S06,82.11,70.22,True,86.31,99.41,90.88,92.59,82.61,"Strictness is moderate, allowing good learning freedom."
TS461-SEM1-07,TS461,1,6,TS461-S07,83.93,69.71,True,91.28,75.85,84.96,95.12,92.74,Good focus on practical sessions and mentoring.
TS461-SEM1-08,TS461,1,6,TS461-S08,74.3,91.72,False,75.04,75.88,70.68,80.33,69.51,Good focus on practical sessions and mentoring.
TS461-SEM1-09,TS461,1,6,TS461-S09,81.66,78.14,True,95.95,82.82,85.26,99.08,86.55,"Strictness is moderate, allowing good learning freedom."
TS461-SEM1-10,TS461,1,6,TS461-S10,73.62,70.55,False,78.74,76.4,80.67,77.39,63.22,"Campus has trees and nature, very peaceful."
TS461-SEM1-11,TS461,1,6,TS461-S11,85.3,78.21,True,80.39,84.54,84.07,84.95,88.95,Career guidance is helpful from the beginning.
TS461-SEM1-12,TS461,1,6,TS461-S12,73.13,68.35,False,65.39,75.0,74.11,93.38,72.83,"Strictness is moderate, allowing good learning freedom."
TS461-SEM1-13,TS461,1,6,TS461-S13,73.96,83.84,False,72.09,81.92,70.84,88.88,81.55,Excellent labs and digital board infrastructure.
TS461-SEM1-14,TS461,1,6,TS461-S14,85.34,68.8,True,83.18,89.74,95.54,88.81,91.87,Excellent labs and digital board infrastructure.
TS462-SEM1-01,TS462,1,6,TS462-S01,74.31,52.56,False,67.45,74.78,77.06,60.54,58.88,Career guidance is helpful from the beginning.
TS462-SEM1-02,TS462,1,6,TS462-S02,66.9,68.0,False,68.0,64.75,63.2,67.99,57.79,Teaching incorporates both fundamentals and modern practical tools.
TS462-SEM1-03,TS462,1,6,TS462-S03,74.03,65.31,False,69.71,63.23,69.35,65.63,52.49,Teaching incorporates both fundamentals and modern practical tools.
TS462-SEM1-04,TS462,1,6,TS462-S04,77.9,65.93,True,69.36,70.91,72.99,79.02,69.68,Good focus on practical sessions and mentoring.
TS462-SEM1-05,TS462,1,6,TS462-S05,64.33,63.3,False,64.43,58.45,57.83,71.31,47.91,"Campus has trees and nature, very peaceful."
TS462-SEM1-06,TS462,1,6,TS462-S06,69.66,67.94,False,59.47,52.25,72.48,71.17,59.99,Good focus on practical sessions and mentoring.
TS462-SEM1-07,TS462,1,6,TS462-S07,77.27,60.18,True,82.31,68.25,76.52,71.35,73.31,"Campus has trees and nature, very peaceful."
TS462-SEM1-08,TS462,1,6,TS462-S08,73.75,76.28,False,61.84,53.59,68.51,66.37,62.12,"Campus has trees and nature, very peaceful."
TS462-SEM1-09,TS462,1,6,TS462-S09,73.72,46.99,False,63.11,54.92,71.71,61.7,58.15,"Strictness is moderate, allowing good learning freedom."
TS462-SEM1-10,TS462,1,6,TS462-S10,66.32,76.11,False,51.66,83.44,63.15,67.75,62.81,"Campus has trees and nature, very peaceful."
TS462-SEM1-11,TS462,1,6,TS462-S11,71.79,53.5,False,56.37,60.82,61.49,75.99,59.38,"Strictness is moderate, allowing good learning freedom."
TS462-SEM1-12,TS462,1,6,TS462-S12,74.78,57.81,False,64.82,59.24,60.35,68.08,66.07,"Campus has trees and nature, very peaceful."
TS462-SEM1-13,TS462,1,6,TS462-S13,68.54,56.69,False,62.26,63.75,59.51,64.04,62.7,Excellent labs and digital board infrastructure.
TS462-SEM1-14,TS462,1,6,TS462-S14,64.87,70.84,False,58.15,46.21,68.19,75.94,61.86,"Strictness is moderate, allowing good learning freedom."
TS463-SEM1-01,TS463,1,6,TS463-S01,66.03,57.36,False,58.71,62.82,59.79,69.85,54.97,Career guidance is helpful from the beginning.
TS463-SEM1-02,TS463,1,6,TS463-S02,66.75,57.47,False,54.11,59.57,68.2,63.1,56.83,"Campus has trees and nature, very peaceful."
TS463-SEM1-03,TS463,1,6,TS463-S03,73.31,56.98,False,49.47,53.39,56.3,70.8,48.21,Career guidance is helpful from the beginning.
TS463-SEM1-04,TS463,1,6,TS463-S04,65.38,72.75,False,56.4,52.93,56.7,73.11,52.31,"Campus has trees and nature, very peaceful."
TS463-SEM1-05,TS463,1,6,TS463-S05,76.67,57.47,True,64.87,64.94,61.28,86.43,64.42,"Strictness is moderate, allowing good learning freedom."
TS463-SEM1-06,TS463,1,6,TS463-S06,71.1,73.91,False,56.94,48.74,64.98,62.99,51.78,Excellent labs and digital board infrastructure.
TS463-SEM1-07,TS463,1,6,TS463-S07,62.3,70.84,False,58.59,56.06,59.88,69.05,53.77,Excellent labs and digital board infrastructure.
TS463-SEM1-08,TS463,1,6,TS463-S08,73.83,63.3,False,49.64,33.49,69.67,64.67,52.35,Career guidance is helpful from the beginning.
TS463-SEM1-09,TS463,1,6,TS463-S09,78.68,65.37,True,62.24,68.6,69.21,72.47,71.02,Career guidance is helpful from the beginning.
TS463-SEM1-10,TS463,1,6,TS463-S10,72.23,64.48,False,57.75,48.45,62.73,72.13,57.58,Good focus on practical sessions and mentoring.
TS463-SEM1-11,TS463,1,6,TS463-S11,76.62,69.45,True,68.48,54.75,67.23,70.76,73.57,Good focus on practical sessions and mentoring.
TS463-SEM1-12,TS463,1,6,TS463-S12,79.2,61.99,True,72.19,69.82,62.49,76.26,72.79,Teaching incorporates both fundamentals and modern practical tools.
TS463-SEM1-13,TS463,1,6,TS463-S13,70.33,67.13,False,45.4,54.31,68.19,71.93,53.42,Good focus on practical sessions and mentoring.
TS463-SEM1-14,TS463,1,6,TS463-S14,64.7,58.57,False,57.08,52.3,53.05,70.06,48.94,"Strictness is moderate, allowing good learning freedom."
TS464-SEM1-01,TS464,1,6,TS464-S01,85.48,68.26,True,86.25,88.35,83.77,89.96,80.82,Good focus on practical sessions and mentoring.
TS464-SEM1-02,TS464,1,6,TS464-S02,74.2,72.22,False,77.13,91.04,75.84,83.64,65.81,"Strictness is moderate, allowing good learning freedom."
TS464-SEM1-03,TS464,1,6,TS464-S03,87.13,80.71,True,90.5,83.22,92.23,89.8,88.07,"Campus has trees and nature, very peaceful."
TS464-SEM1-04,TS464,1,6,TS464-S04,75.9,73.71,True,84.66,76.61,80.64,84.81,92.23,"Strictness is moderate, allowing good learning freedom."
TS464-SEM1-05,TS464,1,6,TS464-S05,76.83,91.11,True,88.85,90.77,89.73,91.49,89.42,"Strictness is moderate, allowing good learning freedom."
TS464-SEM1-06,TS464,1,6,TS464-S06,88.47,86.43,True,100.0,75.39,74.01,100.0,94.08,"Strictness is moderate, allowing good learning freedom."
TS464-SEM1-07,TS464,1,6,TS464-S07,83.11,83.1,True,78.01,82.61,81.95,88.53,87.42,Teaching incorporates both fundamentals and modern practical tools.
TS464-SEM1-08,TS464,1,6,TS464-S08,78.47,70.28,True,91.78,88.6,72.73,88.35,85.42,Good focus on practical sessions and mentoring.
TS464-SEM1-09,TS464,1,6,TS464-S09,89.18,66.52,True,92.57,86.94,98.01,86.17,89.35,Good focus on practical sessions and mentoring.
TS464-SEM1-10,TS464,1,6,TS464-S10,75.78,64.65,True,81.85,87.69,85.75,94.27,96.78,Career guidance is helpful from the beginning.
TS464-SEM1-11,TS464,1,6,TS464-S11,85.35,83.35,True,90.29,93.63,79.72,90.53,90.8,Teaching incorporates both fundamentals and modern practical tools.
TS464-SEM1-12,TS464,1,6,TS464-S12,82.25,60.79,True,97.07,97.12,81.97,99.56,88.42,Teaching incorporates both fundamentals and modern practical tools.
TS464-SEM1-13,TS464,1,6,TS464-S13,82.42,86.02,True,85.78,82.05,92.93,93.85,75.43,Teaching incorporates both fundamentals and modern practical tools.
TS464-SEM1-14,TS464,1,6,TS464-S14,84.64,66.99,True,92.0,71.42,89.26,85.37,86.72,Career guidance is helpful from the beginning.
TS465-SEM1-01,TS465,1,6,TS465-S01,75.32,83.09,True,82.77,69.42,75.09,73.42,89.64,Excellent labs and digital board infrastructure.
TS465-SEM1-02,TS465,1,6,TS465-S02,92.94,78.73,False,61.95,53.3,74.83,62.02,65.78,Teaching incorporates both fundamentals and modern practical tools.
TS465-SEM1-03,TS465,1,6,TS465-S03,79.61,67.82,True,91.96,68.02,69.36,69.13,80.14,Teaching incorporates both fundamentals and modern practical tools.
TS465-SEM1-04,TS465,1,6,TS465-S04,89.1,80.06,True,88.2,78.46,79.47,72.88,79.18,Career guidance is helpful from the beginning.
TS465-SEM1-05,TS465,1,6,TS465-S05,84.61,88.71,True,80.28,82.87,86.23,66.08,84.96,Excellent labs and digital board infrastructure.
TS465-SEM1-06,TS465,1,6,TS465-S06,81.81,72.26,True,77.27,67.8,78.06,67.82,77.79,Teaching incorporates both fundamentals and modern practical tools.
TS465-SEM1-07,TS465,1,6,TS465-S07,80.4,93.66,True,79.41,75.81,75.09,61.07,92.78,Teaching incorporates both fundamentals and modern practical tools.
TS465-SEM1-08,TS465,1,6,TS465-S08,71.01,57.86,False,72.23,51.22,75.59,68.7,61.72,"Campus has trees and nature, very peaceful."
TS465-SEM1-09,TS465,1,6,TS465-S09,82.25,74.5,True,78.04,76.36,76.4,73.99,82.98,Excellent labs and digital board infrastructure.
TS465-SEM1-10,TS465,1,6,TS465-S10,84.71,71.12,True,87.04,61.78,80.62,66.37,81.54,Good focus on practical sessions and mentoring.
TS465-SEM1-11,TS465,1,6,TS465-S11,83.88,76.22,True,85.7,79.05,74.94,77.13,89.06,Teaching incorporates both fundamentals and modern practical tools.
TS465-SEM1-12,TS465,1,6,TS465-S12,82.08,69.42,True,91.77,76.14,79.46,73.07,69.92,"Strictness is moderate, allowing good learning freedom."
TS465-SEM1-13,TS465,1,6,TS465-S13,76.5,97.02,True,72.75,74.02,73.77,66.03,77.96,Career guidance is helpful from the beginning.
TS465-SEM1-14,TS465,1,6,TS465-S14,80.97,78.57,True,76.8,85.4,79.45,76.96,85.17,"Campus has trees and nature, very peaceful."
TS466-SEM1-01,TS466,1,6,TS466-S01,72.3,69.64,False,74.04,66.12,65.46,77.96,56.59,Good focus on practical sessions and mentoring.
TS466-SEM1-02,TS466,1,6,TS466-S02,70.58,62.05,False,62.77,77.19,69.88,68.05,60.03,Good focus on practical sessions and mentoring.
TS466-SEM1-03,TS466,1,6,TS466-S03,88.79,47.56,False,51.93,57.03,68.72,78.11,60.63,"Strictness is moderate, allowing good learning freedom."
TS466-SEM1-04,TS466,1,6,TS466-S04,68.62,54.65,False,52.81,79.76,66.19,72.63,65.47,"Campus has trees and nature, very peaceful."
TS466-SEM1-05,TS466,1,6,TS466-S05,80.32,59.74,True,77.07,75.91,71.41,70.72,81.15,Career guidance is helpful from the beginning.
TS466-SEM1-06,TS466,1,6,TS466-S06,79.95,79.52,True,87.76,68.16,74.95,84.57,81.97,"Strictness is moderate, allowing good learning freedom."
TS466-SEM1-07,TS466,1,6,TS466-S07,80.47,51.75,True,75.99,86.07,73.05,79.7,77.91,Good focus on practical sessions and mentoring.
TS466-SEM1-08,TS466,1,6,TS466-S08,74.17,54.49,False,56.49,62.97,62.61,70.08,65.11,Good focus on practical sessions and mentoring.
TS466-SEM1-09,TS466,1,6,TS466-S09,63.97,57.86,False,76.23,52.6,61.62,73.11,53.18,Excellent labs and digital board infrastructure.
TS466-SEM1-10,TS466,1,6,TS466-S10,71.21,78.73,False,59.45,59.8,59.06,66.01,60.0,Good focus on practical sessions and mentoring.
TS466-SEM1-11,TS466,1,6,TS466-S11,84.81,60.13,True,76.91,69.98,62.4,86.95,82.22,Teaching incorporates both fundamentals and modern practical tools.
TS466-SEM1-12,TS466,1,6,TS466-S12,78.66,64.35,True,67.94,77.37,76.78,86.2,81.28,Teaching incorporates both fundamentals and modern practical tools.
TS466-SEM1-13,TS466,1,6,TS466-S13,74.5,64.26,False,54.33,62.21,64.68,76.29,63.77,"Strictness is moderate, allowing good learning freedom."
TS466-SEM1-14,TS466,1,6,TS466-S14,81.04,66.88,True,84.9,67.01,72.75,72.61,73.6,"Campus has trees and nature, very peaceful."
TS467-SEM1-01,TS467,1,6,TS467-S01,70.47,48.12,False,66.06,69.21,77.34,72.61,69.81,"Campus has trees and nature, very peaceful."
TS467-SEM1-02,TS467,1,6,TS467-S02,72.34,64.48,False,64.79,82.21,78.13,58.77,66.15,Career guidance is helpful from the beginning.
TS467-SEM1-03,TS467,1,6,TS467-S03,61.19,56.98,False,65.48,80.46,73.33,72.5,56.94,Career guidance is helpful from the beginning.
TS467-SEM1-04,TS467,1,6,TS467-S04,76.68,79.15,False,62.87,79.59,69.64,63.87,71.57,Excellent labs and digital board infrastructure.
TS467-SEM1-05,TS467,1,6,TS467-S05,86.26,58.75,True,78.26,94.69,72.16,66.88,80.77,"Campus has trees and nature, very peaceful."
TS467-SEM1-06,TS467,1,6,TS467-S06,76.99,64.08,True,72.39,74.81,78.98,73.06,83.03,Excellent labs and digital board infrastructure.
TS467-SEM1-07,TS467,1,6,TS467-S07,72.7,54.41,False,67.4,90.1,73.23,58.16,62.72,Career guidance is helpful from the beginning.
TS467-SEM1-08,TS467,1,6,TS467-S08,68.23,70.81,False,60.05,80.08,68.67,60.51,65.43,Good focus on practical sessions and mentoring.
TS467-SEM1-09,TS467,1,6,TS467-S09,70.67,69.44,False,63.46,69.17,69.36,66.68,67.45,"Strictness is moderate, allowing good learning freedom."
TS467-SEM1-10,TS467,1,6,TS467-S10,70.88,70.43,False,58.35,86.47,73.24,62.52,69.64,Excellent labs and digital board infrastructure.
TS467-SEM1-11,TS467,1,6,TS467-S11,73.87,74.77,False,61.73,73.18,73.14,65.59,57.2,Good focus on practical sessions and mentoring.
TS467-SEM1-12,TS467,1,6,TS467-S12,83.22,79.52,True,76.27,83.32,79.33,80.8,95.62,Excellent labs and digital board infrastructure.
TS467-SEM1-13,TS467,1,6,TS467-S13,70.19,58.44,False,65.4,81.91,66.12,57.0,63.23,Excellent labs and digital board infrastructure.
TS467-SEM1-14,TS467,1,6,TS467-S14,73.86,79.14,False,59.92,87.67,69.88,63.72,56.63,Career guidance is helpful from the beginning.
TS468-SEM1-01,TS468,1,6,TS468-S01,72.23,65.06,False,55.8,39.5,58.62,48.18,49.75,"Strictness is moderate, allowing good learning freedom."
TS468-SEM1-02,TS468,1,6,TS468-S02,65.67,63.97,False,55.93,55.7,52.67,51.73,49.75,"Strictness is moderate, allowing good learning freedom."
TS468-SEM1-03,TS468,1,6,TS468-S03,69.56,65.36,False,49.35,66.46,56.17,65.14,47.44,"Strictness is moderate, allowing good learning freedom."
TS468-SEM1-04,TS468,1,6,TS468-S04,76.41,68.24,True,56.95,75.39,60.84,62.75,66.44,Excellent labs and digital board infrastructure.
TS468-SEM1-05,TS468,1,6,TS468-S05,66.32,68.3,False,51.88,55.66,61.63,60.23,57.82,Career guidance is helpful from the beginning.
TS468-SEM1-06,TS468,1,6,TS468-S06,71.88,46.94,False,46.62,49.42,56.5,68.76,50.88,Excellent labs and digital board infrastructure.
TS468-SEM1-07,TS468,1,6,TS468-S07,70.63,58.97,False,55.21,58.57,59.93,55.4,61.19,"Strictness is moderate, allowing good learning freedom."
TS468-SEM1-08,TS468,1,6,TS468-S08,69.93,55.65,False,59.11,62.46,52.72,63.69,47.81,"Strictness is moderate, allowing good learning freedom."
TS468-SEM1-09,TS468,1,6,TS468-S09,74.51,64.35,False,67.21,66.36,61.27,64.22,43.67,Excellent labs and digital board infrastructure.
TS468-SEM1-10,TS468,1,6,TS468-S10,73.11,57.61,False,51.63,55.93,47.36,57.92,50.57,"Campus has trees and nature, very peaceful."
TS468-SEM1-11,TS468,1,6,TS468-S11,77.55,54.16,True,60.8,62.7,57.3,74.59,71.82,"Campus has trees and nature, very peaceful."
TS468-SEM1-12,TS468,1,6,TS468-S12,88.29,56.69,True,58.66,77.0,61.87,66.12,74.32,Career guidance is helpful from the beginning.
TS468-SEM1-13,TS468,1,6,TS468-S13,79.29,52.2,False,60.49,52.3,57.47,62.86,56.98,Excellent labs and digital board infrastructure.
TS468-SEM1-14,TS468,1,6,TS468-S14,76.01,59.57,True,70.16,66.62,71.82,70.08,65.11,Good focus on practical sessions and mentoring.
TS469-SEM1-01,TS469,1,6,TS469-S01,59.81,57.55,False,54.71,75.85,63.63,52.92,52.3,Teaching incorporates both fundamentals and modern practical tools.
TS469-SEM1-02,TS469,1,6,TS469-S02,69.31,55.89,False,56.34,59.21,55.45,48.44,43.47,Career guidance is helpful from the beginning.
TS469-SEM1-03,TS469,1,6,TS469-S03,66.6,67.13,False,54.69,71.28,49.59,69.06,47.0,"Campus has trees and nature, very peaceful."
TS469-SEM1-04,TS469,1,6,TS469-S04,72.47,60.83,False,51.82,62.97,59.49,57.04,48.74,"Campus has trees and nature, very peaceful."
TS469-SEM1-05,TS469,1,6,TS469-S05,66.53,68.78,False,51.9,51.18,48.08,59.47,54.83,Career guidance is helpful from the beginning.
TS469-SEM1-06,TS469,1,6,TS469-S06,81.52,49.06,False,55.91,63.78,61.22,61.36,46.63,"Campus has trees and nature, very peaceful."
TS469-SEM1-07,TS469,1,6,TS469-S07,76.72,36.23,False,44.35,50.44,50.94,49.39,45.48,Good focus on practical sessions and mentoring.
TS469-SEM1-08,TS469,1,6,TS469-S08,68.68,59.36,False,52.0,47.39,52.04,57.96,39.03,"Campus has trees and nature, very peaceful."
TS469-SEM1-09,TS469,1,6,TS469-S09,71.56,64.39,False,54.85,46.84,53.54,65.95,39.62,Teaching incorporates both fundamentals and modern practical tools.
TS469-SEM1-10,TS469,1,6,TS469-S10,71.96,46.77,False,47.72,50.96,56.17,56.74,41.92,Teaching incorporates both fundamentals and modern practical tools.
TS469-SEM1-11,TS469,1,6,TS469-S11,81.14,63.78,True,57.73,64.25,66.3,61.01,66.27,Excellent labs and digital board infrastructure.
TS469-SEM1-12,TS469,1,6,TS469-S12,71.61,38.37,False,49.89,54.04,53.47,54.19,41.86,Good focus on practical sessions and mentoring.
TS469-SEM1-13,TS469,1,6,TS469-S13,67.12,56.73,False,53.94,52.92,54.85,59.71,45.6,"Campus has trees and nature, very peaceful."
TS469-SEM1-14,TS469,1,6,TS469-S14,77.83,58.25,True,70.93,68.49,49.34,49.55,74.27,"Campus has trees and nature, very peaceful."
TS470-SEM1-01,TS470,1,6,TS470-S01,74.41,81.91,False,67.74,69.98,60.9,61.65,57.14,Career guidance is helpful from the beginning.
TS470-SEM1-02,TS470,1,6,TS470-S02,72.11,57.91,False,64.07,64.72,63.83,77.85,58.36,Excellent labs and digital board infrastructure.
TS470-SEM1-03,TS470,1,6,TS470-S03,63.87,72.24,False,61.1,61.92,59.06,76.27,66.29,Teaching incorporates both fundamentals and modern practical tools.
TS470-SEM1-04,TS470,1,6,TS470-S04,67.97,64.98,False,62.47,50.15,63.62,58.26,57.75,"Strictness is moderate, allowing good learning freedom."
TS470-SEM1-05,TS470,1,6,TS470-S05,85.58,47.51,False,71.1,78.31,63.81,71.79,56.42,Career guidance is helpful from the beginning.
TS470-SEM1-06,TS470,1,6,TS470-S06,69.32,64.03,False,55.19,67.88,64.05,62.3,61.39,Career guidance is helpful from the beginning.
TS470-SEM1-07,TS470,1,6,TS470-S07,76.41,73.23,True,80.01,91.43,70.99,76.42,79.23,"Campus has trees and nature, very peaceful."
TS470-SEM1-08,TS470,1,6,TS470-S08,59.01,48.34,False,56.53,61.37,64.4,70.31,50.97,Teaching incorporates both fundamentals and modern practical tools.
TS470-SEM1-09,TS470,1,6,TS470-S09,78.91,65.33,False,62.78,59.17,62.65,62.21,46.82,Career guidance is helpful from the beginning.
TS470-SEM1-10,TS470,1,6,TS470-S10,70.58,79.25,False,56.43,51.64,66.66,65.83,60.03,"Campus has trees and nature, very peaceful."
TS470-SEM1-11,TS470,1,6,TS470-S11,75.96,56.93,True,73.63,58.35,68.22,70.72,68.3,Excellent labs and digital board infrastructure.
TS470-SEM1-12,TS470,1,6,TS470-S12,66.92,68.71,False,59.92,49.25,58.28,68.79,57.82,Good focus on practical sessions and mentoring.
TS470-SEM1-13,TS470,1,6,TS470-S13,70.08,69.53,False,62.05,59.52,60.46,67.49,47.42,Teaching incorporates both fundamentals and modern practical tools.
TS470-SEM1-14,TS470,1,6,TS470-S14,73.75,49.44,False,67.1,50.4,65.69,56.76,54.61,Excellent labs and digital board infrastructure.
TS471-SEM1-01,TS471,1,6,TS471-S01,78.2,54.29,True,45.48,25.08,40.39,62.95,59.66,"Campus has trees and nature, very peaceful."
TS471-SEM1-02,TS471,1,6,TS471-S02,64.33,71.31,False,23.57,34.12,39.81,56.9,45.18,Good focus on practical sessions and mentoring.
TS471-SEM1-03,TS471,1,6,TS471-S03,69.22,61.32,False,44.39,60.35,48.08,43.32,40.52,Career guidance is helpful from the beginning.
TS471-SEM1-04,TS471,1,6,TS471-S04,68.12,76.01,False,41.94,34.19,47.67,53.75,38.14,Excellent labs and digital board infrastructure.
TS471-SEM1-05,TS471,1,6,TS471-S05,72.18,56.76,False,41.85,59.98,51.69,49.47,25.62,Career guidance is helpful from the beginning.
TS471-SEM1-06,TS471,1,6,TS471-S06,68.71,63.46,False,39.86,49.56,45.78,55.03,32.98,Career guidance is helpful from the beginning.
TS471-SEM1-07,TS471,1,6,TS471-S07,68.86,51.19,False,39.7,49.29,47.49,35.53,38.5,Good focus on practical sessions and mentoring.
TS471-SEM1-08,TS471,1,6,TS471-S08,65.75,67.9,False,31.85,48.25,38.91,46.82,40.16,Good focus on practical sessions and mentoring.
TS471-SEM1-09,TS471,1,6,TS471-S09,68.69,71.59,False,42.6,41.48,39.88,58.24,40.29,"Strictness is moderate, allowing good learning freedom."
TS471-SEM1-10,TS471,1,6,TS471-S10,81.85,44.57,False,36.41,38.73,44.71,44.89,32.1,"Strictness is moderate, allowing good learning freedom."
TS471-SEM1-11,TS471,1,6,TS471-S11,72.25,43.24,False,26.07,41.45,55.41,51.26,34.26,"Strictness is moderate, allowing good learning freedom."
TS471-SEM1-12,TS471,1,6,TS471-S12,74.59,67.78,False,37.38,36.96,34.3,55.98,33.79,Career guidance is helpful from the beginning.
TS471-SEM1-13,TS471,1,6,TS471-S13,74.85,72.57,False,36.3,30.65,41.01,49.65,38.62,Career guidance is helpful from the beginning.
TS471-SEM1-14,TS471,1,6,TS471-S14,68.57,55.77,False,35.83,45.34,46.64,64.58,45.79,Good focus on practical sessions and mentoring.
TS472-SEM1-01,TS472,1,6,TS472-S01,66.62,52.28,False,62.3,71.05,58.71,56.99,45.55,"Campus has trees and nature, very peaceful."
TS472-SEM1-02,TS472,1,6,TS472-S02,69.16,56.2,False,49.05,59.81,54.5,65.63,44.34,Teaching incorporates both fundamentals and modern practical tools.
TS472-SEM1-03,TS472,1,6,TS472-S03,74.11,64.26,False,52.88,69.28,59.46,60.47,56.83,Career guidance is helpful from the beginning.
TS472-SEM1-04,TS472,1,6,TS472-S04,57.02,83.51,False,60.32,77.76,52.96,60.34,52.92,"Strictness is moderate, allowing good learning freedom."
TS472-SEM1-05,TS472,1,6,TS472-S05,69.59,63.51,False,54.93,54.45,61.09,63.9,48.0,Good focus on practical sessions and mentoring.
TS472-SEM1-06,TS472,1,6,TS472-S06,64.05,63.04,False,48.45,66.42,53.55,69.09,48.08,Excellent labs and digital board infrastructure.
TS472-SEM1-07,TS472,1,6,TS472-S07,66.64,62.24,False,43.93,57.34,49.24,61.38,56.16,Excellent labs and digital board infrastructure.
TS472-SEM1-08,TS472,1,6,TS472-S08,69.42,74.54,False,48.42,60.54,61.99,64.4,53.8,"Strictness is moderate, allowing good learning freedom."
TS472-SEM1-09,TS472,1,6,TS472-S09,78.66,61.49,True,63.43,89.68,62.27,65.83,70.57,"Strictness is moderate, allowing good learning freedom."
TS472-SEM1-10,TS472,1,6,TS472-S10,76.0,68.57,True,78.12,87.15,70.78,67.98,75.76,"Campus has trees and nature, very peaceful."
TS472-SEM1-11,TS472,1,6,TS472-S11,73.57,64.5,False,57.71,68.62,62.64,47.2,51.07,"Campus has trees and nature, very peaceful."
TS472-SEM1-12,TS472,1,6,TS472-S12,64.67,71.31,False,48.04,62.01,62.2,67.96,55.93,"Strictness is moderate, allowing good learning freedom."
TS472-SEM1-13,TS472,1,6,TS472-S13,76.52,50.13,True,59.48,65.82,65.31,73.14,74.53,"Strictness is moderate, allowing good learning freedom."
TS472-SEM1-14,TS472,1,6,TS472-S14,60.89,61.64,False,51.87,45.73,61.67,64.92,48.48,Excellent labs and digital board infrastructure.
TS473-SEM1-01,TS473,1,6,TS473-S01,79.03,56.82,True,76.6,48.77,69.25,79.25,73.99,"Campus has trees and nature, very peaceful."
TS473-SEM1-02,TS473,1,6,TS473-S02,81.12,47.66,False,50.92,68.17,67.04,61.14,61.12,Career guidance is helpful from the beginning.
TS473-SEM1-03,TS473,1,6,TS473-S03,68.44,50.74,False,61.1,56.81,64.86,62.54,55.1,Good focus on practical sessions and mentoring.
TS473-SEM1-04,TS473,1,6,TS473-S04,83.31,51.62,True,72.22,71.57,70.01,74.78,76.34,Teaching incorporates both fundamentals and modern practical tools.
TS473-SEM1-05,TS473,1,6,TS473-S05,68.1,51.73,False,54.16,52.6,66.17,60.8,58.75,Good focus on practical sessions and mentoring.
TS473-SEM1-06,TS473,1,6,TS473-S06,63.73,58.84,False,61.67,67.43,55.35,70.7,63.98,Good focus on practical sessions and mentoring.
TS473-SEM1-07,TS473,1,6,TS473-S07,78.11,74.65,True,67.99,69.79,71.28,64.55,77.72,"Campus has trees and nature, very peaceful."
TS473-SEM1-08,TS473,1,6,TS473-S08,80.46,70.95,True,58.13,56.82,69.31,72.15,67.67,Teaching incorporates both fundamentals and modern practical tools.
TS473-SEM1-09,TS473,1,6,TS473-S09,72.58,69.11,False,58.39,54.14,55.36,65.93,53.5,"Strictness is moderate, allowing good learning freedom."
TS473-SEM1-10,TS473,1,6,TS473-S10,81.88,63.77,True,77.77,66.19,72.13,64.42,70.77,Career guidance is helpful from the beginning.
TS473-SEM1-11,TS473,1,6,TS473-S11,66.53,57.11,False,71.13,51.88,65.84,59.94,51.1,Excellent labs and digital board infrastructure.
TS473-SEM1-12,TS473,1,6,TS473-S12,76.75,56.97,True,79.27,67.01,70.9,68.13,74.31,Career guidance is helpful from the beginning.
TS473-SEM1-13,TS473,1,6,TS473-S13,64.08,70.58,False,60.11,65.62,63.35,67.63,57.53,"Campus has trees and nature, very peaceful."
TS473-SEM1-14,TS473,1,6,TS473-S14,80.23,52.94,True,83.5,75.72,79.1,71.97,73.39,"Strictness is moderate, allowing good learning freedom."
TS474-SEM1-01,TS474,1,6,TS474-S01,68.75,70.98,False,38.56,39.08,23.34,36.17,34.21,Excellent labs and digital board infrastructure.
TS474-SEM1-02,TS474,1,6,TS474-S02,71.02,59.77,False,37.61,41.79,38.99,29.15,24.41,Career guidance is helpful from the beginning.
TS474-SEM1-03,TS474,1,6,TS474-S03,74.36,41.2,False,41.84,34.99,32.48,34.89,36.04,Good focus on practical sessions and mentoring.
TS474-SEM1-04,TS474,1,6,TS474-S04,64.44,42.77,False,26.04,36.27,44.01,45.38,27.82,"Campus has trees and nature, very peaceful."
TS474-SEM1-05,TS474,1,6,TS474-S05,73.7,65.48,False,33.33,18.15,34.43,42.82,39.33,Teaching incorporates both fundamentals and modern practical tools.
TS474-SEM1-06,TS474,1,6,TS474-S06,74.39,72.93,False,37.3,30.86,29.32,44.87,39.26,Good focus on practical sessions and mentoring.
TS474-SEM1-07,TS474,1,6,TS474-S07,69.47,73.92,False,32.9,22.86,36.23,34.67,32.21,Teaching incorporates both fundamentals and modern practical tools.
TS474-SEM1-08,TS474,1,6,TS474-S08,74.4,55.55,False,24.15,30.24,43.75,31.03,33.62,Excellent labs and digital board infrastructure.
TS474-SEM1-09,TS474,1,6,TS474-S09,75.59,56.48,True,49.56,43.68,40.48,47.91,56.13,Teaching incorporates both fundamentals and modern practical tools.
TS474-SEM1-10,TS474,1,6,TS474-S10,79.44,63.29,True,48.05,41.99,37.98,43.86,46.25,Good focus on practical sessions and mentoring.
TS474-SEM1-11,TS474,1,6,TS474-S11,70.11,72.76,False,30.63,31.73,38.38,31.73,28.31,Teaching incorporates both fundamentals and modern practical tools.
TS474-SEM1-12,TS474,1,6,TS474-S12,63.78,68.23,False,33.39,50.45,27.83,43.9,21.23,"Campus has trees and nature, very peaceful."
TS474-SEM1-13,TS474,1,6,TS474-S13,66.03,40.54,False,32.41,36.08,34.39,24.97,27.34,"Campus has trees and nature, very peaceful."
TS474-SEM1-14,TS474,1,6,TS474-S14,72.78,52.85,False,31.83,42.55,33.13,31.55,29.6,Good focus on practical sessions and mentoring.
TS475-SEM1-01,TS475,1,6,TS475-S01,76.75,58.64,True,72.73,70.02,62.24,64.09,79.67,"Strictness is moderate, allowing good learning freedom."
TS475-SEM1-02,TS475,1,6,TS475-S02,71.94,59.59,False,49.75,63.64,71.02,60.75,55.35,Career guidance is helpful from the beginning.
TS475-SEM1-03,TS475,1,6,TS475-S03,76.49,74.65,True,75.22,61.96,75.12,65.17,72.52,"Strictness is moderate, allowing good learning freedom."
TS475-SEM1-04,TS475,1,6,TS475-S04,66.16,67.42,False,64.9,59.76,66.37,67.12,58.99,Teaching incorporates both fundamentals and modern practical tools.
TS475-SEM1-05,TS475,1,6,TS475-S05,72.0,60.48,False,55.22,71.19,68.85,61.31,54.93,Good focus on practical sessions and mentoring.
TS475-SEM1-06,TS475,1,6,TS475-S06,74.95,52.97,False,66.7,74.23,65.64,57.95,56.2,Teaching incorporates both fundamentals and modern practical tools.
TS475-SEM1-07,TS475,1,6,TS475-S07,61.56,54.34,False,63.56,58.91,75.09,57.54,52.52,Good focus on practical sessions and mentoring.
TS475-SEM1-08,TS475,1,6,TS475-S08,74.02,65.82,False,67.35,63.05,58.71,57.02,63.17,Teaching incorporates both fundamentals and modern practical tools.
TS475-SEM1-09,TS475,1,6,TS475-S09,81.85,56.04,True,81.45,80.98,67.21,60.4,71.77,Career guidance is helpful from the beginning.
TS475-SEM1-10,TS475,1,6,TS475-S10,76.94,46.81,False,60.21,61.96,59.36,57.44,61.4,Good focus on practical sessions and mentoring.
TS475-SEM1-11,TS475,1,6,TS475-S11,75.03,72.08,True,62.92,76.35,69.95,64.42,65.12,"Campus has trees and nature, very peaceful."
TS475-SEM1-12,TS475,1,6,TS475-S12,77.01,32.22,False,63.26,70.2,66.03,59.96,45.64,Career guidance is helpful from the beginning.
TS475-SEM1-13,TS475,1,6,TS475-S13,62.19,53.36,False,70.07,72.51,62.1,56.66,57.67,"Campus has trees and nature, very peaceful."
TS475-SEM1-14,TS475,1,6,TS475-S14,76.9,64.71,True,81.59,78.71,67.48,69.46,81.08,Career guidance is helpful from the beginning.
TS476-SEM1-01,TS476,1,6,TS476-S01,69.27,62.23,False,55.37,55.24,54.58,50.58,50.05,"Campus has trees and nature, very peaceful."
TS476-SEM1-02,TS476,1,6,TS476-S02,73.1,58.98,False,47.68,70.17,54.44,49.19,48.92,Career guidance is helpful from the beginning.
TS476-SEM1-03,TS476,1,6,TS476-S03,77.18,67.69,True,62.38,60.12,70.51,57.92,76.25,"Strictness is moderate, allowing good learning freedom."
TS476-SEM1-04,TS476,1,6,TS476-S04,72.21,54.01,False,44.15,56.72,65.83,59.25,54.43,Teaching incorporates both fundamentals and modern practical tools.
TS476-SEM1-05,TS476,1,6,TS476-S05,73.58,71.22,False,61.81,29.46,56.85,53.5,53.39,"Campus has trees and nature, very peaceful."
TS476-SEM1-06,TS476,1,6,TS476-S06,69.62,66.45,False,56.45,37.21,47.57,61.75,48.29,Teaching incorporates both fundamentals and modern practical tools.
TS476-SEM1-07,TS476,1,6,TS476-S07,82.31,70.52,True,63.66,64.46,63.22,63.17,64.91,Good focus on practical sessions and mentoring.
TS476-SEM1-08,TS476,1,6,TS476-S08,74.07,62.2,False,58.98,52.15,55.3,58.04,54.26,Teaching incorporates both fundamentals and modern practical tools.
TS476-SEM1-09,TS476,1,6,TS476-S09,72.01,74.28,False,47.93,59.81,52.35,61.13,42.17,"Campus has trees and nature, very peaceful."
TS476-SEM1-10,TS476,1,6,TS476-S10,70.21,71.54,False,51.96,51.71,59.76,43.19,53.86,Career guidance is helpful from the beginning.
TS476-SEM1-11,TS476,1,6,TS476-S11,66.18,71.23,False,53.7,54.49,52.34,61.79,52.1,Teaching incorporates both fundamentals and modern practical tools.
TS476-SEM1-12,TS476,1,6,TS476-S12,62.69,56.42,False,58.17,53.2,61.74,54.71,58.23,Excellent labs and digital board infrastructure.
TS476-SEM1-13,TS476,1,6,TS476-S13,80.13,43.92,False,57.66,64.21,60.57,56.64,45.55,Career guidance is helpful from the beginning.
TS476-SEM1-14,TS476,1,6,TS476-S14,69.81,56.36,False,59.41,60.08,57.35,51.19,41.54,Good focus on practical sessions and mentoring.
TS477-SEM1-01,TS477,1,6,TS477-S01,76.27,54.41,True,67.86,72.29,68.86,66.79,73.1,Good focus on practical sessions and mentoring.
TS477-SEM1-02,TS477,1,6,TS477-S02,66.93,64.34,False,44.28,64.16,61.59,67.49,54.22,"Campus has trees and nature, very peaceful."
TS477-SEM1-03,TS477,1,6,TS477-S03,71.78,68.05,False,45.9,47.4,54.55,72.13,60.37,Career guidance is helpful from the beginning.
TS477-SEM1-04,TS477,1,6,TS477-S04,73.03,71.45,False,48.95,52.52,54.83,71.25,55.54,Teaching incorporates both fundamentals and modern practical tools.
TS477-SEM1-05,TS477,1,6,TS477-S05,69.99,58.97,False,57.69,53.04,54.34,70.43,61.33,Teaching incorporates both fundamentals and modern practical tools.
TS477-SEM1-06,TS477,1,6,TS477-S06,77.28,80.98,True,70.55,64.12,63.64,70.19,76.71,"Strictness is moderate, allowing good learning freedom."
TS477-SEM1-07,TS477,1,6,TS477-S07,62.27,70.9,False,51.84,49.81,53.43,72.74,50.38,Good focus on practical sessions and mentoring.
TS477-SEM1-08,TS477,1,6,TS477-S08,72.03,42.14,False,41.82,42.53,62.22,81.13,50.89,Career guidance is helpful from the beginning.
TS477-SEM1-09,TS477,1,6,TS477-S09,76.46,65.47,True,75.44,57.21,66.17,84.58,74.51,Career guidance is helpful from the beginning.
TS477-SEM1-10,TS477,1,6,TS477-S10,76.6,61.67,True,59.68,56.12,72.75,85.97,78.12,Good focus on practical sessions and mentoring.
TS477-SEM1-11,TS477,1,6,TS477-S11,71.08,52.22,False,53.09,72.6,54.02,71.4,58.3,"Strictness is moderate, allowing good learning freedom."
TS477-SEM1-12,TS477,1,6,TS477-S12,72.48,58.12,False,58.74,53.28,60.59,57.95,43.45,Teaching incorporates both fundamentals and modern practical tools.
TS477-SEM1-13,TS477,1,6,TS477-S13,70.6,75.34,False,53.22,56.68,59.46,69.97,44.16,Good focus on practical sessions and mentoring.
TS477-SEM1-14,TS477,1,6,TS477-S14,76.13,64.66,True,61.52,79.31,63.06,88.02,59.66,Career guidance is helpful from the beginning.
TS478-SEM1-01,TS478,1,6,TS478-S01,72.39,66.76,False,65.68,59.37,65.02,63.99,54.12,"Strictness is moderate, allowing good learning freedom."
TS478-SEM1-02,TS478,1,6,TS478-S02,60.4,55.67,False,68.93,74.59,68.1,76.27,63.31,Teaching incorporates both fundamentals and modern practical tools.
TS478-SEM1-03,TS478,1,6,TS478-S03,73.04,37.64,False,74.85,61.6,64.2,79.0,60.06,Excellent labs and digital board infrastructure.
TS478-SEM1-04,TS478,1,6,TS478-S04,87.11,53.69,True,73.79,74.06,67.86,73.46,83.71,"Strictness is moderate, allowing good learning freedom."
TS478-SEM1-05,TS478,1,6,TS478-S05,75.11,66.23,True,65.64,65.88,70.28,76.62,78.84,Good focus on practical sessions and mentoring.
TS478-SEM1-06,TS478,1,6,TS478-S06,78.13,76.7,True,70.19,79.09,73.18,80.04,83.29,Career guidance is helpful from the beginning.
TS478-SEM1-07,TS478,1,6,TS478-S07,69.67,76.56,False,52.71,69.09,62.01,71.58,60.91,Career guidance is helpful from the beginning.
TS478-SEM1-08,TS478,1,6,TS478-S08,69.9,55.59,False,56.16,65.55,68.43,81.16,57.98,"Strictness is moderate, allowing good learning freedom."
TS478-SEM1-09,TS478,1,6,TS478-S09,62.79,66.72,False,50.82,76.07,69.05,64.19,51.34,"Campus has trees and nature, very peaceful."
TS478-SEM1-10,TS478,1,6,TS478-S10,66.83,67.31,False,56.65,69.21,69.95,66.81,63.68,"Campus has trees and nature, very peaceful."
TS478-SEM1-11,TS478,1,6,TS478-S11,79.25,67.66,True,71.89,89.5,67.35,74.58,81.95,Good focus on practical sessions and mentoring.
TS478-SEM1-12,TS478,1,6,TS478-S12,69.74,59.0,False,53.09,59.5,77.33,68.08,65.66,"Strictness is moderate, allowing good learning freedom."
TS478-SEM1-13,TS478,1,6,TS478-S13,69.0,51.34,False,56.59,69.06,54.35,80.46,61.65,"Strictness is moderate, allowing good learning freedom."
TS478-SEM1-14,TS478,1,6,TS478-S14,69.76,54.06,False,58.13,72.46,57.37,69.91,64.91,Teaching incorporates both fundamentals and modern practical tools.
TS479-SEM1-01,TS479,1,6,TS479-S01,79.7,69.74,True,68.89,67.26,62.32,52.97,65.05,"Strictness is moderate, allowing good learning freedom."
TS479-SEM1-02,TS479,1,6,TS479-S02,71.17,55.07,False,55.48,42.29,68.18,51.32,49.39,Excellent labs and digital board infrastructure.
TS479-SEM1-03,TS479,1,6,TS479-S03,73.29,73.68,False,59.07,51.9,53.92,55.46,42.21,Excellent labs and digital board infrastructure.
TS479-SEM1-04,TS479,1,6,TS479-S04,72.2,61.73,False,49.11,52.35,54.74,62.72,41.01,Teaching incorporates both fundamentals and modern practical tools.
TS479-SEM1-05,TS479,1,6,TS479-S05,75.7,77.61,True,63.97,69.01,63.96,70.41,71.07,"Campus has trees and nature, very peaceful."
TS479-SEM1-06,TS479,1,6,TS479-S06,72.82,52.03,False,46.9,66.93,48.64,61.14,51.27,Career guidance is helpful from the beginning.
TS479-SEM1-07,TS479,1,6,TS479-S07,75.67,71.29,False,48.43,69.91,62.91,66.71,49.79,"Strictness is moderate, allowing good learning freedom."
TS479-SEM1-08,TS479,1,6,TS479-S08,68.54,63.37,False,48.27,64.18,55.0,61.53,46.88,"Campus has trees and nature, very peaceful."
TS479-SEM1-09,TS479,1,6,TS479-S09,57.03,75.12,False,48.66,63.12,51.35,67.76,44.37,Good focus on practical sessions and mentoring.
TS479-SEM1-10,TS479,1,6,TS479-S10,71.57,62.16,False,39.99,58.66,57.18,60.55,58.63,"Campus has trees and nature, very peaceful."
TS479-SEM1-11,TS479,1,6,TS479-S11,66.65,44.75,False,41.9,56.05,59.04,59.08,44.58,Teaching incorporates both fundamentals and modern practical tools.
TS479-SEM1-12,TS479,1,6,TS479-S12,80.98,60.84,True,69.04,70.54,61.23,74.76,64.52,"Strictness is moderate, allowing good learning freedom."
TS479-SEM1-13,TS479,1,6,TS479-S13,73.68,52.24,False,44.82,51.59,56.51,53.97,46.56,Good focus on practical sessions and mentoring.
TS479-SEM1-14,TS479,1,6,TS479-S14,70.66,61.47,False,44.46,53.72,47.28,57.79,46.9,Teaching incorporates both fundamentals and modern practical tools.
TS480-SEM1-01,TS480,1,6,TS480-S01,71.54,71.36,False,57.45,59.35,67.48,66.85,58.47,Good focus on practical sessions and mentoring.
TS480-SEM1-02,TS480,1,6,TS480-S02,77.37,68.77,True,64.99,76.81,70.01,79.52,69.41,"Strictness is moderate, allowing good learning freedom."
TS480-SEM1-03,TS480,1,6,TS480-S03,77.63,53.6,True,80.59,75.26,73.92,77.11,70.89,Career guidance is helpful from the beginning.
TS480-SEM1-04,TS480,1,6,TS480-S04,79.95,72.95,True,54.42,80.19,62.89,79.77,73.35,"Campus has trees and nature, very peaceful."
TS480-SEM1-05,TS480,1,6,TS480-S05,74.88,51.93,False,61.02,48.49,65.07,69.55,62.58,Teaching incorporates both fundamentals and modern practical tools.
TS480-SEM1-06,TS480,1,6,TS480-S06,69.13,64.83,False,58.61,65.77,66.95,74.86,53.13,Good focus on practical sessions and mentoring.
TS480-SEM1-07,TS480,1,6,TS480-S07,71.45,64.84,False,71.91,78.0,58.19,65.89,46.5,"Campus has trees and nature, very peaceful."
TS480-SEM1-08,TS480,1,6,TS480-S08,85.18,65.18,True,73.09,72.11,77.64,70.3,71.34,Excellent labs and digital board infrastructure.
TS480-SEM1-09,TS480,1,6,TS480-S09,70.56,62.1,False,64.32,62.3,60.77,67.3,59.87,Teaching incorporates both fundamentals and modern practical tools.
TS480-SEM1-10,TS480,1,6,TS480-S10,75.96,71.99,True,70.75,64.95,77.82,73.96,73.17,Career guidance is helpful from the beginning.
TS480-SEM1-11,TS480,1,6,TS480-S11,73.0,78.14,False,55.44,66.87,62.71,70.25,63.05,Good focus on practical sessions and mentoring.
TS480-SEM1-12,TS480,1,6,TS480-S12,79.3,56.7,True,76.41,75.36,78.17,72.32,80.86,Teaching incorporates both fundamentals and modern practical tools.
TS480-SEM1-13,TS480,1,6,TS480-S13,72.94,73.84,False,63.45,60.93,69.35,66.17,56.99,Teaching incorporates both fundamentals and modern practical tools.
TS480-SEM1-14,TS480,1,6,TS480-S14,67.49,55.73,False,44.58,58.05,64.62,74.14,54.39,Excellent labs and digital board infrastructure.
TS481-SEM1-01,TS481,1,6,TS481-S01,84.17,92.61,True,79.16,93.37,86.4,81.94,82.21,"Strictness is moderate, allowing good learning freedom."
TS481-SEM1-02,TS481,1,6,TS481-S02,73.22,74.05,False,63.18,83.18,78.45,82.89,73.58,Career guidance is helpful from the beginning.
TS481-SEM1-03,TS481,1,6,TS481-S03,86.16,80.79,True,88.42,87.1,72.78,84.94,95.37,"Strictness is moderate, allowing good learning freedom."
TS481-SEM1-04,TS481,1,6,TS481-S04,87.18,75.89,True,80.9,77.53,81.74,79.42,91.58,Excellent labs and digital board infrastructure.
TS481-SEM1-05,TS481,1,6,TS481-S05,78.91,61.96,True,87.0,75.06,85.63,87.87,85.69,Good focus on practical sessions and mentoring.
TS481-SEM1-06,TS481,1,6,TS481-S06,94.72,67.95,True,90.61,87.18,76.23,79.7,90.1,"Campus has trees and nature, very peaceful."
TS481-SEM1-07,TS481,1,6,TS481-S07,80.42,75.72,True,82.39,91.84,81.66,87.41,94.91,Teaching incorporates both fundamentals and modern practical tools.
TS481-SEM1-08,TS481,1,6,TS481-S08,76.02,87.3,True,90.89,86.1,83.0,76.58,84.95,Good focus on practical sessions and mentoring.
TS481-SEM1-09,TS481,1,6,TS481-S09,70.77,68.62,False,69.86,68.83,80.62,72.67,68.75,Good focus on practical sessions and mentoring.
TS481-SEM1-10,TS481,1,6,TS481-S10,80.13,77.23,True,72.39,97.12,84.14,79.82,90.57,Career guidance is helpful from the beginning.
TS481-SEM1-11,TS481,1,6,TS481-S11,73.34,68.13,False,73.63,75.96,72.04,73.26,74.56,Teaching incorporates both fundamentals and modern practical tools.
TS481-SEM1-12,TS481,1,6,TS481-S12,79.72,85.02,True,90.03,83.55,83.86,83.2,82.46,"Strictness is moderate, allowing good learning freedom."
TS481-SEM1-13,TS481,1,6,TS481-S13,73.69,70.92,False,73.59,76.77,80.32,72.65,71.82,Excellent labs and digital board infrastructure.
TS481-SEM1-14,TS481,1,6,TS481-S14,80.19,83.17,True,85.93,90.66,83.42,70.94,81.38,"Campus has trees and nature, very peaceful."
TS482-SEM1-01,TS482,1,6,TS482-S01,74.46,56.22,False,64.04,67.08,59.97,65.11,53.96,"Strictness is moderate, allowing good learning freedom."
TS482-SEM1-02,TS482,1,6,TS482-S02,73.08,49.97,False,53.9,71.65,61.4,58.06,55.21,Teaching incorporates both fundamentals and modern practical tools.
TS482-SEM1-03,TS482,1,6,TS482-S03,71.71,56.6,False,54.83,63.08,60.21,60.28,57.8,Teaching incorporates both fundamentals and modern practical tools.
TS482-SEM1-04,TS482,1,6,TS482-S04,79.91,68.93,False,53.64,72.88,64.96,63.74,55.64,"Campus has trees and nature, very peaceful."
TS482-SEM1-05,TS482,1,6,TS482-S05,70.44,65.42,False,49.41,63.85,71.45,55.53,55.58,"Strictness is moderate, allowing good learning freedom."
TS482-SEM1-06,TS482,1,6,TS482-S06,70.78,77.03,False,50.55,70.83,59.66,53.61,47.28,Good focus on practical sessions and mentoring.
TS482-SEM1-07,TS482,1,6,TS482-S07,82.29,69.23,True,64.1,70.27,71.15,63.74,69.09,"Strictness is moderate, allowing good learning freedom."
TS482-SEM1-08,TS482,1,6,TS482-S08,71.52,74.68,False,61.23,50.98,56.4,56.72,56.33,Excellent labs and digital board infrastructure.
TS482-SEM1-09,TS482,1,6,TS482-S09,79.85,61.9,True,58.53,72.25,72.15,75.84,66.96,Teaching incorporates both fundamentals and modern practical tools.
TS482-SEM1-10,TS482,1,6,TS482-S10,70.97,44.38,False,56.43,73.77,66.27,57.21,54.36,Good focus on practical sessions and mentoring.
TS482-SEM1-11,TS482,1,6,TS482-S11,87.6,59.82,True,68.27,63.68,70.85,68.39,76.72,Career guidance is helpful from the beginning.
TS482-SEM1-12,TS482,1,6,TS482-S12,76.64,56.03,True,78.56,71.66,65.84,70.47,69.67,Good focus on practical sessions and mentoring.
TS482-SEM1-13,TS482,1,6,TS482-S13,65.12,51.49,False,73.86,73.47,64.76,51.87,58.14,"Campus has trees and nature, very peaceful."
TS482-SEM1-14,TS482,1,6,TS482-S14,82.16,65.6,True,74.86,74.15,69.34,58.71,69.84,Excellent labs and digital board infrastructure.
TS483-SEM1-01,TS483,1,6,TS483-S01,90.28,68.42,True,85.29,100.0,81.14,78.94,90.52,"Strictness is moderate, allowing good learning freedom."
TS483-SEM1-02,TS483,1,6,TS483-S02,79.34,66.39,True,82.44,87.79,87.07,82.76,81.04,"Campus has trees and nature, very peaceful."
TS483-SEM1-03,TS483,1,6,TS483-S03,84.98,52.43,True,82.12,82.56,78.56,87.4,83.43,Career guidance is helpful from the beginning.
TS483-SEM1-04,TS483,1,6,TS483-S04,86.9,77.7,False,71.85,81.53,86.65,84.98,63.0,"Strictness is moderate, allowing good learning freedom."
TS483-SEM1-05,TS483,1,6,TS483-S05,71.68,68.22,False,55.39,84.71,70.19,74.23,68.63,Good focus on practical sessions and mentoring.
TS483-SEM1-06,TS483,1,6,TS483-S06,79.78,78.94,True,82.1,99.71,83.22,94.44,85.36,Teaching incorporates both fundamentals and modern practical tools.
TS483-SEM1-07,TS483,1,6,TS483-S07,71.14,68.16,False,57.95,86.73,71.72,86.4,70.83,"Strictness is moderate, allowing good learning freedom."
TS483-SEM1-08,TS483,1,6,TS483-S08,81.25,92.46,True,82.13,92.86,85.71,88.53,80.31,Career guidance is helpful from the beginning.
TS483-SEM1-09,TS483,1,6,TS483-S09,74.94,72.35,False,63.56,81.02,69.07,76.54,71.71,"Campus has trees and nature, very peaceful."
TS483-SEM1-10,TS483,1,6,TS483-S10,91.94,67.23,True,80.26,91.9,80.36,82.79,86.19,"Strictness is moderate, allowing good learning freedom."
TS483-SEM1-11,TS483,1,6,TS483-S11,79.23,71.27,True,87.86,96.66,80.38,89.82,89.19,Good focus on practical sessions and mentoring.
TS483-SEM1-12,TS483,1,6,TS483-S12,86.51,82.28,True,72.62,83.06,89.62,84.42,91.65,"Campus has trees and nature, very peaceful."
TS483-SEM1-13,TS483,1,6,TS483-S13,85.25,74.7,True,77.42,88.33,77.97,89.12,80.25,Teaching incorporates both fundamentals and modern practical tools.
TS483-SEM1-14,TS483,1,6,TS483-S14,78.15,83.72,True,82.16,92.93,77.91,85.45,82.58,Career guidance is helpful from the beginning.
TS484-SEM1-01,TS484,1,6,TS484-S01,78.47,84.36,True,58.01,61.7,49.77,62.06,55.99,"Strictness is moderate, allowing good learning freedom."
TS484-SEM1-02,TS484,1,6,TS484-S02,77.75,77.17,True,53.07,58.37,49.61,49.52,55.84,Career guidance is helpful from the beginning.
TS484-SEM1-03,TS484,1,6,TS484-S03,76.91,59.28,True,55.42,45.02,50.58,52.52,63.54,Excellent labs and digital board infrastructure.
TS484-SEM1-04,TS484,1,6,TS484-S04,75.03,61.38,True,50.31,44.5,45.67,45.39,51.64,"Campus has trees and nature, very peaceful."
TS484-SEM1-05,TS484,1,6,TS484-S05,75.39,69.3,True,42.9,50.35,54.45,61.36,58.17,Excellent labs and digital board infrastructure.
TS484-SEM1-06,TS484,1,6,TS484-S06,65.96,69.28,False,43.32,49.5,40.5,52.44,43.29,"Strictness is moderate, allowing good learning freedom."
TS484-SEM1-07,TS484,1,6,TS484-S07,63.89,55.84,False,31.82,37.09,44.43,40.68,44.51,Career guidance is helpful from the beginning.
TS484-SEM1-08,TS484,1,6,TS484-S08,78.76,60.7,True,54.69,65.26,55.07,45.57,45.68,Good focus on practical sessions and mentoring.
TS484-SEM1-09,TS484,1,6,TS484-S09,66.56,61.57,False,30.73,41.94,36.57,49.41,40.04,Excellent labs and digital board infrastructure.
TS484-SEM1-10,TS484,1,6,TS484-S10,82.23,60.68,True,62.95,58.81,52.16,54.54,65.45,Good focus on practical sessions and mentoring.
TS484-SEM1-11,TS484,1,6,TS484-S11,67.61,47.23,False,39.8,41.06,50.98,50.3,43.53,Excellent labs and digital board infrastructure.
TS484-SEM1-12,TS484,1,6,TS484-S12,56.64,58.66,False,49.8,34.95,43.55,54.4,36.43,"Campus has trees and nature, very peaceful."
TS484-SEM1-13,TS484,1,6,TS484-S13,76.69,55.96,True,58.98,44.85,47.88,61.85,53.01,"Campus has trees and nature, very peaceful."
TS484-SEM1-14,TS484,1,6,TS484-S14,72.76,71.74,False,41.5,45.77,52.7,63.17,39.63,"Strictness is moderate, allowing good learning freedom."
TS485-SEM1-01,TS485,1,6,TS485-S01,67.36,46.24,False,50.21,61.83,56.3,66.97,63.7,Career guidance is helpful from the beginning.
TS485-SEM1-02,TS485,1,6,TS485-S02,75.69,68.89,True,64.57,97.63,67.41,78.37,62.81,"Campus has trees and nature, very peaceful."
TS485-SEM1-03,TS485,1,6,TS485-S03,71.47,60.28,False,56.4,58.49,62.99,74.03,66.5,Excellent labs and digital board infrastructure.
TS485-SEM1-04,TS485,1,6,TS485-S04,81.89,74.65,True,82.96,72.31,70.26,66.06,76.69,Excellent labs and digital board infrastructure.
TS485-SEM1-05,TS485,1,6,TS485-S05,70.52,60.45,False,56.36,49.74,52.46,71.85,52.63,Good focus on practical sessions and mentoring.
TS485-SEM1-06,TS485,1,6,TS485-S06,78.14,60.39,True,63.6,74.33,64.36,73.18,75.26,Teaching incorporates both fundamentals and modern practical tools.
TS485-SEM1-07,TS485,1,6,TS485-S07,74.04,64.28,False,63.31,77.72,57.35,55.53,52.61,Excellent labs and digital board infrastructure.
TS485-SEM1-08,TS485,1,6,TS485-S08,72.5,56.75,False,61.8,59.04,69.9,71.42,54.08,Good focus on practical sessions and mentoring.
TS485-SEM1-09,TS485,1,6,TS485-S09,67.42,60.48,False,64.89,66.51,59.09,66.68,49.72,Career guidance is helpful from the beginning.
TS485-SEM1-10,TS485,1,6,TS485-S10,78.45,68.21,True,80.31,73.38,69.08,73.15,81.92,"Campus has trees and nature, very peaceful."
TS485-SEM1-11,TS485,1,6,TS485-S11,69.51,44.1,False,55.24,76.79,64.67,66.15,54.1,"Campus has trees and nature, very peaceful."
TS485-SEM1-12,TS485,1,6,TS485-S12,74.05,67.66,False,59.3,66.91,61.85,63.43,61.17,Excellent labs and digital board infrastructure.
TS485-SEM1-13,TS485,1,6,TS485-S13,71.21,52.65,False,71.56,63.87,57.54,59.49,52.57,"Campus has trees and nature, very peaceful."
TS485-SEM1-14,TS485,1,6,TS485-S14,76.48,46.19,False,58.97,65.04,57.94,56.28,55.78,Career guidance is helpful from the beginning.
TS486-SEM1-01,TS486,1,6,TS486-S01,78.64,55.48,False,52.34,56.13,56.91,55.6,44.31,Teaching incorporates both fundamentals and modern practical tools.
TS486-SEM1-02,TS486,1,6,TS486-S02,73.24,78.12,False,58.19,67.77,62.98,62.97,51.83,"Strictness is moderate, allowing good learning freedom."
TS486-SEM1-03,TS486,1,6,TS486-S03,66.84,69.88,False,55.37,56.12,56.14,54.98,54.34,Excellent labs and digital board infrastructure.
TS486-SEM1-04,TS486,1,6,TS486-S04,81.27,50.7,True,74.97,62.32,54.37,69.11,68.84,Career guidance is helpful from the beginning.
TS486-SEM1-05,TS486,1,6,TS486-S05,70.68,73.27,False,51.6,80.98,50.03,56.53,47.35,"Strictness is moderate, allowing good learning freedom."
TS486-SEM1-06,TS486,1,6,TS486-S06,70.88,76.2,False,47.01,54.4,54.54,61.2,52.52,Good focus on practical sessions and mentoring.
TS486-SEM1-07,TS486,1,6,TS486-S07,69.66,49.11,False,53.13,73.09,62.29,58.99,52.07,Teaching incorporates both fundamentals and modern practical tools.
TS486-SEM1-08,TS486,1,6,TS486-S08,75.0,70.85,False,62.92,63.77,51.85,52.55,54.73,Excellent labs and digital board infrastructure.
TS486-SEM1-09,TS486,1,6,TS486-S09,63.32,70.16,False,50.13,51.9,60.28,55.6,54.07,"Campus has trees and nature, very peaceful."
TS486-SEM1-10,TS486,1,6,TS486-S10,73.1,42.99,False,62.21,71.97,62.47,67.57,48.07,Excellent labs and digital board infrastructure.
TS486-SEM1-11,TS486,1,6,TS486-S11,78.95,69.58,True,61.92,65.56,72.1,62.94,66.78,Good focus on practical sessions and mentoring.
TS486-SEM1-12,TS486,1,6,TS486-S12,64.3,57.22,False,59.92,50.24,60.07,56.47,61.13,"Campus has trees and nature, very peaceful."
TS486-SEM1-13,TS486,1,6,TS486-S13,72.69,61.16,False,50.23,63.34,50.36,62.32,48.78,"Strictness is moderate, allowing good learning freedom."
TS486-SEM1-14,TS486,1,6,TS486-S14,68.22,82.6,False,62.13,73.31,61.96,64.18,59.05,Teaching incorporates both fundamentals and modern practical tools.
TS487-SEM1-01,TS487,1,6,TS487-S01,82.9,75.27,True,100.0,97.29,80.19,77.2,97.68,"Strictness is moderate, allowing good learning freedom."
TS487-SEM1-02,TS487,1,6,TS487-S02,72.02,78.16,False,72.02,100.0,74.35,73.26,78.32,Excellent labs and digital board infrastructure.
TS487-SEM1-03,TS487,1,6,TS487-S03,80.61,67.81,True,86.47,87.4,87.35,95.79,100.0,Career guidance is helpful from the beginning.
TS487-SEM1-04,TS487,1,6,TS487-S04,94.27,73.7,True,91.17,88.08,78.39,73.66,93.18,Good focus on practical sessions and mentoring.
TS487-SEM1-05,TS487,1,6,TS487-S05,73.82,67.05,False,78.62,65.99,87.75,77.55,72.53,Excellent labs and digital board infrastructure.
TS487-SEM1-06,TS487,1,6,TS487-S06,78.17,79.73,True,98.33,100.0,83.79,83.06,98.47,"Strictness is moderate, allowing good learning freedom."
TS487-SEM1-07,TS487,1,6,TS487-S07,84.43,72.74,True,89.73,91.34,88.95,82.35,87.57,Career guidance is helpful from the beginning.
TS487-SEM1-08,TS487,1,6,TS487-S08,88.58,80.43,True,86.87,100.0,83.21,83.22,90.95,Excellent labs and digital board infrastructure.
TS487-SEM1-09,TS487,1,6,TS487-S09,77.66,64.38,True,84.83,89.87,91.66,79.93,94.7,Good focus on practical sessions and mentoring.
TS487-SEM1-10,TS487,1,6,TS487-S10,87.74,73.93,True,85.27,100.0,90.63,92.97,98.27,Excellent labs and digital board infrastructure.
TS487-SEM1-11,TS487,1,6,TS487-S11,83.59,100.0,True,98.05,90.96,85.56,84.67,87.4,"Campus has trees and nature, very peaceful."
TS487-SEM1-12,TS487,1,6,TS487-S12,82.23,74.61,True,97.41,95.61,85.55,94.98,84.81,"Campus has trees and nature, very peaceful."
TS487-SEM1-13,TS487,1,6,TS487-S13,72.69,79.81,False,75.99,82.19,71.26,71.97,81.8,Career guidance is helpful from the beginning.
TS487-SEM1-14,TS487,1,6,TS487-S14,89.84,82.91,True,88.41,91.43,84.02,80.97,91.9,"Strictness is moderate, allowing good learning freedom."
TS488-SEM1-01,TS488,1,6,TS488-S01,70.83,65.17,False,45.11,77.02,62.39,68.36,57.95,"Campus has trees and nature, very peaceful."
TS488-SEM1-02,TS488,1,6,TS488-S02,70.1,66.22,False,65.14,58.18,66.31,70.2,59.55,Teaching incorporates both fundamentals and modern practical tools.
TS488-SEM1-03,TS488,1,6,TS488-S03,83.11,65.53,True,71.76,70.03,62.26,80.99,72.8,Teaching incorporates both fundamentals and modern practical tools.
TS488-SEM1-04,TS488,1,6,TS488-S04,71.45,48.97,False,58.68,45.91,53.61,61.21,54.79,Excellent labs and digital board infrastructure.
TS488-SEM1-05,TS488,1,6,TS488-S05,66.85,64.86,False,65.38,58.5,50.94,65.48,58.92,"Strictness is moderate, allowing good learning freedom."
TS488-SEM1-06,TS488,1,6,TS488-S06,69.78,65.16,False,59.61,47.96,68.04,63.85,54.37,Teaching incorporates both fundamentals and modern practical tools.
TS488-SEM1-07,TS488,1,6,TS488-S07,74.71,45.95,False,65.61,48.9,71.06,72.35,50.97,Teaching incorporates both fundamentals and modern practical tools.
TS488-SEM1-08,TS488,1,6,TS488-S08,74.0,52.44,False,51.46,36.78,65.19,62.85,59.94,Good focus on practical sessions and mentoring.
TS488-SEM1-09,TS488,1,6,TS488-S09,73.35,49.83,False,63.06,60.91,59.62,71.44,54.67,Good focus on practical sessions and mentoring.
TS488-SEM1-10,TS488,1,6,TS488-S10,67.28,60.09,False,55.8,44.89,48.84,75.47,61.68,Teaching incorporates both fundamentals and modern practical tools.
TS488-SEM1-11,TS488,1,6,TS488-S11,80.87,71.02,True,70.96,61.83,71.72,75.43,72.3,Good focus on practical sessions and mentoring.
TS488-SEM1-12,TS488,1,6,TS488-S12,74.63,73.6,False,58.0,47.45,64.3,58.25,51.97,Teaching incorporates both fundamentals and modern practical tools.
TS488-SEM1-13,TS488,1,6,TS488-S13,73.66,68.19,False,58.59,48.65,75.94,62.46,58.29,Career guidance is helpful from the beginning.
TS488-SEM1-14,TS488,1,6,TS488-S14,68.49,52.6,False,58.33,53.22,62.49,61.65,56.69,Good focus on practical sessions and mentoring.
TS489-SEM1-01,TS489,1,6,TS489-S01,71.17,77.42,False,45.81,44.04,48.14,55.26,35.27,Teaching incorporates both fundamentals and modern practical tools.
TS489-SEM1-02,TS489,1,6,TS489-S02,79.91,74.73,True,57.65,48.8,52.96,52.09,49.52,Teaching incorporates both fundamentals and modern practical tools.
TS489-SEM1-03,TS489,1,6,TS489-S03,81.12,60.82,True,52.89,43.33,47.56,57.48,54.11,Excellent labs and digital board infrastructure.
TS489-SEM1-04,TS489,1,6,TS489-S04,69.88,65.34,False,44.48,32.71,41.52,45.96,44.89,"Strictness is moderate, allowing good learning freedom."
TS489-SEM1-05,TS489,1,6,TS489-S05,79.24,48.19,False,46.08,44.58,33.99,37.78,42.87,Career guidance is helpful from the beginning.
TS489-SEM1-06,TS489,1,6,TS489-S06,74.73,52.17,False,47.54,51.46,40.76,47.64,31.66,"Strictness is moderate, allowing good learning freedom."
TS489-SEM1-07,TS489,1,6,TS489-S07,83.99,50.14,True,53.21,78.83,42.01,57.73,54.39,Career guidance is helpful from the beginning.
TS489-SEM1-08,TS489,1,6,TS489-S08,74.4,73.42,False,33.93,43.72,38.59,54.25,42.4,Excellent labs and digital board infrastructure.
TS489-SEM1-09,TS489,1,6,TS489-S09,65.26,65.81,False,44.33,33.06,48.98,45.45,33.77,Excellent labs and digital board infrastructure.
TS489-SEM1-10,TS489,1,6,TS489-S10,80.38,73.31,True,56.37,61.23,38.14,56.21,51.98,"Strictness is moderate, allowing good learning freedom."
TS489-SEM1-11,TS489,1,6,TS489-S11,78.77,53.45,True,48.83,50.7,38.1,59.24,59.84,Excellent labs and digital board infrastructure.
TS489-SEM1-12,TS489,1,6,TS489-S12,72.43,65.71,False,33.64,54.38,43.27,46.22,43.4,"Campus has trees and nature, very peaceful."
TS489-SEM1-13,TS489,1,6,TS489-S13,64.19,42.58,False,40.71,44.12,36.36,46.87,37.86,Teaching incorporates both fundamentals and modern practical tools.
TS489-SEM1-14,TS489,1,6,TS489-S14,77.28,50.97,True,53.83,64.65,53.59,49.88,56.64,"Campus has trees and nature, very peaceful."
TS490-SEM1-01,TS490,1,6,TS490-S01,75.03,58.64,True,77.64,74.95,83.44,70.63,73.39,Good focus on practical sessions and mentoring.
TS490-SEM1-02,TS490,1,6,TS490-S02,73.1,51.26,False,60.89,74.69,65.87,68.54,60.06,Excellent labs and digital board infrastructure.
TS490-SEM1-03,TS490,1,6,TS490-S03,73.57,55.04,False,67.98,55.67,63.1,65.91,65.23,"Strictness is moderate, allowing good learning freedom."
TS490-SEM1-04,TS490,1,6,TS490-S04,73.27,67.13,False,55.8,63.69,68.3,65.76,55.7,Teaching incorporates both fundamentals and modern practical tools.
TS490-SEM1-05,TS490,1,6,TS490-S05,66.94,60.69,False,67.59,83.02,61.66,65.72,56.01,Teaching incorporates both fundamentals and modern practical tools.
TS490-SEM1-06,TS490,1,6,TS490-S06,71.85,58.15,False,65.56,50.31,65.45,66.07,62.13,Good focus on practical sessions and mentoring.
TS490-SEM1-07,TS490,1,6,TS490-S07,73.97,63.58,False,70.65,76.86,66.06,62.3,62.11,"Strictness is moderate, allowing good learning freedom."
TS490-SEM1-08,TS490,1,6,TS490-S08,76.85,62.41,True,82.86,79.38,82.9,67.93,80.3,Career guidance is helpful from the beginning.
TS490-SEM1-09,TS490,1,6,TS490-S09,74.6,59.76,False,57.42,68.47,64.96,65.59,61.31,Teaching incorporates both fundamentals and modern practical tools.
TS490-SEM1-10,TS490,1,6,TS490-S10,65.65,57.66,False,60.65,66.75,69.48,67.35,65.46,Career guidance is helpful from the beginning.
TS490-SEM1-11,TS490,1,6,TS490-S11,72.94,81.98,False,65.45,55.55,65.17,84.58,54.41,"Strictness is moderate, allowing good learning freedom."
TS490-SEM1-12,TS490,1,6,TS490-S12,74.87,84.59,False,55.75,78.92,75.04,63.83,51.78,Teaching incorporates both fundamentals and modern practical tools.
TS490-SEM1-13,TS490,1,6,TS490-S13,75.77,61.32,True,81.26,76.49,66.29,71.86,81.03,"Campus has trees and nature, very peaceful."
TS490-SEM1-14,TS490,1,6,TS490-S14,75.09,75.0,True,83.29,73.32,75.14,77.76,75.41,Excellent labs and digital board infrastructure.
TS491-SEM1-01,TS491,1,6,TS491-S01,71.04,57.55,False,61.14,75.25,62.97,89.51,62.13,"Strictness is moderate, allowing good learning freedom."
TS491-SEM1-02,TS491,1,6,TS491-S02,72.37,64.95,False,59.69,82.44,73.23,74.45,66.77,Career guidance is helpful from the beginning.
TS491-SEM1-03,TS491,1,6,TS491-S03,71.65,62.11,False,62.88,75.41,72.98,71.15,66.31,"Campus has trees and nature, very peaceful."
TS491-SEM1-04,TS491,1,6,TS491-S04,60.59,74.68,False,59.56,60.66,68.37,77.48,63.41,"Strictness is moderate, allowing good learning freedom."
TS491-SEM1-05,TS491,1,6,TS491-S05,77.06,59.94,True,80.18,98.26,75.91,98.33,92.94,Teaching incorporates both fundamentals and modern practical tools.
TS491-SEM1-06,TS491,1,6,TS491-S06,65.23,71.87,False,63.41,75.92,63.06,75.82,79.02,Excellent labs and digital board infrastructure.
TS491-SEM1-07,TS491,1,6,TS491-S07,67.74,70.35,False,68.06,70.77,77.31,73.78,65.05,"Campus has trees and nature, very peaceful."
TS491-SEM1-08,TS491,1,6,TS491-S08,74.03,75.2,False,65.01,93.14,62.28,72.94,71.43,Excellent labs and digital board infrastructure.
TS491-SEM1-09,TS491,1,6,TS491-S09,69.18,64.71,False,61.56,63.67,68.65,81.06,62.21,Teaching incorporates both fundamentals and modern practical tools.
TS491-SEM1-10,TS491,1,6,TS491-S10,72.04,57.95,False,71.42,62.2,70.67,74.43,60.68,"Strictness is moderate, allowing good learning freedom."
TS491-SEM1-11,TS491,1,6,TS491-S11,79.88,45.62,False,69.5,78.65,69.26,88.2,67.39,Teaching incorporates both fundamentals and modern practical tools.
TS491-SEM1-12,TS491,1,6,TS491-S12,68.27,69.11,False,64.49,71.77,76.86,79.77,70.6,"Campus has trees and nature, very peaceful."
TS491-SEM1-13,TS491,1,6,TS491-S13,57.68,66.55,False,76.47,66.1,72.13,75.23,68.88,Teaching incorporates both fundamentals and modern practical tools.
TS491-SEM1-14,TS491,1,6,TS491-S14,69.37,71.03,False,65.67,96.87,73.12,90.35,68.55,Good focus on practical sessions and mentoring.
TS492-SEM1-01,TS492,1,6,TS492-S01,68.32,60.14,False,46.38,58.05,59.99,62.42,36.99,Excellent labs and digital board infrastructure.
TS492-SEM1-02,TS492,1,6,TS492-S02,67.97,53.32,False,52.0,54.83,46.95,52.88,44.56,Teaching incorporates both fundamentals and modern practical tools.
TS492-SEM1-03,TS492,1,6,TS492-S03,76.02,75.65,True,58.38,62.05,55.46,63.04,60.58,Teaching incorporates both fundamentals and modern practical tools.
TS492-SEM1-04,TS492,1,6,TS492-S04,79.91,76.04,True,72.1,60.38,58.61,69.26,71.61,"Strictness is moderate, allowing good learning freedom."
TS492-SEM1-05,TS492,1,6,TS492-S05,79.81,66.53,True,61.51,63.53,58.58,59.25,57.7,Good focus on practical sessions and mentoring.
TS492-SEM1-06,TS492,1,6,TS492-S06,73.92,56.52,False,35.42,41.43,47.09,48.67,44.37,Excellent labs and digital board infrastructure.
TS492-SEM1-07,TS492,1,6,TS492-S07,64.87,51.17,False,52.81,55.7,50.7,61.62,39.58,Career guidance is helpful from the beginning.
TS492-SEM1-08,TS492,1,6,TS492-S08,76.73,60.56,True,60.52,51.02,62.89,57.73,55.17,Good focus on practical sessions and mentoring.
TS492-SEM1-09,TS492,1,6,TS492-S09,81.36,68.74,True,58.46,56.96,51.58,54.93,60.55,Good focus on practical sessions and mentoring.
TS492-SEM1-10,TS492,1,6,TS492-S10,78.1,70.67,True,64.07,69.93,51.75,64.48,61.11,Excellent labs and digital board infrastructure.
TS492-SEM1-11,TS492,1,6,TS492-S11,70.56,62.48,False,49.94,37.91,49.04,50.88,43.14,"Strictness is moderate, allowing good learning freedom."
TS492-SEM1-12,TS492,1,6,TS492-S12,71.08,54.81,False,56.38,27.07,51.89,56.54,43.43,Good focus on practical sessions and mentoring.
TS492-SEM1-13,TS492,1,6,TS492-S13,73.86,68.68,False,41.91,45.08,47.46,55.94,45.62,Excellent labs and digital board infrastructure.
TS492-SEM1-14,TS492,1,6,TS492-S14,65.91,61.75,False,41.43,40.57,46.72,46.42,34.07,"Strictness is moderate, allowing good learning freedom."
TS493-SEM1-01,TS493,1,6,TS493-S01,87.38,80.52,True,84.98,80.46,81.16,86.11,88.89,Good focus on practical sessions and mentoring.
TS493-SEM1-02,TS493,1,6,TS493-S02,87.74,67.25,True,73.18,82.22,84.17,82.17,85.44,Excellent labs and digital board infrastructure.
TS493-SEM1-03,TS493,1,6,TS493-S03,87.48,75.55,True,78.58,88.53,80.79,85.33,73.14,"Strictness is moderate, allowing good learning freedom."
TS493-SEM1-04,TS493,1,6,TS493-S04,80.37,57.61,True,81.35,100.0,82.57,78.37,84.8,Excellent labs and digital board infrastructure.
TS493-SEM1-05,TS493,1,6,TS493-S05,84.53,76.01,True,78.47,87.06,80.1,88.62,87.99,Career guidance is helpful from the beginning.
TS493-SEM1-06,TS493,1,6,TS493-S06,86.84,76.07,True,86.24,77.6,66.43,74.12,74.42,"Strictness is moderate, allowing good learning freedom."
TS493-SEM1-07,TS493,1,6,TS493-S07,85.37,76.33,True,84.9,92.47,84.44,90.21,88.63,Teaching incorporates both fundamentals and modern practical tools.
TS493-SEM1-08,TS493,1,6,TS493-S08,91.83,95.82,True,91.01,79.51,76.15,94.49,84.3,"Strictness is moderate, allowing good learning freedom."
TS493-SEM1-09,TS493,1,6,TS493-S09,72.01,63.02,False,63.16,64.77,74.47,72.36,64.4,Excellent labs and digital board infrastructure.
TS493-SEM1-10,TS493,1,6,TS493-S10,78.36,61.35,True,87.26,86.79,62.8,80.73,88.26,"Campus has trees and nature, very peaceful."
TS493-SEM1-11,TS493,1,6,TS493-S11,85.39,96.25,True,84.05,77.11,71.06,86.73,81.83,"Strictness is moderate, allowing good learning freedom."
TS493-SEM1-12,TS493,1,6,TS493-S12,97.99,69.12,True,82.28,91.7,83.07,74.58,90.33,Career guidance is helpful from the beginning.
TS493-SEM1-13,TS493,1,6,TS493-S13,81.02,48.21,False,67.81,66.03,77.71,79.61,71.17,"Strictness is moderate, allowing good learning freedom."
TS493-SEM1-14,TS493,1,6,TS493-S14,89.16,70.43,True,88.61,85.95,74.67,93.21,83.92,"Strictness is moderate, allowing good learning freedom."
TS494-SEM1-01,TS494,1,6,TS494-S01,73.18,68.14,False,76.21,90.2,77.7,81.4,74.63,Career guidance is helpful from the beginning.
TS494-SEM1-02,TS494,1,6,TS494-S02,89.06,86.23,True,82.96,88.83,85.69,76.66,89.62,Teaching incorporates both fundamentals and modern practical tools.
TS494-SEM1-03,TS494,1,6,TS494-S03,92.35,68.6,True,83.49,83.66,89.99,100.0,90.26,Good focus on practical sessions and mentoring.
TS494-SEM1-04,TS494,1,6,TS494-S04,76.88,62.9,True,91.82,98.64,81.84,100.0,90.35,Good focus on practical sessions and mentoring.
TS494-SEM1-05,TS494,1,6,TS494-S05,77.72,54.47,True,84.33,80.7,86.72,87.23,84.72,Excellent labs and digital board infrastructure.
TS494-SEM1-06,TS494,1,6,TS494-S06,76.5,60.81,False,70.21,77.31,79.39,93.58,76.53,Career guidance is helpful from the beginning.
TS494-SEM1-07,TS494,1,6,TS494-S07,72.62,83.94,False,79.98,85.33,75.22,93.18,66.99,Excellent labs and digital board infrastructure.
TS494-SEM1-08,TS494,1,6,TS494-S08,88.4,85.37,True,76.69,90.89,88.64,91.68,89.07,"Campus has trees and nature, very peaceful."
TS494-SEM1-09,TS494,1,6,TS494-S09,79.76,69.73,False,80.67,73.65,79.44,68.25,68.85,"Strictness is moderate, allowing good learning freedom."
TS494-SEM1-10,TS494,1,6,TS494-S10,86.28,85.06,True,89.18,95.5,80.43,81.33,82.71,Good focus on practical sessions and mentoring.
TS494-SEM1-11,TS494,1,6,TS494-S11,72.39,82.02,False,74.04,75.75,72.97,90.93,70.36,Excellent labs and digital board infrastructure.
TS494-SEM1-12,TS494,1,6,TS494-S12,83.84,65.77,True,93.48,89.83,85.27,93.26,94.35,Excellent labs and digital board infrastructure.
TS494-SEM1-13,TS494,1,6,TS494-S13,88.91,63.69,True,81.22,90.59,82.47,89.44,88.3,Career guidance is helpful from the beginning.
TS494-SEM1-14,TS494,1,6,TS494-S14,80.26,100.0,True,86.5,77.2,85.25,82.83,89.1,"Campus has trees and nature, very peaceful."
TS495-SEM1-01,TS495,1,6,TS495-S01,73.3,61.24,False,56.45,51.04,54.09,39.41,51.68,"Campus has trees and nature, very peaceful."
TS495-SEM1-02,TS495,1,6,TS495-S02,67.86,58.24,False,45.03,54.17,58.01,48.1,54.82,Excellent labs and digital board infrastructure.
TS495-SEM1-03,TS495,1,6,TS495-S03,67.7,61.45,False,57.27,48.17,60.45,55.14,42.96,"Campus has trees and nature, very peaceful."
TS495-SEM1-04,TS495,1,6,TS495-S04,86.3,58.73,True,57.84,64.5,59.43,48.29,60.28,"Campus has trees and nature, very peaceful."
TS495-SEM1-05,TS495,1,6,TS495-S05,63.26,78.01,False,52.57,63.78,49.81,43.66,43.42,Career guidance is helpful from the beginning.
TS495-SEM1-06,TS495,1,6,TS495-S06,68.72,72.17,False,47.86,54.98,51.17,50.7,45.7,"Strictness is moderate, allowing good learning freedom."
TS495-SEM1-07,TS495,1,6,TS495-S07,79.36,58.1,True,71.93,65.75,62.09,61.56,68.37,Career guidance is helpful from the beginning.
TS495-SEM1-08,TS495,1,6,TS495-S08,75.6,83.14,True,52.14,67.55,67.61,55.22,60.95,"Strictness is moderate, allowing good learning freedom."
TS495-SEM1-09,TS495,1,6,TS495-S09,71.49,76.84,False,42.23,42.41,50.56,53.21,38.51,"Campus has trees and nature, very peaceful."
TS495-SEM1-10,TS495,1,6,TS495-S10,72.73,66.96,False,50.75,44.32,55.4,39.79,49.47,Excellent labs and digital board infrastructure.
TS495-SEM1-11,TS495,1,6,TS495-S11,66.66,65.32,False,50.45,46.06,57.51,45.45,50.33,Good focus on practical sessions and mentoring.
TS495-SEM1-12,TS495,1,6,TS495-S12,73.18,72.02,False,54.2,59.4,45.23,43.71,35.55,Excellent labs and digital board infrastructure.
TS495-SEM1-13,TS495,1,6,TS495-S13,62.99,72.44,False,47.24,64.34,50.19,44.75,48.86,Excellent labs and digital board infrastructure.
TS495-SEM1-14,TS495,1,6,TS495-S14,80.53,70.78,True,61.06,66.73,73.1,53.14,62.1,Good focus on practical sessions and mentoring.
TS496-SEM1-01,TS496,1,6,TS496-S01,76.31,63.86,True,64.8,63.21,63.9,45.34,80.68,Career guidance is helpful from the beginning.
TS496-SEM1-02,TS496,1,6,TS496-S02,72.95,60.15,False,54.79,61.25,50.3,31.92,46.07,Excellent labs and digital board infrastructure.
TS496-SEM1-03,TS496,1,6,TS496-S03,73.71,54.58,False,49.57,51.45,45.55,46.14,52.22,"Strictness is moderate, allowing good learning freedom."
TS496-SEM1-04,TS496,1,6,TS496-S04,73.18,65.88,False,45.81,51.52,57.09,33.97,42.62,"Campus has trees and nature, very peaceful."
TS496-SEM1-05,TS496,1,6,TS496-S05,63.44,78.84,False,48.06,63.97,53.36,52.94,53.89,"Campus has trees and nature, very peaceful."
TS496-SEM1-06,TS496,1,6,TS496-S06,67.89,63.13,False,43.7,57.77,59.12,53.45,54.62,Career guidance is helpful from the beginning.
TS496-SEM1-07,TS496,1,6,TS496-S07,74.6,65.54,False,48.25,67.07,49.41,35.95,42.24,Career guidance is helpful from the beginning.
TS496-SEM1-08,TS496,1,6,TS496-S08,78.45,71.63,True,65.6,53.01,62.08,56.57,60.32,Career guidance is helpful from the beginning.
TS496-SEM1-09,TS496,1,6,TS496-S09,64.68,65.11,False,54.32,59.0,59.78,43.14,39.44,Teaching incorporates both fundamentals and modern practical tools.
TS496-SEM1-10,TS496,1,6,TS496-S10,75.1,73.89,True,62.9,45.06,59.33,58.76,63.5,"Strictness is moderate, allowing good learning freedom."
TS496-SEM1-11,TS496,1,6,TS496-S11,65.66,81.6,False,53.42,56.29,54.51,38.13,46.41,Teaching incorporates both fundamentals and modern practical tools.
TS496-SEM1-12,TS496,1,6,TS496-S12,81.97,55.13,True,65.82,65.31,52.38,51.72,65.4,"Campus has trees and nature, very peaceful."
TS496-SEM1-13,TS496,1,6,TS496-S13,62.32,62.42,False,47.17,54.6,49.46,36.08,48.2,Excellent labs and digital board infrastructure.
TS496-SEM1-14,TS496,1,6,TS496-S14,69.63,58.63,False,42.4,52.02,56.93,43.82,45.88,Teaching incorporates both fundamentals and modern practical tools.
TS497-SEM1-01,TS497,1,6,TS497-S01,79.21,58.55,True,55.92,54.81,61.96,53.72,56.74,Excellent labs and digital board infrastructure.
TS497-SEM1-02,TS497,1,6,TS497-S02,69.93,43.41,False,47.56,46.9,49.7,44.18,49.54,Good focus on practical sessions and mentoring.
TS497-SEM1-03,TS497,1,6,TS497-S03,69.66,62.54,False,53.16,45.93,47.31,56.22,41.54,"Campus has trees and nature, very peaceful."
TS497-SEM1-04,TS497,1,6,TS497-S04,82.41,56.41,True,45.73,62.21,58.35,47.92,62.06,Teaching incorporates both fundamentals and modern practical tools.
TS497-SEM1-05,TS497,1,6,TS497-S05,77.25,47.18,False,44.18,60.59,46.35,32.13,47.17,"Campus has trees and nature, very peaceful."
TS497-SEM1-06,TS497,1,6,TS497-S06,72.89,61.73,False,41.32,54.68,45.01,49.06,42.19,Good focus on practical sessions and mentoring.
TS497-SEM1-07,TS497,1,6,TS497-S07,78.08,70.96,True,60.63,55.17,58.05,47.02,50.35,Good focus on practical sessions and mentoring.
TS497-SEM1-08,TS497,1,6,TS497-S08,76.74,39.68,False,44.61,62.48,54.77,42.8,39.21,"Campus has trees and nature, very peaceful."
TS497-SEM1-09,TS497,1,6,TS497-S09,71.62,72.51,False,39.03,50.66,43.51,38.7,39.4,Teaching incorporates both fundamentals and modern practical tools.
TS497-SEM1-10,TS497,1,6,TS497-S10,74.49,67.49,False,56.69,46.09,49.38,47.44,41.64,"Strictness is moderate, allowing good learning freedom."
TS497-SEM1-11,TS497,1,6,TS497-S11,72.58,68.09,False,39.71,48.92,43.71,38.47,52.5,"Campus has trees and nature, very peaceful."
TS497-SEM1-12,TS497,1,6,TS497-S12,71.13,64.22,False,27.89,50.84,57.64,35.3,47.18,Excellent labs and digital board infrastructure.
TS497-SEM1-13,TS497,1,6,TS497-S13,68.28,45.44,False,41.14,41.85,48.34,38.57,36.77,Excellent labs and digital board infrastructure.
TS497-SEM1-14,TS497,1,6,TS497-S14,75.2,73.74,True,52.01,62.51,55.65,46.92,62.69,Excellent labs and digital board infrastructure.
TS498-SEM1-01,TS498,1,6,TS498-S01,76.89,58.23,True,60.08,49.1,55.8,64.21,60.94,Excellent labs and digital board infrastructure.
TS498-SEM1-02,TS498,1,6,TS498-S02,75.25,66.79,True,47.76,59.51,61.98,57.33,53.0,Excellent labs and digital board infrastructure.
TS498-SEM1-03,TS498,1,6,TS498-S03,74.64,71.6,False,50.9,51.4,49.02,42.94,40.82,Good focus on practical sessions and mentoring.
TS498-SEM1-04,TS498,1,6,TS498-S04,78.11,53.75,True,62.05,59.48,62.06,59.23,56.97,Teaching incorporates both fundamentals and modern practical tools.
TS498-SEM1-05,TS498,1,6,TS498-S05,81.4,65.25,True,55.66,60.58,52.16,41.06,68.86,Teaching incorporates both fundamentals and modern practical tools.
TS498-SEM1-06,TS498,1,6,TS498-S06,66.96,56.69,False,40.07,61.09,50.22,50.66,46.65,Career guidance is helpful from the beginning.
TS498-SEM1-07,TS498,1,6,TS498-S07,76.74,64.56,False,52.84,36.89,43.4,50.76,43.47,"Campus has trees and nature, very peaceful."
TS498-SEM1-08,TS498,1,6,TS498-S08,70.12,86.11,False,36.72,46.94,49.2,44.39,38.45,Good focus on practical sessions and mentoring.
TS498-SEM1-09,TS498,1,6,TS498-S09,70.32,78.16,False,41.5,49.63,44.73,51.06,47.14,Good focus on practical sessions and mentoring.
TS498-SEM1-10,TS498,1,6,TS498-S10,70.98,69.08,False,42.98,46.68,49.91,48.56,42.84,"Campus has trees and nature, very peaceful."
TS498-SEM1-11,TS498,1,6,TS498-S11,63.17,49.65,False,33.27,35.09,49.94,44.54,38.48,"Campus has trees and nature, very peaceful."
TS498-SEM1-12,TS498,1,6,TS498-S12,82.82,74.02,True,52.43,48.71,54.95,45.91,56.24,Excellent labs and digital board infrastructure.
TS498-SEM1-13,TS498,1,6,TS498-S13,74.51,60.66,False,35.78,47.12,48.29,47.94,34.6,Good focus on practical sessions and mentoring.
TS498-SEM1-14,TS498,1,6,TS498-S14,77.89,57.03,True,58.06,61.6,57.62,61.38,56.47,Good focus on practical sessions and mentoring.
TS499-SEM1-01,TS499,1,6,TS499-S01,79.11,52.38,True,65.57,75.08,70.86,66.03,69.21,"Campus has trees and nature, very peaceful."
TS499-SEM1-02,TS499,1,6,TS499-S02,70.94,75.91,False,43.15,47.03,71.61,70.93,46.01,"Campus has trees and nature, very peaceful."
TS499-SEM1-03,TS499,1,6,TS499-S03,90.81,68.38,True,78.32,61.4,64.03,71.32,73.98,Teaching incorporates both fundamentals and modern practical tools.
TS499-SEM1-04,TS499,1,6,TS499-S04,74.03,64.05,False,53.08,61.22,60.8,63.8,52.13,Excellent labs and digital board infrastructure.
TS499-SEM1-05,TS499,1,6,TS499-S05,68.88,47.36,False,64.0,64.39,64.49,56.91,50.96,Career guidance is helpful from the beginning.
TS499-SEM1-06,TS499,1,6,TS499-S06,71.58,65.57,False,50.84,72.27,63.86,64.95,54.98,Excellent labs and digital board infrastructure.
TS499-SEM1-07,TS499,1,6,TS499-S07,70.67,55.19,False,40.99,65.4,59.75,70.97,56.37,Good focus on practical sessions and mentoring.
TS499-SEM1-08,TS499,1,6,TS499-S08,71.83,62.9,False,51.05,48.83,54.51,58.1,52.49,"Strictness is moderate, allowing good learning freedom."
TS499-SEM1-09,TS499,1,6,TS499-S09,76.7,68.85,True,74.62,69.53,69.96,73.95,63.09,Teaching incorporates both fundamentals and modern practical tools.
TS499-SEM1-10,TS499,1,6,TS499-S10,73.19,76.71,False,48.34,51.0,49.51,61.16,46.1,"Strictness is moderate, allowing good learning freedom."
TS499-SEM1-11,TS499,1,6,TS499-S11,66.84,64.46,False,60.35,42.87,57.16,62.47,52.81,"Campus has trees and nature, very peaceful."
TS499-SEM1-12,TS499,1,6,TS499-S12,76.8,70.02,True,70.92,66.38,63.91,74.49,67.25,Career guidance is helpful from the beginning.
TS499-SEM1-13,TS499,1,6,TS499-S13,66.99,66.99,False,59.95,58.41,62.63,62.26,52.72,Good focus on practical sessions and mentoring.
TS499-SEM1-14,TS499,1,6,TS499-S14,74.2,54.16,False,59.77,56.46,58.57,64.39,57.62,Career guidance is helpful from the beginning.
TS500-SEM1-01,TS500,1,6,TS500-S01,70.14,56.52,False,50.44,71.08,49.24,66.53,51.85,"Strictness is moderate, allowing good learning freedom."
TS500-SEM1-02,TS500,1,6,TS500-S02,74.93,71.13,False,49.16,61.64,54.19,55.46,42.37,"Strictness is moderate, allowing good learning freedom."
TS500-SEM1-03,TS500,1,6,TS500-S03,78.33,57.41,True,68.17,66.72,64.13,69.52,60.42,Excellent labs and digital board infrastructure.
TS500-SEM1-04,TS500,1,6,TS500-S04,78.1,53.77,True,67.01,63.53,63.55,67.37,61.75,Teaching incorporates both fundamentals and modern practical tools.
TS500-SEM1-05,TS500,1,6,TS500-S05,73.27,69.78,False,51.24,51.82,46.84,62.1,42.1,Excellent labs and digital board infrastructure.
TS500-SEM1-06,TS500,1,6,TS500-S06,71.41,61.66,False,53.85,62.88,58.49,63.05,45.56,"Strictness is moderate, allowing good learning freedom."
TS500-SEM1-07,TS500,1,6,TS500-S07,74.64,66.23,False,51.85,72.99,56.9,70.26,42.15,"Campus has trees and nature, very peaceful."
TS500-SEM1-08,TS500,1,6,TS500-S08,66.16,54.26,False,49.66,56.56,54.89,73.07,47.13,Teaching incorporates both fundamentals and modern practical tools.
TS500-SEM1-09,TS500,1,6,TS500-S09,74.9,62.77,False,56.07,62.81,53.32,68.93,50.63,"Strictness is moderate, allowing good learning freedom."
TS500-SEM1-10,TS500,1,6,TS500-S10,77.18,62.45,True,62.21,59.57,58.28,73.83,68.24,Excellent labs and digital board infrastructure.
TS500-SEM1-11,TS500,1,6,TS500-S11,67.88,75.76,False,43.61,59.03,51.51,64.33,41.32,Career guidance is helpful from the beginning.
TS500-SEM1-12,TS500,1,6,TS500-S12,62.0,55.91,False,53.65,59.21,46.8,68.97,48.68,Teaching incorporates both fundamentals and modern practical tools.
TS500-SEM1-13,TS500,1,6,TS500-S13,76.52,58.62,True,72.5,66.34,65.52,67.85,66.04,Teaching incorporates both fundamentals and modern practical tools.
TS500-SEM1-14,TS500,1,6,TS500-S14,62.24,53.72,False,58.47,64.69,59.49,66.08,48.83,"Campus has trees and nature, very peaceful."
